--
-- PostgreSQL database dump
--

-- Dumped from database version 10.10
-- Dumped by pg_dump version 10.10

-- Started on 2020-10-22 09:22:03

SET statement_timeout = 0;
SET lock_timeout = 0;
SET idle_in_transaction_session_timeout = 0;
SET client_encoding = 'UTF8';
SET standard_conforming_strings = on;
SELECT pg_catalog.set_config('search_path', '', false);
SET check_function_bodies = false;
SET xmloption = content;
SET client_min_messages = warning;
SET row_security = off;

--
-- TOC entry 196 (class 1259 OID 280076)
-- Name: actor_actor_id_seq; Type: SEQUENCE; Schema: public; Owner: postgres
--

CREATE SEQUENCE public.actor_actor_id_seq
    START WITH 1
    INCREMENT BY 1
    NO MINVALUE
    NO MAXVALUE
    CACHE 1;


ALTER TABLE public.actor_actor_id_seq OWNER TO postgres;

SET default_tablespace = '';

SET default_with_oids = false;

--
-- TOC entry 197 (class 1259 OID 280078)
-- Name: actor; Type: TABLE; Schema: public; Owner: postgres
--

CREATE TABLE public.actor (
    actor_id integer DEFAULT nextval('public.actor_actor_id_seq'::regclass) NOT NULL,
    first_name character varying(45) NOT NULL,
    last_name character varying(45) NOT NULL,
    last_update timestamp without time zone DEFAULT now() NOT NULL
);


ALTER TABLE public.actor OWNER TO postgres;

--
-- TOC entry 198 (class 1259 OID 280083)
-- Name: address_address_id_seq; Type: SEQUENCE; Schema: public; Owner: postgres
--

CREATE SEQUENCE public.address_address_id_seq
    START WITH 1
    INCREMENT BY 1
    NO MINVALUE
    NO MAXVALUE
    CACHE 1;


ALTER TABLE public.address_address_id_seq OWNER TO postgres;

--
-- TOC entry 199 (class 1259 OID 280085)
-- Name: address; Type: TABLE; Schema: public; Owner: postgres
--

CREATE TABLE public.address (
    address_id integer DEFAULT nextval('public.address_address_id_seq'::regclass) NOT NULL,
    address character varying(50) NOT NULL,
    address2 character varying(50),
    district character varying(20) NOT NULL,
    city_id smallint NOT NULL,
    postal_code character varying(10),
    phone character varying(20) NOT NULL,
    last_update timestamp without time zone DEFAULT now() NOT NULL
);


ALTER TABLE public.address OWNER TO postgres;

--
-- TOC entry 200 (class 1259 OID 280090)
-- Name: category_category_id_seq; Type: SEQUENCE; Schema: public; Owner: postgres
--

CREATE SEQUENCE public.category_category_id_seq
    START WITH 1
    INCREMENT BY 1
    NO MINVALUE
    NO MAXVALUE
    CACHE 1;


ALTER TABLE public.category_category_id_seq OWNER TO postgres;

--
-- TOC entry 201 (class 1259 OID 280092)
-- Name: category; Type: TABLE; Schema: public; Owner: postgres
--

CREATE TABLE public.category (
    category_id integer DEFAULT nextval('public.category_category_id_seq'::regclass) NOT NULL,
    name character varying(25) NOT NULL,
    last_update timestamp without time zone DEFAULT now() NOT NULL
);


ALTER TABLE public.category OWNER TO postgres;

--
-- TOC entry 202 (class 1259 OID 280097)
-- Name: city_city_id_seq; Type: SEQUENCE; Schema: public; Owner: postgres
--

CREATE SEQUENCE public.city_city_id_seq
    START WITH 1
    INCREMENT BY 1
    NO MINVALUE
    NO MAXVALUE
    CACHE 1;


ALTER TABLE public.city_city_id_seq OWNER TO postgres;

--
-- TOC entry 203 (class 1259 OID 280099)
-- Name: city; Type: TABLE; Schema: public; Owner: postgres
--

CREATE TABLE public.city (
    city_id integer DEFAULT nextval('public.city_city_id_seq'::regclass) NOT NULL,
    city character varying(50) NOT NULL,
    country_id smallint NOT NULL,
    last_update timestamp without time zone DEFAULT now() NOT NULL
);


ALTER TABLE public.city OWNER TO postgres;

--
-- TOC entry 204 (class 1259 OID 280104)
-- Name: country_country_id_seq; Type: SEQUENCE; Schema: public; Owner: postgres
--

CREATE SEQUENCE public.country_country_id_seq
    START WITH 1
    INCREMENT BY 1
    NO MINVALUE
    NO MAXVALUE
    CACHE 1;


ALTER TABLE public.country_country_id_seq OWNER TO postgres;

--
-- TOC entry 205 (class 1259 OID 280106)
-- Name: country; Type: TABLE; Schema: public; Owner: postgres
--

CREATE TABLE public.country (
    country_id integer DEFAULT nextval('public.country_country_id_seq'::regclass) NOT NULL,
    country character varying(50) NOT NULL,
    last_update timestamp without time zone DEFAULT now() NOT NULL
);


ALTER TABLE public.country OWNER TO postgres;

--
-- TOC entry 206 (class 1259 OID 280111)
-- Name: customer_customer_id_seq; Type: SEQUENCE; Schema: public; Owner: postgres
--

CREATE SEQUENCE public.customer_customer_id_seq
    START WITH 1
    INCREMENT BY 1
    NO MINVALUE
    NO MAXVALUE
    CACHE 1;


ALTER TABLE public.customer_customer_id_seq OWNER TO postgres;

--
-- TOC entry 207 (class 1259 OID 280113)
-- Name: customer; Type: TABLE; Schema: public; Owner: postgres
--

CREATE TABLE public.customer (
    customer_id integer DEFAULT nextval('public.customer_customer_id_seq'::regclass) NOT NULL,
    store_id smallint NOT NULL,
    first_name character varying(45) NOT NULL,
    last_name character varying(45) NOT NULL,
    email character varying(50),
    address_id smallint NOT NULL,
    activebool boolean DEFAULT true NOT NULL,
    create_date date DEFAULT ('now'::text)::date NOT NULL,
    last_update timestamp without time zone DEFAULT now(),
    active integer
);


ALTER TABLE public.customer OWNER TO postgres;

--
-- TOC entry 208 (class 1259 OID 280120)
-- Name: film_film_id_seq; Type: SEQUENCE; Schema: public; Owner: postgres
--

CREATE SEQUENCE public.film_film_id_seq
    START WITH 1
    INCREMENT BY 1
    NO MINVALUE
    NO MAXVALUE
    CACHE 1;


ALTER TABLE public.film_film_id_seq OWNER TO postgres;

--
-- TOC entry 209 (class 1259 OID 280122)
-- Name: film; Type: TABLE; Schema: public; Owner: postgres
--

CREATE TABLE public.film (
    film_id integer DEFAULT nextval('public.film_film_id_seq'::regclass) NOT NULL,
    title character varying(255) NOT NULL,
    description text,
    release_year integer,
    language_id smallint NOT NULL,
    rental_duration smallint DEFAULT 3 NOT NULL,
    rental_rate numeric(4,2) DEFAULT 4.99 NOT NULL,
    length smallint,
    replacement_cost numeric(5,2) DEFAULT 19.99 NOT NULL,
    rating character varying(255),
    last_update timestamp without time zone DEFAULT now() NOT NULL,
    special_features text[],
    fulltext tsvector NOT NULL
);


ALTER TABLE public.film OWNER TO postgres;

--
-- TOC entry 210 (class 1259 OID 280133)
-- Name: film_actor; Type: TABLE; Schema: public; Owner: postgres
--

CREATE TABLE public.film_actor (
    actor_id smallint NOT NULL,
    film_id smallint NOT NULL,
    last_update timestamp without time zone DEFAULT now() NOT NULL
);


ALTER TABLE public.film_actor OWNER TO postgres;

--
-- TOC entry 211 (class 1259 OID 280137)
-- Name: film_category; Type: TABLE; Schema: public; Owner: postgres
--

CREATE TABLE public.film_category (
    film_id smallint NOT NULL,
    category_id smallint NOT NULL,
    last_update timestamp without time zone DEFAULT now() NOT NULL
);


ALTER TABLE public.film_category OWNER TO postgres;

--
-- TOC entry 212 (class 1259 OID 280141)
-- Name: inventory_inventory_id_seq; Type: SEQUENCE; Schema: public; Owner: postgres
--

CREATE SEQUENCE public.inventory_inventory_id_seq
    START WITH 1
    INCREMENT BY 1
    NO MINVALUE
    NO MAXVALUE
    CACHE 1;


ALTER TABLE public.inventory_inventory_id_seq OWNER TO postgres;

--
-- TOC entry 213 (class 1259 OID 280143)
-- Name: inventory; Type: TABLE; Schema: public; Owner: postgres
--

CREATE TABLE public.inventory (
    inventory_id integer DEFAULT nextval('public.inventory_inventory_id_seq'::regclass) NOT NULL,
    film_id smallint NOT NULL,
    store_id smallint NOT NULL,
    last_update timestamp without time zone DEFAULT now() NOT NULL
);


ALTER TABLE public.inventory OWNER TO postgres;

--
-- TOC entry 214 (class 1259 OID 280148)
-- Name: language_language_id_seq; Type: SEQUENCE; Schema: public; Owner: postgres
--

CREATE SEQUENCE public.language_language_id_seq
    START WITH 1
    INCREMENT BY 1
    NO MINVALUE
    NO MAXVALUE
    CACHE 1;


ALTER TABLE public.language_language_id_seq OWNER TO postgres;

--
-- TOC entry 215 (class 1259 OID 280150)
-- Name: language; Type: TABLE; Schema: public; Owner: postgres
--

CREATE TABLE public.language (
    language_id integer DEFAULT nextval('public.language_language_id_seq'::regclass) NOT NULL,
    name character(20) NOT NULL,
    last_update timestamp without time zone DEFAULT now() NOT NULL
);


ALTER TABLE public.language OWNER TO postgres;

--
-- TOC entry 216 (class 1259 OID 280155)
-- Name: payment_payment_id_seq; Type: SEQUENCE; Schema: public; Owner: postgres
--

CREATE SEQUENCE public.payment_payment_id_seq
    START WITH 1
    INCREMENT BY 1
    NO MINVALUE
    NO MAXVALUE
    CACHE 1;


ALTER TABLE public.payment_payment_id_seq OWNER TO postgres;

--
-- TOC entry 217 (class 1259 OID 280157)
-- Name: payment; Type: TABLE; Schema: public; Owner: postgres
--

CREATE TABLE public.payment (
    payment_id integer DEFAULT nextval('public.payment_payment_id_seq'::regclass) NOT NULL,
    customer_id smallint NOT NULL,
    staff_id smallint NOT NULL,
    rental_id integer NOT NULL,
    amount numeric(5,2) NOT NULL,
    payment_date timestamp without time zone NOT NULL
);


ALTER TABLE public.payment OWNER TO postgres;

--
-- TOC entry 218 (class 1259 OID 280161)
-- Name: rental_rental_id_seq; Type: SEQUENCE; Schema: public; Owner: postgres
--

CREATE SEQUENCE public.rental_rental_id_seq
    START WITH 1
    INCREMENT BY 1
    NO MINVALUE
    NO MAXVALUE
    CACHE 1;


ALTER TABLE public.rental_rental_id_seq OWNER TO postgres;

--
-- TOC entry 219 (class 1259 OID 280163)
-- Name: rental; Type: TABLE; Schema: public; Owner: postgres
--

CREATE TABLE public.rental (
    rental_id integer DEFAULT nextval('public.rental_rental_id_seq'::regclass) NOT NULL,
    rental_date timestamp without time zone NOT NULL,
    inventory_id integer NOT NULL,
    customer_id smallint NOT NULL,
    return_date timestamp without time zone,
    staff_id smallint NOT NULL,
    last_update timestamp without time zone DEFAULT now() NOT NULL
);


ALTER TABLE public.rental OWNER TO postgres;

--
-- TOC entry 220 (class 1259 OID 280168)
-- Name: staff_staff_id_seq; Type: SEQUENCE; Schema: public; Owner: postgres
--

CREATE SEQUENCE public.staff_staff_id_seq
    START WITH 1
    INCREMENT BY 1
    NO MINVALUE
    NO MAXVALUE
    CACHE 1;


ALTER TABLE public.staff_staff_id_seq OWNER TO postgres;

--
-- TOC entry 221 (class 1259 OID 280170)
-- Name: staff; Type: TABLE; Schema: public; Owner: postgres
--

CREATE TABLE public.staff (
    staff_id integer DEFAULT nextval('public.staff_staff_id_seq'::regclass) NOT NULL,
    first_name character varying(45) NOT NULL,
    last_name character varying(45) NOT NULL,
    address_id smallint NOT NULL,
    email character varying(50),
    store_id smallint NOT NULL,
    active boolean DEFAULT true NOT NULL,
    username character varying(16) NOT NULL,
    password character varying(40),
    last_update timestamp without time zone DEFAULT now() NOT NULL,
    picture bytea
);


ALTER TABLE public.staff OWNER TO postgres;

--
-- TOC entry 222 (class 1259 OID 280179)
-- Name: store_store_id_seq; Type: SEQUENCE; Schema: public; Owner: postgres
--

CREATE SEQUENCE public.store_store_id_seq
    START WITH 1
    INCREMENT BY 1
    NO MINVALUE
    NO MAXVALUE
    CACHE 1;


ALTER TABLE public.store_store_id_seq OWNER TO postgres;

--
-- TOC entry 223 (class 1259 OID 280181)
-- Name: store; Type: TABLE; Schema: public; Owner: postgres
--

CREATE TABLE public.store (
    store_id integer DEFAULT nextval('public.store_store_id_seq'::regclass) NOT NULL,
    manager_staff_id smallint NOT NULL,
    address_id smallint NOT NULL,
    last_update timestamp without time zone DEFAULT now() NOT NULL
);


ALTER TABLE public.store OWNER TO postgres;

--
-- TOC entry 2973 (class 0 OID 280078)
-- Dependencies: 197
-- Data for Name: actor; Type: TABLE DATA; Schema: public; Owner: postgres
--

COPY public.actor (actor_id, first_name, last_name, last_update) FROM stdin;
1	Penelope	Guiness	2013-05-26 14:47:57.62
2	Nick	Wahlberg	2013-05-26 14:47:57.62
3	Ed	Chase	2013-05-26 14:47:57.62
4	Jennifer	Davis	2013-05-26 14:47:57.62
5	Johnny	Lollobrigida	2013-05-26 14:47:57.62
6	Bette	Nicholson	2013-05-26 14:47:57.62
7	Grace	Mostel	2013-05-26 14:47:57.62
8	Matthew	Johansson	2013-05-26 14:47:57.62
9	Joe	Swank	2013-05-26 14:47:57.62
10	Christian	Gable	2013-05-26 14:47:57.62
11	Zero	Cage	2013-05-26 14:47:57.62
12	Karl	Berry	2013-05-26 14:47:57.62
13	Uma	Wood	2013-05-26 14:47:57.62
14	Vivien	Bergen	2013-05-26 14:47:57.62
15	Cuba	Olivier	2013-05-26 14:47:57.62
16	Fred	Costner	2013-05-26 14:47:57.62
17	Helen	Voight	2013-05-26 14:47:57.62
18	Dan	Torn	2013-05-26 14:47:57.62
19	Bob	Fawcett	2013-05-26 14:47:57.62
20	Lucille	Tracy	2013-05-26 14:47:57.62
21	Kirsten	Paltrow	2013-05-26 14:47:57.62
22	Elvis	Marx	2013-05-26 14:47:57.62
23	Sandra	Kilmer	2013-05-26 14:47:57.62
24	Cameron	Streep	2013-05-26 14:47:57.62
25	Kevin	Bloom	2013-05-26 14:47:57.62
26	Rip	Crawford	2013-05-26 14:47:57.62
27	Julia	Mcqueen	2013-05-26 14:47:57.62
28	Woody	Hoffman	2013-05-26 14:47:57.62
29	Alec	Wayne	2013-05-26 14:47:57.62
30	Sandra	Peck	2013-05-26 14:47:57.62
31	Sissy	Sobieski	2013-05-26 14:47:57.62
32	Tim	Hackman	2013-05-26 14:47:57.62
33	Milla	Peck	2013-05-26 14:47:57.62
34	Audrey	Olivier	2013-05-26 14:47:57.62
35	Judy	Dean	2013-05-26 14:47:57.62
36	Burt	Dukakis	2013-05-26 14:47:57.62
37	Val	Bolger	2013-05-26 14:47:57.62
38	Tom	Mckellen	2013-05-26 14:47:57.62
39	Goldie	Brody	2013-05-26 14:47:57.62
40	Johnny	Cage	2013-05-26 14:47:57.62
41	Jodie	Degeneres	2013-05-26 14:47:57.62
42	Tom	Miranda	2013-05-26 14:47:57.62
43	Kirk	Jovovich	2013-05-26 14:47:57.62
44	Nick	Stallone	2013-05-26 14:47:57.62
45	Reese	Kilmer	2013-05-26 14:47:57.62
46	Parker	Goldberg	2013-05-26 14:47:57.62
47	Julia	Barrymore	2013-05-26 14:47:57.62
48	Frances	Day-Lewis	2013-05-26 14:47:57.62
49	Anne	Cronyn	2013-05-26 14:47:57.62
50	Natalie	Hopkins	2013-05-26 14:47:57.62
51	Gary	Phoenix	2013-05-26 14:47:57.62
52	Carmen	Hunt	2013-05-26 14:47:57.62
53	Mena	Temple	2013-05-26 14:47:57.62
54	Penelope	Pinkett	2013-05-26 14:47:57.62
55	Fay	Kilmer	2013-05-26 14:47:57.62
56	Dan	Harris	2013-05-26 14:47:57.62
57	Jude	Cruise	2013-05-26 14:47:57.62
58	Christian	Akroyd	2013-05-26 14:47:57.62
59	Dustin	Tautou	2013-05-26 14:47:57.62
60	Henry	Berry	2013-05-26 14:47:57.62
61	Christian	Neeson	2013-05-26 14:47:57.62
62	Jayne	Neeson	2013-05-26 14:47:57.62
63	Cameron	Wray	2013-05-26 14:47:57.62
64	Ray	Johansson	2013-05-26 14:47:57.62
65	Angela	Hudson	2013-05-26 14:47:57.62
66	Mary	Tandy	2013-05-26 14:47:57.62
67	Jessica	Bailey	2013-05-26 14:47:57.62
68	Rip	Winslet	2013-05-26 14:47:57.62
69	Kenneth	Paltrow	2013-05-26 14:47:57.62
70	Michelle	Mcconaughey	2013-05-26 14:47:57.62
71	Adam	Grant	2013-05-26 14:47:57.62
72	Sean	Williams	2013-05-26 14:47:57.62
73	Gary	Penn	2013-05-26 14:47:57.62
74	Milla	Keitel	2013-05-26 14:47:57.62
75	Burt	Posey	2013-05-26 14:47:57.62
76	Angelina	Astaire	2013-05-26 14:47:57.62
77	Cary	Mcconaughey	2013-05-26 14:47:57.62
78	Groucho	Sinatra	2013-05-26 14:47:57.62
79	Mae	Hoffman	2013-05-26 14:47:57.62
80	Ralph	Cruz	2013-05-26 14:47:57.62
81	Scarlett	Damon	2013-05-26 14:47:57.62
82	Woody	Jolie	2013-05-26 14:47:57.62
83	Ben	Willis	2013-05-26 14:47:57.62
84	James	Pitt	2013-05-26 14:47:57.62
85	Minnie	Zellweger	2013-05-26 14:47:57.62
143	River	Dean	2013-05-26 14:47:57.62
86	Greg	Chaplin	2013-05-26 14:47:57.62
87	Spencer	Peck	2013-05-26 14:47:57.62
88	Kenneth	Pesci	2013-05-26 14:47:57.62
89	Charlize	Dench	2013-05-26 14:47:57.62
90	Sean	Guiness	2013-05-26 14:47:57.62
91	Christopher	Berry	2013-05-26 14:47:57.62
92	Kirsten	Akroyd	2013-05-26 14:47:57.62
93	Ellen	Presley	2013-05-26 14:47:57.62
94	Kenneth	Torn	2013-05-26 14:47:57.62
95	Daryl	Wahlberg	2013-05-26 14:47:57.62
96	Gene	Willis	2013-05-26 14:47:57.62
97	Meg	Hawke	2013-05-26 14:47:57.62
98	Chris	Bridges	2013-05-26 14:47:57.62
99	Jim	Mostel	2013-05-26 14:47:57.62
100	Spencer	Depp	2013-05-26 14:47:57.62
101	Susan	Davis	2013-05-26 14:47:57.62
102	Walter	Torn	2013-05-26 14:47:57.62
103	Matthew	Leigh	2013-05-26 14:47:57.62
104	Penelope	Cronyn	2013-05-26 14:47:57.62
105	Sidney	Crowe	2013-05-26 14:47:57.62
106	Groucho	Dunst	2013-05-26 14:47:57.62
107	Gina	Degeneres	2013-05-26 14:47:57.62
108	Warren	Nolte	2013-05-26 14:47:57.62
109	Sylvester	Dern	2013-05-26 14:47:57.62
110	Susan	Davis	2013-05-26 14:47:57.62
111	Cameron	Zellweger	2013-05-26 14:47:57.62
112	Russell	Bacall	2013-05-26 14:47:57.62
113	Morgan	Hopkins	2013-05-26 14:47:57.62
114	Morgan	Mcdormand	2013-05-26 14:47:57.62
115	Harrison	Bale	2013-05-26 14:47:57.62
116	Dan	Streep	2013-05-26 14:47:57.62
117	Renee	Tracy	2013-05-26 14:47:57.62
118	Cuba	Allen	2013-05-26 14:47:57.62
119	Warren	Jackman	2013-05-26 14:47:57.62
120	Penelope	Monroe	2013-05-26 14:47:57.62
121	Liza	Bergman	2013-05-26 14:47:57.62
122	Salma	Nolte	2013-05-26 14:47:57.62
123	Julianne	Dench	2013-05-26 14:47:57.62
124	Scarlett	Bening	2013-05-26 14:47:57.62
125	Albert	Nolte	2013-05-26 14:47:57.62
126	Frances	Tomei	2013-05-26 14:47:57.62
127	Kevin	Garland	2013-05-26 14:47:57.62
128	Cate	Mcqueen	2013-05-26 14:47:57.62
129	Daryl	Crawford	2013-05-26 14:47:57.62
130	Greta	Keitel	2013-05-26 14:47:57.62
131	Jane	Jackman	2013-05-26 14:47:57.62
132	Adam	Hopper	2013-05-26 14:47:57.62
133	Richard	Penn	2013-05-26 14:47:57.62
134	Gene	Hopkins	2013-05-26 14:47:57.62
135	Rita	Reynolds	2013-05-26 14:47:57.62
136	Ed	Mansfield	2013-05-26 14:47:57.62
137	Morgan	Williams	2013-05-26 14:47:57.62
138	Lucille	Dee	2013-05-26 14:47:57.62
139	Ewan	Gooding	2013-05-26 14:47:57.62
140	Whoopi	Hurt	2013-05-26 14:47:57.62
141	Cate	Harris	2013-05-26 14:47:57.62
142	Jada	Ryder	2013-05-26 14:47:57.62
144	Angela	Witherspoon	2013-05-26 14:47:57.62
145	Kim	Allen	2013-05-26 14:47:57.62
146	Albert	Johansson	2013-05-26 14:47:57.62
147	Fay	Winslet	2013-05-26 14:47:57.62
148	Emily	Dee	2013-05-26 14:47:57.62
149	Russell	Temple	2013-05-26 14:47:57.62
150	Jayne	Nolte	2013-05-26 14:47:57.62
151	Geoffrey	Heston	2013-05-26 14:47:57.62
152	Ben	Harris	2013-05-26 14:47:57.62
153	Minnie	Kilmer	2013-05-26 14:47:57.62
154	Meryl	Gibson	2013-05-26 14:47:57.62
155	Ian	Tandy	2013-05-26 14:47:57.62
156	Fay	Wood	2013-05-26 14:47:57.62
157	Greta	Malden	2013-05-26 14:47:57.62
158	Vivien	Basinger	2013-05-26 14:47:57.62
159	Laura	Brody	2013-05-26 14:47:57.62
160	Chris	Depp	2013-05-26 14:47:57.62
161	Harvey	Hope	2013-05-26 14:47:57.62
162	Oprah	Kilmer	2013-05-26 14:47:57.62
163	Christopher	West	2013-05-26 14:47:57.62
164	Humphrey	Willis	2013-05-26 14:47:57.62
165	Al	Garland	2013-05-26 14:47:57.62
166	Nick	Degeneres	2013-05-26 14:47:57.62
167	Laurence	Bullock	2013-05-26 14:47:57.62
168	Will	Wilson	2013-05-26 14:47:57.62
169	Kenneth	Hoffman	2013-05-26 14:47:57.62
170	Mena	Hopper	2013-05-26 14:47:57.62
171	Olympia	Pfeiffer	2013-05-26 14:47:57.62
172	Groucho	Williams	2013-05-26 14:47:57.62
173	Alan	Dreyfuss	2013-05-26 14:47:57.62
174	Michael	Bening	2013-05-26 14:47:57.62
175	William	Hackman	2013-05-26 14:47:57.62
176	Jon	Chase	2013-05-26 14:47:57.62
177	Gene	Mckellen	2013-05-26 14:47:57.62
178	Lisa	Monroe	2013-05-26 14:47:57.62
179	Ed	Guiness	2013-05-26 14:47:57.62
180	Jeff	Silverstone	2013-05-26 14:47:57.62
181	Matthew	Carrey	2013-05-26 14:47:57.62
182	Debbie	Akroyd	2013-05-26 14:47:57.62
183	Russell	Close	2013-05-26 14:47:57.62
184	Humphrey	Garland	2013-05-26 14:47:57.62
185	Michael	Bolger	2013-05-26 14:47:57.62
186	Julia	Zellweger	2013-05-26 14:47:57.62
187	Renee	Ball	2013-05-26 14:47:57.62
188	Rock	Dukakis	2013-05-26 14:47:57.62
189	Cuba	Birch	2013-05-26 14:47:57.62
190	Audrey	Bailey	2013-05-26 14:47:57.62
191	Gregory	Gooding	2013-05-26 14:47:57.62
192	John	Suvari	2013-05-26 14:47:57.62
193	Burt	Temple	2013-05-26 14:47:57.62
194	Meryl	Allen	2013-05-26 14:47:57.62
195	Jayne	Silverstone	2013-05-26 14:47:57.62
196	Bela	Walken	2013-05-26 14:47:57.62
197	Reese	West	2013-05-26 14:47:57.62
198	Mary	Keitel	2013-05-26 14:47:57.62
199	Julia	Fawcett	2013-05-26 14:47:57.62
200	Thora	Temple	2013-05-26 14:47:57.62
\.


--
-- TOC entry 2975 (class 0 OID 280085)
-- Dependencies: 199
-- Data for Name: address; Type: TABLE DATA; Schema: public; Owner: postgres
--

COPY public.address (address_id, address, address2, district, city_id, postal_code, phone, last_update) FROM stdin;
1	47 MySakila Drive	\N	Alberta	300			2006-02-15 09:45:30
2	28 MySQL Boulevard	\N	QLD	576			2006-02-15 09:45:30
3	23 Workhaven Lane	\N	Alberta	300		14033335568	2006-02-15 09:45:30
4	1411 Lillydale Drive	\N	QLD	576		6172235589	2006-02-15 09:45:30
5	1913 Hanoi Way		Nagasaki	463	35200	28303384290	2006-02-15 09:45:30
6	1121 Loja Avenue		California	449	17886	838635286649	2006-02-15 09:45:30
7	692 Joliet Street		Attika	38	83579	448477190408	2006-02-15 09:45:30
8	1566 Inegl Manor		Mandalay	349	53561	705814003527	2006-02-15 09:45:30
9	53 Idfu Parkway		Nantou	361	42399	10655648674	2006-02-15 09:45:30
10	1795 Santiago de Compostela Way		Texas	295	18743	860452626434	2006-02-15 09:45:30
11	900 Santiago de Compostela Parkway		Central Serbia	280	93896	716571220373	2006-02-15 09:45:30
12	478 Joliet Way		Hamilton	200	77948	657282285970	2006-02-15 09:45:30
13	613 Korolev Drive		Masqat	329	45844	380657522649	2006-02-15 09:45:30
14	1531 Sal Drive		Esfahan	162	53628	648856936185	2006-02-15 09:45:30
15	1542 Tarlac Parkway		Kanagawa	440	1027	635297277345	2006-02-15 09:45:30
16	808 Bhopal Manor		Haryana	582	10672	465887807014	2006-02-15 09:45:30
17	270 Amroha Parkway		Osmaniye	384	29610	695479687538	2006-02-15 09:45:30
18	770 Bydgoszcz Avenue		California	120	16266	517338314235	2006-02-15 09:45:30
19	419 Iligan Lane		Madhya Pradesh	76	72878	990911107354	2006-02-15 09:45:30
20	360 Toulouse Parkway		England	495	54308	949312333307	2006-02-15 09:45:30
21	270 Toulon Boulevard		Kalmykia	156	81766	407752414682	2006-02-15 09:45:30
22	320 Brest Avenue		Kaduna	252	43331	747791594069	2006-02-15 09:45:30
23	1417 Lancaster Avenue		Northern Cape	267	72192	272572357893	2006-02-15 09:45:30
24	1688 Okara Way		Nothwest Border Prov	327	21954	144453869132	2006-02-15 09:45:30
25	262 A Corua (La Corua) Parkway		Dhaka	525	34418	892775750063	2006-02-15 09:45:30
26	28 Charlotte Amalie Street		Rabat-Sal-Zammour-Z	443	37551	161968374323	2006-02-15 09:45:30
27	1780 Hino Boulevard		Liepaja	303	7716	902731229323	2006-02-15 09:45:30
28	96 Tafuna Way		Crdoba	128	99865	934730187245	2006-02-15 09:45:30
29	934 San Felipe de Puerto Plata Street		Sind	472	99780	196495945706	2006-02-15 09:45:30
30	18 Duisburg Boulevard			121	58327	998009777982	2006-02-15 09:45:30
31	217 Botshabelo Place		Southern Mindanao	138	49521	665356572025	2006-02-15 09:45:30
32	1425 Shikarpur Manor		Bihar	346	65599	678220867005	2006-02-15 09:45:30
33	786 Aurora Avenue		Yamaguchi	474	65750	18461860151	2006-02-15 09:45:30
34	1668 Anpolis Street		Taipei	316	50199	525255540978	2006-02-15 09:45:30
35	33 Gorontalo Way		West Bengali	257	30348	745994947458	2006-02-15 09:45:30
36	176 Mandaluyong Place		Uttar Pradesh	239	65213	627705991774	2006-02-15 09:45:30
37	127 Purnea (Purnia) Manor		Piemonte	17	79388	911872220378	2006-02-15 09:45:30
38	61 Tama Street		Okayama	284	94065	708403338270	2006-02-15 09:45:30
39	391 Callao Drive		Midi-Pyrnes	544	34021	440512153169	2006-02-15 09:45:30
40	334 Munger (Monghyr) Lane		Markazi	31	38145	481183273622	2006-02-15 09:45:30
41	1440 Fukuyama Loop		Henan	362	47929	912257250465	2006-02-15 09:45:30
42	269 Cam Ranh Parkway		Chisinau	115	34689	489783829737	2006-02-15 09:45:30
43	306 Antofagasta Place		Esprito Santo	569	3989	378318851631	2006-02-15 09:45:30
44	671 Graz Street		Oriental	353	94399	680768868518	2006-02-15 09:45:30
45	42 Brindisi Place		Yerevan	586	16744	42384721397	2006-02-15 09:45:30
46	1632 Bislig Avenue		Nonthaburi	394	61117	471675840679	2006-02-15 09:45:30
47	1447 Imus Way		Tahiti	167	48942	539758313890	2006-02-15 09:45:30
48	1998 Halifax Drive		Lipetsk	308	76022	177727722820	2006-02-15 09:45:30
49	1718 Valencia Street		Antofagasta	27	37359	675292816413	2006-02-15 09:45:30
50	46 Pjatigorsk Lane		Moscow (City)	343	23616	262076994845	2006-02-15 09:45:30
51	686 Garland Manor		Cear	247	52535	69493378813	2006-02-15 09:45:30
52	909 Garland Manor		Tatarstan	367	69367	705800322606	2006-02-15 09:45:30
53	725 Isesaki Place		Mekka	237	74428	876295323994	2006-02-15 09:45:30
54	115 Hidalgo Parkway		Khartum	379	80168	307703950263	2006-02-15 09:45:30
55	1135 Izumisano Parkway		California	171	48150	171822533480	2006-02-15 09:45:30
56	939 Probolinggo Loop		Galicia	1	4166	680428310138	2006-02-15 09:45:30
57	17 Kabul Boulevard		Chiba	355	38594	697760867968	2006-02-15 09:45:30
58	1964 Allappuzha (Alleppey) Street		Yamaguchi	227	48980	920811325222	2006-02-15 09:45:30
59	1697 Kowloon and New Kowloon Loop		Moskova	49	57807	499352017190	2006-02-15 09:45:30
60	1668 Saint Louis Place		Tahiti	397	39072	347487831378	2006-02-15 09:45:30
61	943 Tokat Street		Vaduz	560	45428	889318963672	2006-02-15 09:45:30
62	1114 Liepaja Street		Sarawak	282	69226	212869228936	2006-02-15 09:45:30
63	1213 Ranchi Parkway		Karnataka	350	94352	800024380485	2006-02-15 09:45:30
64	81 Hodeida Way		Rajasthan	231	55561	250767749542	2006-02-15 09:45:30
65	915 Ponce Place		Basel-Stadt	56	83980	1395251317	2006-02-15 09:45:30
66	1717 Guadalajara Lane		Missouri	441	85505	914090181665	2006-02-15 09:45:30
67	1214 Hanoi Way		Nebraska	306	67055	491001136577	2006-02-15 09:45:30
68	1966 Amroha Avenue		Sichuan	139	70385	333489324603	2006-02-15 09:45:30
69	698 Otsu Street		Cayenne	105	71110	409983924481	2006-02-15 09:45:30
70	1150 Kimchon Manor		Skne ln	321	96109	663449333709	2006-02-15 09:45:30
71	1586 Guaruj Place		Hunan	579	5135	947233365992	2006-02-15 09:45:30
72	57 Arlington Manor		Madhya Pradesh	475	48960	990214419142	2006-02-15 09:45:30
73	1031 Daugavpils Parkway		Bchar	63	59025	107137400143	2006-02-15 09:45:30
74	1124 Buenaventura Drive		Mekka	13	6856	407733804223	2006-02-15 09:45:30
75	492 Cam Ranh Street		Eastern Visayas	61	50805	565018274456	2006-02-15 09:45:30
76	89 Allappuzha (Alleppey) Manor		National Capital Reg	517	75444	255800440636	2006-02-15 09:45:30
77	1947 Poos de Caldas Boulevard		Chiayi	114	60951	427454485876	2006-02-15 09:45:30
78	1206 Dos Quebradas Place		So Paulo	431	20207	241832790687	2006-02-15 09:45:30
79	1551 Rampur Lane		Changhwa	108	72394	251164340471	2006-02-15 09:45:30
80	602 Paarl Street		Pavlodar	402	98889	896314772871	2006-02-15 09:45:30
81	1692 Ede Loop		So Paulo	30	9223	918711376618	2006-02-15 09:45:30
82	936 Salzburg Lane		Uttar Pradesh	425	96709	875756771675	2006-02-15 09:45:30
83	586 Tete Way		Kanagawa	256	1079	18581624103	2006-02-15 09:45:30
84	1888 Kabul Drive		Oyo & Osun	217	20936	701457319790	2006-02-15 09:45:30
85	320 Baiyin Parkway		Mahajanga	319	37307	223664661973	2006-02-15 09:45:30
86	927 Baha Blanca Parkway		Krim	479	9495	821972242086	2006-02-15 09:45:30
87	929 Tallahassee Loop		Gauteng	497	74671	800716535041	2006-02-15 09:45:30
88	125 Citt del Vaticano Boulevard		Puebla	40	67912	48417642933	2006-02-15 09:45:30
89	1557 Ktahya Boulevard		England	88	88002	720998247660	2006-02-15 09:45:30
90	870 Ashqelon Loop		Songkhla	489	84931	135117278909	2006-02-15 09:45:30
91	1740 Portoviejo Avenue		Sucre	480	29932	198123170793	2006-02-15 09:45:30
92	1942 Ciparay Parkway		Cheju	113	82624	978987363654	2006-02-15 09:45:30
93	1926 El Alto Avenue		Buenos Aires	289	75543	846225459260	2006-02-15 09:45:30
94	1952 Chatsworth Drive		Guangdong	332	25958	991562402283	2006-02-15 09:45:30
95	1370 Le Mans Avenue		Brunei and Muara	53	52163	345679835036	2006-02-15 09:45:30
96	984 Effon-Alaiye Avenue		Gois	183	17119	132986892228	2006-02-15 09:45:30
97	832 Nakhon Sawan Manor		Inner Mongolia	592	49021	275595571388	2006-02-15 09:45:30
98	152 Kitwe Parkway		Caraga	82	53182	835433605312	2006-02-15 09:45:30
99	1697 Tanauan Lane		Punjab	399	22870	4764773857	2006-02-15 09:45:30
100	1308 Arecibo Way		Georgia	41	30695	6171054059	2006-02-15 09:45:30
101	1599 Plock Drive		Tete	534	71986	817248913162	2006-02-15 09:45:30
102	669 Firozabad Loop		Abu Dhabi	12	92265	412903167998	2006-02-15 09:45:30
103	588 Vila Velha Manor		Kyongsangbuk	268	51540	333339908719	2006-02-15 09:45:30
104	1913 Kamakura Place		Lipetsk	238	97287	942570536750	2006-02-15 09:45:30
105	733 Mandaluyong Place		Asir	2	77459	196568435814	2006-02-15 09:45:30
106	659 Vaduz Drive		Ha Darom	34	49708	709935135487	2006-02-15 09:45:30
107	1177 Jelets Way		Kwara & Kogi	220	3305	484292626944	2006-02-15 09:45:30
108	1386 Yangor Avenue		Provence-Alpes-Cte	543	80720	449216226468	2006-02-15 09:45:30
109	454 Nakhon Sawan Boulevard		Funafuti	173	76383	963887147572	2006-02-15 09:45:30
110	1867 San Juan Bautista Tuxtepec Avenue		Ivanovo	225	78311	547003310357	2006-02-15 09:45:30
111	1532 Dzerzinsk Way		Buenos Aires	334	9599	330838016880	2006-02-15 09:45:30
112	1002 Ahmadnagar Manor		Mxico	213	93026	371490777743	2006-02-15 09:45:30
113	682 Junan Way		North West	273	30418	622255216127	2006-02-15 09:45:30
114	804 Elista Drive		Hubei	159	61069	379804592943	2006-02-15 09:45:30
115	1378 Alvorada Avenue		Distrito Federal	102	75834	272234298332	2006-02-15 09:45:30
116	793 Cam Ranh Avenue		California	292	87057	824370924746	2006-02-15 09:45:30
117	1079 Tel Aviv-Jaffa Boulevard		Sucre	132	10885	358178933857	2006-02-15 09:45:30
118	442 Rae Bareli Place		Nordrhein-Westfalen	148	24321	886636413768	2006-02-15 09:45:30
119	1107 Nakhon Sawan Avenue		Mxico	365	75149	867546627903	2006-02-15 09:45:30
120	544 Malm Parkway		Central Java	403	63502	386759646229	2006-02-15 09:45:30
121	1967 Sincelejo Place		Gujarat	176	73644	577812616052	2006-02-15 09:45:30
122	333 Goinia Way		Texas	185	78625	909029256431	2006-02-15 09:45:30
123	1987 Coacalco de Berriozbal Loop		al-Qalyubiya	476	96065	787654415858	2006-02-15 09:45:30
124	241 Mosul Lane		Risaralda	147	76157	765345144779	2006-02-15 09:45:30
125	211 Chiayi Drive		Uttar Pradesh	164	58186	665993880048	2006-02-15 09:45:30
126	1175 Tanauan Way		Lima	305	64615	937222955822	2006-02-15 09:45:30
127	117 Boa Vista Way		Uttar Pradesh	566	6804	677976133614	2006-02-15 09:45:30
128	848 Tafuna Manor		Ktahya	281	45142	614935229095	2006-02-15 09:45:30
129	569 Baicheng Lane		Gauteng	85	60304	490211944645	2006-02-15 09:45:30
130	1666 Qomsheh Drive		So Paulo	410	66255	582835362905	2006-02-15 09:45:30
131	801 Hagonoy Drive		Smolensk	484	8439	237426099212	2006-02-15 09:45:30
132	1050 Garden Grove Avenue		Slaskie	236	4999	973047364353	2006-02-15 09:45:30
133	1854 Tieli Street		Shandong	302	15819	509492324775	2006-02-15 09:45:30
134	758 Junan Lane		Gois	190	82639	935448624185	2006-02-15 09:45:30
135	1752 So Leopoldo Parkway		Taka-Karpatia	345	14014	252265130067	2006-02-15 09:45:30
136	898 Belm Manor		Free State	87	49757	707169393853	2006-02-15 09:45:30
137	261 Saint Louis Way		Coahuila de Zaragoza	541	83401	321944036800	2006-02-15 09:45:30
138	765 Southampton Drive		al-Qalyubiya	421	4285	23712411567	2006-02-15 09:45:30
139	943 Johannesburg Avenue		Maharashtra	417	5892	90921003005	2006-02-15 09:45:30
140	788 Atinsk Street		Karnataka	211	81691	146497509724	2006-02-15 09:45:30
141	1749 Daxian Place		Gelderland	29	11044	963369996279	2006-02-15 09:45:30
142	1587 Sullana Lane		Inner Mongolia	207	85769	468060467018	2006-02-15 09:45:30
143	1029 Dzerzinsk Manor		Ynlin	542	57519	33173584456	2006-02-15 09:45:30
144	1666 Beni-Mellal Place		Tennessee	123	13377	9099941466	2006-02-15 09:45:30
145	928 Jaffna Loop		Hiroshima	172	93762	581852137991	2006-02-15 09:45:30
146	483 Ljubertsy Parkway		Scotland	149	60562	581174211853	2006-02-15 09:45:30
147	374 Bat Yam Boulevard		Kilis	266	97700	923261616249	2006-02-15 09:45:30
148	1027 Songkhla Manor		Minsk	340	30861	563660187896	2006-02-15 09:45:30
149	999 Sanaa Loop		Gauteng	491	3439	918032330119	2006-02-15 09:45:30
150	879 Newcastle Way		Michigan	499	90732	206841104594	2006-02-15 09:45:30
151	1337 Lincoln Parkway		Saitama	555	99457	597815221267	2006-02-15 09:45:30
152	1952 Pune Lane		Saint-Denis	442	92150	354615066969	2006-02-15 09:45:30
153	782 Mosul Street		Massachusetts	94	25545	885899703621	2006-02-15 09:45:30
154	781 Shimonoseki Drive		Michoacn de Ocampo	202	95444	632316273199	2006-02-15 09:45:30
155	1560 Jelets Boulevard		Shandong	291	77777	189446090264	2006-02-15 09:45:30
156	1963 Moscow Place		Assam	354	64863	761379480249	2006-02-15 09:45:30
157	456 Escobar Way		Jakarta Raya	232	36061	719202533520	2006-02-15 09:45:30
158	798 Cianjur Avenue		Shanxi	590	76990	499408708580	2006-02-15 09:45:30
159	185 Novi Sad Place		Bern	72	41778	904253967161	2006-02-15 09:45:30
160	1367 Yantai Manor		Ondo & Ekiti	381	21294	889538496300	2006-02-15 09:45:30
161	1386 Nakhon Sawan Boulevard		Pyongyang-si	420	53502	368899174225	2006-02-15 09:45:30
162	369 Papeete Way		North Carolina	187	66639	170117068815	2006-02-15 09:45:30
163	1440 Compton Place		North Austria	307	81037	931059836497	2006-02-15 09:45:30
164	1623 Baha Blanca Manor		Moskova	310	81511	149981248346	2006-02-15 09:45:30
165	97 Shimoga Avenue		Tel Aviv	533	44660	177167004331	2006-02-15 09:45:30
166	1740 Le Mans Loop		Pays de la Loire	297	22853	168476538960	2006-02-15 09:45:30
167	1287 Xiangfan Boulevard		Gifu	253	57844	819416131190	2006-02-15 09:45:30
168	842 Salzburg Lane		Adana	529	3313	697151428760	2006-02-15 09:45:30
169	154 Tallahassee Loop		Xinxiang	199	62250	935508855935	2006-02-15 09:45:30
170	710 San Felipe del Progreso Avenue		Lilongwe	304	76901	843801144113	2006-02-15 09:45:30
171	1540 Wroclaw Drive		Maharashtra	107	62686	182363341674	2006-02-15 09:45:30
172	475 Atinsk Way		Gansu	240	59571	201705577290	2006-02-15 09:45:30
173	1294 Firozabad Drive		Jiangxi	407	70618	161801569569	2006-02-15 09:45:30
174	1877 Ezhou Lane		Rajasthan	550	63337	264541743403	2006-02-15 09:45:30
175	316 Uruapan Street		Perak	223	58194	275788967899	2006-02-15 09:45:30
176	29 Pyongyang Loop		Batman	58	47753	734780743462	2006-02-15 09:45:30
177	1010 Klerksdorp Way		Steiermark	186	6802	493008546874	2006-02-15 09:45:30
178	1848 Salala Boulevard		Miranda	373	25220	48265851133	2006-02-15 09:45:30
179	431 Xiangtan Avenue		Kerala	18	4854	230250973122	2006-02-15 09:45:30
180	757 Rustenburg Avenue		Skikda	483	89668	506134035434	2006-02-15 09:45:30
181	146 Johannesburg Way		Tamaulipas	330	54132	953689007081	2006-02-15 09:45:30
182	1891 Rizhao Boulevard		So Paulo	456	47288	391065549876	2006-02-15 09:45:30
183	1089 Iwatsuki Avenue		Kirov	270	35109	866092335135	2006-02-15 09:45:30
184	1410 Benin City Parkway		Risaralda	405	29747	104150372603	2006-02-15 09:45:30
185	682 Garden Grove Place		Tennessee	333	67497	72136330362	2006-02-15 09:45:30
186	533 al-Ayn Boulevard		California	126	8862	662227486184	2006-02-15 09:45:30
187	1839 Szkesfehrvr Parkway		Gois	317	55709	947468818183	2006-02-15 09:45:30
188	741 Ambattur Manor		Noord-Brabant	438	43310	302590383819	2006-02-15 09:45:30
189	927 Barcelona Street		Chaharmahal va Bakht	467	65121	951486492670	2006-02-15 09:45:30
190	435 0 Way		West Bengali	195	74750	760171523969	2006-02-15 09:45:30
191	140 Chiayi Parkway		Sumy	506	38982	855863906434	2006-02-15 09:45:30
192	1166 Changhwa Street		Caraga	62	58852	650752094490	2006-02-15 09:45:30
193	891 Novi Sad Manor		Ontario	383	5379	247646995453	2006-02-15 09:45:30
194	605 Rio Claro Parkway		Tabora	513	49348	352469351088	2006-02-15 09:45:30
195	1077 San Felipe de Puerto Plata Place		Rostov-na-Donu	369	65387	812824036424	2006-02-15 09:45:30
196	9 San Miguel de Tucumn Manor		Uttar Pradesh	169	90845	956188728558	2006-02-15 09:45:30
197	447 Surakarta Loop		Nyanza	271	10428	940830176580	2006-02-15 09:45:30
198	345 Oshawa Boulevard		Tokyo-to	204	32114	104491201771	2006-02-15 09:45:30
199	1792 Valle de la Pascua Place		Nordrhein-Westfalen	477	15540	419419591240	2006-02-15 09:45:30
200	1074 Binzhou Manor		Baden-Wrttemberg	325	36490	331132568928	2006-02-15 09:45:30
201	817 Bradford Loop		Jiangsu	109	89459	264286442804	2006-02-15 09:45:30
202	955 Bamenda Way		Ondo & Ekiti	218	1545	768481779568	2006-02-15 09:45:30
203	1149 A Corua (La Corua) Boulevard		Haiphong	194	95824	470884141195	2006-02-15 09:45:30
204	387 Mwene-Ditu Drive		Ahal	35	8073	764477681869	2006-02-15 09:45:30
205	68 Molodetno Manor		Nordrhein-Westfalen	575	4662	146640639760	2006-02-15 09:45:30
206	642 Nador Drive		Maharashtra	77	3924	369050085652	2006-02-15 09:45:30
207	1688 Nador Lane		Sulawesi Utara	184	61613	652218196731	2006-02-15 09:45:30
208	1215 Pyongyang Parkway		Usak	557	25238	646237101779	2006-02-15 09:45:30
209	1679 Antofagasta Street		Alto Paran	122	86599	905903574913	2006-02-15 09:45:30
210	1304 s-Hertogenbosch Way		Santa Catarina	83	10925	90336226227	2006-02-15 09:45:30
211	850 Salala Loop		Kitaa	371	10800	403404780639	2006-02-15 09:45:30
212	624 Oshawa Boulevard		West Bengali	51	89959	49677664184	2006-02-15 09:45:30
213	43 Dadu Avenue		Rajasthan	74	4855	95666951770	2006-02-15 09:45:30
214	751 Lima Loop		Aden	7	99405	756460337785	2006-02-15 09:45:30
215	1333 Haldia Street		Jilin	174	82161	408304391718	2006-02-15 09:45:30
216	660 Jedda Boulevard		Washington	65	25053	168758068397	2006-02-15 09:45:30
217	1001 Miyakonojo Lane		Taizz	518	67924	584316724815	2006-02-15 09:45:30
218	226 Brest Manor		California	508	2299	785881412500	2006-02-15 09:45:30
219	1229 Valencia Parkway		Haskovo	498	99124	352679173732	2006-02-15 09:45:30
220	1201 Qomsheh Manor		Gois	28	21464	873492228462	2006-02-15 09:45:30
221	866 Shivapuri Manor		Uttar Pradesh	448	22474	778502731092	2006-02-15 09:45:30
222	1168 Najafabad Parkway		Kabol	251	40301	886649065861	2006-02-15 09:45:30
223	1244 Allappuzha (Alleppey) Place		Buenos Aires	567	20657	991802825778	2006-02-15 09:45:30
224	1842 Luzinia Boulevard		Zanzibar West	593	94420	706878974831	2006-02-15 09:45:30
225	1926 Gingoog Street		Sisilia	511	22824	469738825391	2006-02-15 09:45:30
226	810 Palghat (Palakkad) Boulevard		Jaroslavl	235	73431	516331171356	2006-02-15 09:45:30
227	1820 Maring Parkway		Punjab	324	88307	99760893676	2006-02-15 09:45:30
228	60 Poos de Caldas Street		Rajasthan	243	82338	963063788669	2006-02-15 09:45:30
229	1014 Loja Manor		Tamil Nadu	22	66851	460795526514	2006-02-15 09:45:30
230	201 Effon-Alaiye Way		Asuncin	37	64344	684192903087	2006-02-15 09:45:30
231	430 Alessandria Loop		Saarland	439	47446	669828224459	2006-02-15 09:45:30
232	754 Valencia Place		Phnom Penh	406	87911	594319417514	2006-02-15 09:45:30
233	356 Olomouc Manor		Gois	26	93323	22326410776	2006-02-15 09:45:30
234	1256 Bislig Boulevard		Botosani	86	50598	479007229460	2006-02-15 09:45:30
235	954 Kimchon Place		West Bengali	559	42420	541327526474	2006-02-15 09:45:30
236	885 Yingkou Manor		Kaduna	596	31390	588964509072	2006-02-15 09:45:30
237	1736 Cavite Place		Qina	216	98775	431770603551	2006-02-15 09:45:30
238	346 Skikda Parkway		Hawalli	233	90628	630424482919	2006-02-15 09:45:30
239	98 Stara Zagora Boulevard		Valle	96	76448	610173756082	2006-02-15 09:45:30
240	1479 Rustenburg Boulevard		Southern Tagalog	527	18727	727785483194	2006-02-15 09:45:30
241	647 A Corua (La Corua) Street		Chollanam	357	36971	792557457753	2006-02-15 09:45:30
242	1964 Gijn Manor		Karnataka	473	14408	918119601885	2006-02-15 09:45:30
243	47 Syktyvkar Lane		West Java	118	22236	63937119031	2006-02-15 09:45:30
244	1148 Saarbrcken Parkway		Fukushima	226	1921	137773001988	2006-02-15 09:45:30
245	1103 Bilbays Parkway		Hubei	578	87660	279979529227	2006-02-15 09:45:30
246	1246 Boksburg Parkway		Hebei	422	28349	890283544295	2006-02-15 09:45:30
247	1483 Pathankot Street		Tucumn	454	37288	686015532180	2006-02-15 09:45:30
248	582 Papeete Loop		Central Visayas	294	27722	569868543137	2006-02-15 09:45:30
249	300 Junan Street		Kyonggi	553	81314	890289150158	2006-02-15 09:45:30
250	829 Grand Prairie Way		Paran	328	6461	741070712873	2006-02-15 09:45:30
251	1473 Changhwa Parkway		Mxico	124	75933	266798132374	2006-02-15 09:45:30
252	1309 Weifang Street		Florida	520	57338	435785045362	2006-02-15 09:45:30
253	1760 Oshawa Manor		Tianjin	535	38140	56257502250	2006-02-15 09:45:30
254	786 Stara Zagora Way		Oyo & Osun	390	98332	716256596301	2006-02-15 09:45:30
255	1966 Tonghae Street		Anhalt Sachsen	198	36481	567359279425	2006-02-15 09:45:30
256	1497 Yuzhou Drive		England	312	3433	246810237916	2006-02-15 09:45:30
258	752 Ondo Loop		Miyazaki	338	32474	134673576619	2006-02-15 09:45:30
259	1338 Zalantun Lane		Minas Gerais	413	45403	840522972766	2006-02-15 09:45:30
260	127 Iwakuni Boulevard		Central Luzon	192	20777	987442542471	2006-02-15 09:45:30
261	51 Laredo Avenue		Sagaing	342	68146	884536620568	2006-02-15 09:45:30
262	771 Yaound Manor		Sofala	64	86768	245477603573	2006-02-15 09:45:30
263	532 Toulon Street		Santiago	460	69517	46871694740	2006-02-15 09:45:30
264	1027 Banjul Place		West Bengali	197	50390	538241037443	2006-02-15 09:45:30
265	1158 Mandi Bahauddin Parkway		Shanxi	136	98484	276555730211	2006-02-15 09:45:30
266	862 Xintai Lane		Cagayan Valley	548	30065	265153400632	2006-02-15 09:45:30
267	816 Cayenne Parkway		Manab	414	93629	282874611748	2006-02-15 09:45:30
268	1831 Nam Dinh Loop		National Capital Reg	323	51990	322888976727	2006-02-15 09:45:30
269	446 Kirovo-Tepetsk Lane		Osaka	203	19428	303967439816	2006-02-15 09:45:30
270	682 Halisahar Place		Severn Morava	378	20536	475553436330	2006-02-15 09:45:30
271	1587 Loja Manor		Salzburg	447	5410	621625204422	2006-02-15 09:45:30
272	1762 Paarl Parkway		Hunan	298	53928	192459639410	2006-02-15 09:45:30
273	1519 Ilorin Place		Kerala	395	49298	357445645426	2006-02-15 09:45:30
274	920 Kumbakonam Loop		California	446	75090	685010736240	2006-02-15 09:45:30
275	906 Goinia Way		Wielkopolskie	255	83565	701767622697	2006-02-15 09:45:30
276	1675 Xiangfan Manor		Tamil Nadu	283	11763	271149517630	2006-02-15 09:45:30
277	85 San Felipe de Puerto Plata Drive		Shandong	584	46063	170739645687	2006-02-15 09:45:30
278	144 South Hill Loop		Guanajuato	445	2012	45387294817	2006-02-15 09:45:30
279	1884 Shikarpur Avenue		Haryana	263	85548	959949395183	2006-02-15 09:45:30
280	1980 Kamjanets-Podilskyi Street		Illinois	404	89502	874337098891	2006-02-15 09:45:30
281	1944 Bamenda Way		Michigan	573	24645	75975221996	2006-02-15 09:45:30
282	556 Baybay Manor		Oyo & Osun	374	55802	363982224739	2006-02-15 09:45:30
283	457 Tongliao Loop		Bursa	222	56254	880756161823	2006-02-15 09:45:30
284	600 Bradford Street		East Azerbaidzan	514	96204	117592274996	2006-02-15 09:45:30
285	1006 Santa Brbara dOeste Manor		Ondo & Ekiti	389	36229	85059738746	2006-02-15 09:45:30
286	1308 Sumy Loop		Fujian	175	30657	583021225407	2006-02-15 09:45:30
287	1405 Chisinau Place		Ponce	411	8160	62781725285	2006-02-15 09:45:30
288	226 Halifax Street		Xinxiang	277	58492	790651020929	2006-02-15 09:45:30
289	1279 Udine Parkway		Edo & Delta	69	75860	195003555232	2006-02-15 09:45:30
290	1336 Benin City Drive		Shiga	386	46044	341242939532	2006-02-15 09:45:30
291	1155 Liaocheng Place		Oyo & Osun	152	22650	558236142492	2006-02-15 09:45:30
292	1993 Tabuk Lane		Tamil Nadu	522	64221	648482415405	2006-02-15 09:45:30
293	86 Higashiosaka Lane		Guanajuato	563	33768	957128697225	2006-02-15 09:45:30
294	1912 Allende Manor		Kowloon and New Kowl	279	58124	172262454487	2006-02-15 09:45:30
295	544 Tarsus Boulevard		Gurico	562	53145	892523334	2006-02-15 09:45:30
296	1936 Cuman Avenue		Virginia	433	61195	976798660411	2006-02-15 09:45:30
297	1192 Tongliao Street		Sharja	470	19065	350970907017	2006-02-15 09:45:30
298	44 Najafabad Way		Baskimaa	146	61391	96604821070	2006-02-15 09:45:30
299	32 Pudukkottai Lane		Ohio	140	38834	967274728547	2006-02-15 09:45:30
300	661 Chisinau Lane		Pietari	274	8856	816436065431	2006-02-15 09:45:30
301	951 Stara Zagora Manor		Punjab	400	98573	429925609431	2006-02-15 09:45:30
302	922 Vila Velha Loop		Maharashtra	9	4085	510737228015	2006-02-15 09:45:30
303	898 Jining Lane		Pohjois-Pohjanmaa	387	40070	161643343536	2006-02-15 09:45:30
304	1635 Kuwana Boulevard		Hiroshima	205	52137	710603868323	2006-02-15 09:45:30
305	41 El Alto Parkway		Maharashtra	398	56883	51917807050	2006-02-15 09:45:30
306	1883 Maikop Lane		Kaliningrad	254	68469	96110042435	2006-02-15 09:45:30
307	1908 Gaziantep Place		Liaoning	536	58979	108053751300	2006-02-15 09:45:30
308	687 Alessandria Parkway		Sanaa	455	57587	407218522294	2006-02-15 09:45:30
309	827 Yuncheng Drive		Callao	99	79047	504434452842	2006-02-15 09:45:30
310	913 Coacalco de Berriozbal Loop		Texas	33	42141	262088367001	2006-02-15 09:45:30
311	715 So Bernardo do Campo Lane		Kedah	507	84804	181179321332	2006-02-15 09:45:30
312	1354 Siegen Street		Rio de Janeiro	25	80184	573441801529	2006-02-15 09:45:30
313	1191 Sungai Petani Boulevard		Missouri	262	9668	983259819766	2006-02-15 09:45:30
314	1224 Huejutla de Reyes Boulevard		Lombardia	91	70923	806016930576	2006-02-15 09:45:30
315	543 Bergamo Avenue		Minas Gerais	215	59686	103602195112	2006-02-15 09:45:30
316	746 Joliet Lane		Kursk	286	94878	688485191923	2006-02-15 09:45:30
317	780 Kimberley Way		Tabuk	515	17032	824396883951	2006-02-15 09:45:30
318	1774 Yaound Place		Hubei	166	91400	613124286867	2006-02-15 09:45:30
319	1957 Yantai Lane		So Paulo	490	59255	704948322302	2006-02-15 09:45:30
320	1542 Lubumbashi Boulevard		Tel Aviv	57	62472	508800331065	2006-02-15 09:45:30
321	651 Pathankot Loop		Maharashtra	336	59811	139378397418	2006-02-15 09:45:30
322	1359 Zhoushan Parkway		Streymoyar	545	29763	46568045367	2006-02-15 09:45:30
323	1769 Iwaki Lane		Kujawsko-Pomorskie	97	25787	556100547674	2006-02-15 09:45:30
324	1145 Vilnius Manor		Mxico	451	73170	674805712553	2006-02-15 09:45:30
325	1892 Nabereznyje Telny Lane		Tutuila	516	28396	478229987054	2006-02-15 09:45:30
326	470 Boksburg Street		Central	81	97960	908029859266	2006-02-15 09:45:30
327	1427 A Corua (La Corua) Place		Buenos Aires	45	85799	972574862516	2006-02-15 09:45:30
328	479 San Felipe del Progreso Avenue		Morelos	130	54949	869051782691	2006-02-15 09:45:30
329	867 Benin City Avenue		Henan	591	78543	168884817145	2006-02-15 09:45:30
330	981 Kumbakonam Place		Distrito Federal	89	87611	829116184079	2006-02-15 09:45:30
331	1016 Iwakuni Street		St George	269	49833	961370847344	2006-02-15 09:45:30
332	663 Baha Blanca Parkway		Adana	5	33463	834418779292	2006-02-15 09:45:30
333	1860 Taguig Loop		West Java	119	59550	38158430589	2006-02-15 09:45:30
334	1816 Bydgoszcz Loop		Dhaka	234	64308	965273813662	2006-02-15 09:45:30
335	587 Benguela Manor		Illinois	42	91590	165450987037	2006-02-15 09:45:30
336	430 Kumbakonam Drive		Santa F	457	28814	105470691550	2006-02-15 09:45:30
337	1838 Tabriz Lane		Dhaka	143	1195	38988715447	2006-02-15 09:45:30
338	431 Szkesfehrvr Avenue		Baki	48	57828	119501405123	2006-02-15 09:45:30
339	503 Sogamoso Loop		Sumqayit	505	49812	834626715837	2006-02-15 09:45:30
340	507 Smolensk Loop		Sousse	492	22971	80303246192	2006-02-15 09:45:30
341	1920 Weifang Avenue		Uttar Pradesh	427	15643	869507847714	2006-02-15 09:45:30
342	124 al-Manama Way		Hiroshima	382	52368	647899404952	2006-02-15 09:45:30
343	1443 Mardan Street		Western Cape	392	31483	231383037471	2006-02-15 09:45:30
344	1909 Benguela Lane		Henan	581	19913	624138001031	2006-02-15 09:45:30
345	68 Ponce Parkway		Hanoi	201	85926	870635127812	2006-02-15 09:45:30
346	1217 Konotop Avenue		Gelderland	151	504	718917251754	2006-02-15 09:45:30
347	1293 Nam Dinh Way		Roraima	84	71583	697656479977	2006-02-15 09:45:30
348	785 Vaduz Street		Baja California	335	36170	895616862749	2006-02-15 09:45:30
349	1516 Escobar Drive		Tongatapu	370	46069	64536069371	2006-02-15 09:45:30
350	1628 Nagareyama Lane		Central	453	60079	20064292617	2006-02-15 09:45:30
351	1157 Nyeri Loop		Adygea	320	56380	262744791493	2006-02-15 09:45:30
352	1673 Tangail Drive		Daugavpils	137	26857	627924259271	2006-02-15 09:45:30
353	381 Kabul Way		Taipei	209	87272	55477302294	2006-02-15 09:45:30
354	953 Hodeida Street		Southern Tagalog	221	18841	53912826864	2006-02-15 09:45:30
355	469 Nakhon Sawan Street		Tuvassia	531	58866	689199636560	2006-02-15 09:45:30
356	1378 Beira Loop		Krasnojarsk	597	40792	840957664136	2006-02-15 09:45:30
357	1641 Changhwa Place		Nord-Ouest	52	37636	256546485220	2006-02-15 09:45:30
358	1698 Southport Loop		Hidalgo	393	49009	754358349853	2006-02-15 09:45:30
359	519 Nyeri Manor		So Paulo	461	37650	764680915323	2006-02-15 09:45:30
360	619 Hunuco Avenue		Shimane	331	81508	142596392389	2006-02-15 09:45:30
361	45 Aparecida de Goinia Place		Madhya Pradesh	464	7431	650496654258	2006-02-15 09:45:30
362	482 Kowloon and New Kowloon Manor		Bratislava	90	97056	738968474939	2006-02-15 09:45:30
363	604 Bern Place		Jharkhand	429	5373	620719383725	2006-02-15 09:45:30
364	1623 Kingstown Drive		Buenos Aires	20	91299	296394569728	2006-02-15 09:45:30
365	1009 Zanzibar Lane		Arecibo	32	64875	102396298916	2006-02-15 09:45:30
366	114 Jalib al-Shuyukh Manor		Centre	585	60440	845378657301	2006-02-15 09:45:30
367	1163 London Parkway		Par	66	6066	675120358494	2006-02-15 09:45:30
368	1658 Jastrzebie-Zdrj Loop		Central	372	96584	568367775448	2006-02-15 09:45:30
369	817 Laredo Avenue		Jalisco	188	77449	151249681135	2006-02-15 09:45:30
370	1565 Tangail Manor		Okinawa	377	45750	634445428822	2006-02-15 09:45:30
371	1912 Emeishan Drive		Balikesir	50	33050	99883471275	2006-02-15 09:45:30
372	230 Urawa Drive		Andhra Pradesh	8	2738	166898395731	2006-02-15 09:45:30
373	1922 Miraj Way		Esfahan	356	13203	320471479776	2006-02-15 09:45:30
374	433 Florencia Street		Chihuahua	250	91330	561729882725	2006-02-15 09:45:30
375	1049 Matamoros Parkway		Karnataka	191	69640	960505250340	2006-02-15 09:45:30
376	1061 Ede Avenue		Southern Tagalog	98	57810	333390595558	2006-02-15 09:45:30
377	154 Oshawa Manor		East Java	415	72771	440365973660	2006-02-15 09:45:30
378	1191 Tandil Drive		Southern Tagalog	523	6362	45554316010	2006-02-15 09:45:30
379	1133 Rizhao Avenue		Pernambuco	572	2800	600264533987	2006-02-15 09:45:30
380	1519 Santiago de los Caballeros Loop		East Kasai	348	22025	409315295763	2006-02-15 09:45:30
381	1618 Olomouc Manor		Kurgan	285	26385	96846695220	2006-02-15 09:45:30
382	220 Hidalgo Drive		Kermanshah	265	45298	342720754566	2006-02-15 09:45:30
383	686 Donostia-San Sebastin Lane		Guangdong	471	97390	71857599858	2006-02-15 09:45:30
384	97 Mogiljov Lane		Gujarat	73	89294	924815207181	2006-02-15 09:45:30
385	1642 Charlotte Amalie Drive		Slaskie	549	75442	821476736117	2006-02-15 09:45:30
386	1368 Maracabo Boulevard			493	32716	934352415130	2006-02-15 09:45:30
387	401 Sucre Boulevard		New Hampshire	322	25007	486395999608	2006-02-15 09:45:30
388	368 Hunuco Boulevard		Namibe	360	17165	106439158941	2006-02-15 09:45:30
389	500 Lincoln Parkway		Jiangsu	210	95509	550306965159	2006-02-15 09:45:30
390	102 Chapra Drive		Ibaragi	521	14073	776031833752	2006-02-15 09:45:30
391	1793 Meixian Place		Hmelnytskyi	258	33535	619966287415	2006-02-15 09:45:30
392	514 Ife Way		Shaba	315	69973	900235712074	2006-02-15 09:45:30
393	717 Changzhou Lane		Southern Tagalog	104	21615	426255288071	2006-02-15 09:45:30
394	753 Ilorin Avenue		Sichuan	157	3656	464511145118	2006-02-15 09:45:30
395	1337 Mit Ghamr Avenue		Nakhon Sawan	358	29810	175283210378	2006-02-15 09:45:30
396	767 Pyongyang Drive		Osaka	229	83536	667736124769	2006-02-15 09:45:30
397	614 Pak Kret Street		Addis Abeba	6	27796	47808359842	2006-02-15 09:45:30
398	954 Lapu-Lapu Way		Moskova	278	8816	737229003916	2006-02-15 09:45:30
399	331 Bydgoszcz Parkway		Asturia	181	966	537374465982	2006-02-15 09:45:30
400	1152 Citrus Heights Manor		al-Qadarif	15	5239	765957414528	2006-02-15 09:45:30
401	168 Cianjur Manor		Saitama	228	73824	679095087143	2006-02-15 09:45:30
402	616 Hagonoy Avenue		Krasnojarsk	39	46043	604177838256	2006-02-15 09:45:30
403	1190 0 Place		Rio Grande do Sul	44	10417	841876514789	2006-02-15 09:45:30
404	734 Bchar Place		Punjab	375	30586	280578750435	2006-02-15 09:45:30
405	530 Lausanne Lane		Texas	135	11067	775235029633	2006-02-15 09:45:30
406	454 Patiala Lane		Fukushima	276	13496	794553031307	2006-02-15 09:45:30
407	1346 Mysore Drive		Bretagne	92	61507	516647474029	2006-02-15 09:45:30
408	990 Etawah Loop		Tamil Nadu	564	79940	206169448769	2006-02-15 09:45:30
409	1266 Laredo Parkway		Saitama	380	7664	1483365694	2006-02-15 09:45:30
410	88 Nagaon Manor		Buenos Aires	524	86868	779461480495	2006-02-15 09:45:30
411	264 Bhimavaram Manor		St Thomas	111	54749	302526949177	2006-02-15 09:45:30
412	1639 Saarbrcken Drive		North West	437	9827	328494873422	2006-02-15 09:45:30
413	692 Amroha Drive		Northern	230	35575	359478883004	2006-02-15 09:45:30
414	1936 Lapu-Lapu Parkway		Bauchi & Gombe	141	7122	653436985797	2006-02-15 09:45:30
415	432 Garden Grove Street		Ontario	430	65630	615964523510	2006-02-15 09:45:30
416	1445 Carmen Parkway		West Java	117	70809	598912394463	2006-02-15 09:45:30
417	791 Salinas Street		Punjab	208	40509	129953030512	2006-02-15 09:45:30
418	126 Acua Parkway		West Bengali	71	58888	480039662421	2006-02-15 09:45:30
419	397 Sunnyvale Avenue		Guanajuato	19	55566	680851640676	2006-02-15 09:45:30
420	992 Klerksdorp Loop		Utrecht	23	33711	855290087237	2006-02-15 09:45:30
421	966 Arecibo Loop		Sind	134	94018	15273765306	2006-02-15 09:45:30
422	289 Santo Andr Manor		al-Sharqiya	16	72410	214976066017	2006-02-15 09:45:30
423	437 Chungho Drive		Puerto Plata	450	59489	491271355190	2006-02-15 09:45:30
424	1948 Bayugan Parkway		Bihar	264	60622	987306329957	2006-02-15 09:45:30
425	1866 al-Qatif Avenue		California	155	89420	546793516940	2006-02-15 09:45:30
426	1661 Abha Drive		Tamil Nadu	416	14400	270456873752	2006-02-15 09:45:30
427	1557 Cape Coral Parkway		Hubei	293	46875	368284120423	2006-02-15 09:45:30
428	1727 Matamoros Place		Sawhaj	465	78813	129673677866	2006-02-15 09:45:30
429	1269 Botosani Manor		Guangdong	468	47394	736517327853	2006-02-15 09:45:30
430	355 Vitria de Santo Anto Way		Oaxaca	452	81758	548003849552	2006-02-15 09:45:30
431	1596 Acua Parkway		Jharkhand	418	70425	157133457169	2006-02-15 09:45:30
432	259 Ipoh Drive		So Paulo	189	64964	419009857119	2006-02-15 09:45:30
433	1823 Hoshiarpur Lane		Komi	510	33191	307133768620	2006-02-15 09:45:30
434	1404 Taguig Drive		Okayama	547	87212	572068624538	2006-02-15 09:45:30
435	740 Udaipur Lane		Nizni Novgorod	150	33505	497288595103	2006-02-15 09:45:30
436	287 Cuautla Boulevard		Chuquisaca	501	72736	82619513349	2006-02-15 09:45:30
437	1766 Almirante Brown Street		KwaZulu-Natal	364	63104	617567598243	2006-02-15 09:45:30
438	596 Huixquilucan Place		Nampula	351	65892	342709348083	2006-02-15 09:45:30
439	1351 Aparecida de Goinia Parkway		Northern Mindanao	391	41775	959834530529	2006-02-15 09:45:30
440	722 Bradford Lane		Shandong	249	90920	746251338300	2006-02-15 09:45:30
441	983 Santa F Way		British Colombia	565	47472	145720452260	2006-02-15 09:45:30
442	1245 Ibirit Way		La Romana	290	40926	331888642162	2006-02-15 09:45:30
443	1836 Korla Parkway		Copperbelt	272	55405	689681677428	2006-02-15 09:45:30
444	231 Kaliningrad Place		Lombardia	70	57833	575081026569	2006-02-15 09:45:30
445	495 Bhimavaram Lane		Maharashtra	144	3	82088937724	2006-02-15 09:45:30
446	1924 Shimonoseki Drive		Batna	59	52625	406784385440	2006-02-15 09:45:30
447	105 Dzerzinsk Manor		Inner Mongolia	540	48570	240776414296	2006-02-15 09:45:30
448	614 Denizli Parkway		Rio Grande do Sul	486	29444	876491807547	2006-02-15 09:45:30
449	1289 Belm Boulevard		Tartumaa	530	88306	237368926031	2006-02-15 09:45:30
450	203 Tambaram Street		Buenos Aires	161	73942	411549550611	2006-02-15 09:45:30
451	1704 Tambaram Manor		West Bengali	554	2834	39463554936	2006-02-15 09:45:30
452	207 Cuernavaca Loop		Tatarstan	352	52671	782900030287	2006-02-15 09:45:30
453	319 Springs Loop		Baijeri	160	99552	72524459905	2006-02-15 09:45:30
454	956 Nam Dinh Manor		Kerman	481	21872	474047727727	2006-02-15 09:45:30
455	1947 Paarl Way		Central Java	509	23636	834061016202	2006-02-15 09:45:30
456	814 Simferopol Loop		Sinaloa	154	48745	524567129902	2006-02-15 09:45:30
457	535 Ahmadnagar Manor		Abu Dhabi	3	41136	985109775584	2006-02-15 09:45:30
458	138 Caracas Boulevard		Zulia	326	16790	974433019532	2006-02-15 09:45:30
459	251 Florencia Drive		Michoacn de Ocampo	556	16119	118011831565	2006-02-15 09:45:30
460	659 Gatineau Boulevard		La Paz	153	28587	205524798287	2006-02-15 09:45:30
461	1889 Valparai Way		Ziguinchor	600	75559	670370974122	2006-02-15 09:45:30
462	1485 Bratislava Place		Illinois	435	83183	924663855568	2006-02-15 09:45:30
463	935 Aden Boulevard		Central Java	532	64709	335052544020	2006-02-15 09:45:30
464	76 Kermanshah Manor		Esfahan	423	23343	762361821578	2006-02-15 09:45:30
465	734 Tanshui Avenue		Caquet	170	70664	366776723320	2006-02-15 09:45:30
466	118 Jaffna Loop		Northern Mindanao	182	10447	325526730021	2006-02-15 09:45:30
467	1621 Tongliao Avenue		Irkutsk	558	22173	209342540247	2006-02-15 09:45:30
468	1844 Usak Avenue		Nova Scotia	196	84461	164414772677	2006-02-15 09:45:30
469	1872 Toulon Loop		OHiggins	428	7939	928809465153	2006-02-15 09:45:30
470	1088 Ibirit Place		Jalisco	595	88502	49084281333	2006-02-15 09:45:30
471	1322 Mosul Parkway		Shandong	145	95400	268053970382	2006-02-15 09:45:30
472	1447 Chatsworth Place		Chihuahua	129	41545	769370126331	2006-02-15 09:45:30
473	1257 Guadalajara Street		Karnataka	78	33599	195337700615	2006-02-15 09:45:30
474	1469 Plock Lane		Galicia	388	95835	622884741180	2006-02-15 09:45:30
475	434 Ourense (Orense) Manor		Hodeida	206	14122	562370137426	2006-02-15 09:45:30
476	270 Tambaram Parkway		Gauteng	244	9668	248446668735	2006-02-15 09:45:30
477	1786 Salinas Place		Nam Ha	359	66546	206060652238	2006-02-15 09:45:30
478	1078 Stara Zagora Drive		Aceh	301	69221	932992626595	2006-02-15 09:45:30
479	1854 Okara Boulevard		Drenthe	158	42123	131912793873	2006-02-15 09:45:30
480	421 Yaound Street		Sumy	385	11363	726875628268	2006-02-15 09:45:30
481	1153 Allende Way		Qubec	179	20336	856872225376	2006-02-15 09:45:30
482	808 Naala-Porto Parkway		England	500	41060	553452430707	2006-02-15 09:45:30
483	632 Usolje-Sibirskoje Parkway		Ha Darom	36	73085	667648979883	2006-02-15 09:45:30
484	98 Pyongyang Boulevard		Ohio	11	88749	191958435142	2006-02-15 09:45:30
485	984 Novoterkassk Loop		Gaziantep	180	28165	435118527255	2006-02-15 09:45:30
486	64 Korla Street		Mwanza	347	25145	510383179153	2006-02-15 09:45:30
487	1785 So Bernardo do Campo Street		Veracruz	125	71182	684529463244	2006-02-15 09:45:30
488	698 Jelets Boulevard		Denizli	142	2596	975185523021	2006-02-15 09:45:30
489	1297 Alvorada Parkway		Ningxia	587	11839	508348602835	2006-02-15 09:45:30
490	1909 Dayton Avenue		Guangdong	469	88513	702955450528	2006-02-15 09:45:30
491	1789 Saint-Denis Parkway		Coahuila de Zaragoza	4	8268	936806643983	2006-02-15 09:45:30
492	185 Mannheim Lane		Stavropol	408	23661	589377568313	2006-02-15 09:45:30
493	184 Mandaluyong Street		Baja California Sur	288	94239	488425406814	2006-02-15 09:45:30
494	591 Sungai Petani Drive		Okayama	376	46400	37247325001	2006-02-15 09:45:30
495	656 Matamoros Drive		Boyac	487	19489	17305839123	2006-02-15 09:45:30
496	775 ostka Drive		al-Daqahliya	337	22358	171973024401	2006-02-15 09:45:30
497	1013 Tabuk Boulevard		West Bengali	261	96203	158399646978	2006-02-15 09:45:30
498	319 Plock Parkway		Istanbul	504	26101	854259976812	2006-02-15 09:45:30
499	1954 Kowloon and New Kowloon Way		Chimborazo	434	63667	898559280434	2006-02-15 09:45:30
500	362 Rajkot Lane		Gansu	47	98030	962020153680	2006-02-15 09:45:30
501	1060 Tandil Lane		Shandong	432	72349	211256301880	2006-02-15 09:45:30
502	1515 Korla Way		England	589	57197	959467760895	2006-02-15 09:45:30
503	1416 San Juan Bautista Tuxtepec Avenue		Zufar	444	50592	144206758053	2006-02-15 09:45:30
504	1 Valle de Santiago Avenue		Apulia	93	86208	465897838272	2006-02-15 09:45:30
505	519 Brescia Parkway		East Java	318	69504	793996678771	2006-02-15 09:45:30
506	414 Mandaluyong Street		Lubelskie	314	16370	52709222667	2006-02-15 09:45:30
507	1197 Sokoto Boulevard		West Bengali	478	87687	868602816371	2006-02-15 09:45:30
508	496 Celaya Drive		Nagano	552	90797	759586584889	2006-02-15 09:45:30
509	786 Matsue Way		Illinois	245	37469	111177206479	2006-02-15 09:45:30
510	48 Maracabo Place		Central Luzon	519	1570	82671830126	2006-02-15 09:45:30
511	1152 al-Qatif Lane		Kalimantan Barat	412	44816	131370665218	2006-02-15 09:45:30
512	1269 Ipoh Avenue		Eskisehir	163	54674	402630109080	2006-02-15 09:45:30
513	758 Korolev Parkway		Andhra Pradesh	568	75474	441628280920	2006-02-15 09:45:30
514	1747 Rustenburg Place		Bihar	110	51369	442673923363	2006-02-15 09:45:30
515	886 Tonghae Place		Volgograd	259	19450	711928348157	2006-02-15 09:45:30
516	1574 Goinia Boulevard		Heilongjiang	502	39529	59634255214	2006-02-15 09:45:30
517	548 Uruapan Street		Ontario	312	35653	879347453467	2006-02-15 09:45:30
519	962 Tama Loop			583	65952	282667506728	2006-02-15 09:45:30
520	1778 Gijn Manor		Hubei	594	35156	288910576761	2006-02-15 09:45:30
521	568 Dhule (Dhulia) Loop		Coquimbo	127	92568	602101369463	2006-02-15 09:45:30
522	1768 Udine Loop		Battambang	60	32347	448876499197	2006-02-15 09:45:30
523	608 Birgunj Parkway		Taipei	116	400	627425618482	2006-02-15 09:45:30
524	680 A Corua (La Corua) Manor		Sivas	482	49806	158326114853	2006-02-15 09:45:30
525	1949 Sanya Street		Gumma	224	61244	132100972047	2006-02-15 09:45:30
526	617 Klerksdorp Place		Khanh Hoa	366	94707	574973479129	2006-02-15 09:45:30
527	1993 0 Loop		Liaoning	588	41214	25865528181	2006-02-15 09:45:30
528	1176 Southend-on-Sea Manor		Southern Tagalog	458	81651	236679267178	2006-02-15 09:45:30
529	600 Purnea (Purnia) Avenue		Nghe An	571	18043	638409958875	2006-02-15 09:45:30
530	1003 Qinhuangdao Street		West Java	419	25972	35533115997	2006-02-15 09:45:30
531	1986 Sivas Place		Friuli-Venezia Giuli	551	95775	182059202712	2006-02-15 09:45:30
532	1427 Tabuk Place		Florida	101	31342	214756839122	2006-02-15 09:45:30
533	556 Asuncin Way		Mogiljov	339	35364	338244023543	2006-02-15 09:45:30
534	486 Ondo Parkway		Benguela	67	35202	105882218332	2006-02-15 09:45:30
535	635 Brest Manor		Andhra Pradesh	75	40899	80593242951	2006-02-15 09:45:30
536	166 Jinchang Street		Buenos Aires	165	86760	717566026669	2006-02-15 09:45:30
537	958 Sagamihara Lane		Mie	287	88408	427274926505	2006-02-15 09:45:30
538	1817 Livorno Way		Khanh Hoa	100	79401	478380208348	2006-02-15 09:45:30
539	1332 Gaziantep Lane		Shandong	80	22813	383353187467	2006-02-15 09:45:30
540	949 Allende Lane		Uttar Pradesh	24	67521	122981120653	2006-02-15 09:45:30
541	195 Ilorin Street		Chari-Baguirmi	363	49250	8912935608	2006-02-15 09:45:30
542	193 Bhusawal Place		Kang-won	539	9750	745267607502	2006-02-15 09:45:30
543	43 Vilnius Manor		Colorado	42	79814	484500282381	2006-02-15 09:45:30
544	183 Haiphong Street		Jilin	46	69953	488600270038	2006-02-15 09:45:30
545	163 Augusta-Richmond County Loop		Carabobo	561	33030	754579047924	2006-02-15 09:45:30
546	191 Jos Azueta Parkway		Ruse	436	13629	932156667696	2006-02-15 09:45:30
547	379 Lublin Parkway		Toscana	309	74568	921960450089	2006-02-15 09:45:30
548	1658 Cuman Loop		Sumatera Selatan	396	51309	784907335610	2006-02-15 09:45:30
549	454 Qinhuangdao Drive		Tadla-Azilal	68	25866	786270036240	2006-02-15 09:45:30
550	1715 Okayama Street		So Paulo	485	55676	169352919175	2006-02-15 09:45:30
551	182 Nukualofa Drive		Sumy	275	15414	426346224043	2006-02-15 09:45:30
552	390 Wroclaw Way		Hainan	462	5753	357593328658	2006-02-15 09:45:30
553	1421 Quilmes Lane		Ishikawa	260	19151	135407755975	2006-02-15 09:45:30
554	947 Trshavn Place		Central Luzon	528	841	50898428626	2006-02-15 09:45:30
555	1764 Jalib al-Shuyukh Parkway		Galicia	459	77642	84794532510	2006-02-15 09:45:30
556	346 Cam Ranh Avenue		Zhejiang	599	39976	978430786151	2006-02-15 09:45:30
557	1407 Pachuca de Soto Place		Rio Grande do Sul	21	26284	380077794770	2006-02-15 09:45:30
558	904 Clarksville Drive		Zhejiang	193	52234	955349440539	2006-02-15 09:45:30
559	1917 Kumbakonam Parkway		Vojvodina	368	11892	698182547686	2006-02-15 09:45:30
560	1447 Imus Place		Gujarat	426	12905	62127829280	2006-02-15 09:45:30
561	1497 Fengshan Drive		KwaZulu-Natal	112	63022	368738360376	2006-02-15 09:45:30
562	869 Shikarpur Way		England	496	57380	590764256785	2006-02-15 09:45:30
563	1059 Yuncheng Avenue		Vilna	570	47498	107092893983	2006-02-15 09:45:30
564	505 Madiun Boulevard		Dolnoslaskie	577	97271	970638808606	2006-02-15 09:45:30
565	1741 Hoshiarpur Boulevard		al-Sharqiya	79	22372	855066328617	2006-02-15 09:45:30
566	1229 Varanasi (Benares) Manor		Buenos Aires	43	40195	817740355461	2006-02-15 09:45:30
567	1894 Boa Vista Way		Texas	178	77464	239357986667	2006-02-15 09:45:30
568	1342 Sharja Way		Sokoto & Kebbi & Zam	488	93655	946114054231	2006-02-15 09:45:30
569	1342 Abha Boulevard		Bukarest	95	10714	997453607116	2006-02-15 09:45:30
570	415 Pune Avenue		Shandong	580	44274	203202500108	2006-02-15 09:45:30
571	1746 Faaa Way		Huanuco	214	32515	863080561151	2006-02-15 09:45:30
572	539 Hami Way		Tokat	538	52196	525518075499	2006-02-15 09:45:30
573	1407 Surakarta Manor		Moskova	466	33224	324346485054	2006-02-15 09:45:30
574	502 Mandi Bahauddin Parkway		Anzotegui	55	15992	618156722572	2006-02-15 09:45:30
575	1052 Pathankot Avenue		Sichuan	299	77397	128499386727	2006-02-15 09:45:30
576	1351 Sousse Lane		Coahuila de Zaragoza	341	37815	203804046132	2006-02-15 09:45:30
577	1501 Pangkal Pinang Avenue		Mazowieckie	409	943	770864062795	2006-02-15 09:45:30
578	1405 Hagonoy Avenue		Slaskie	133	86587	867287719310	2006-02-15 09:45:30
579	521 San Juan Bautista Tuxtepec Place		Qaraghandy	598	95093	844018348565	2006-02-15 09:45:30
580	923 Tangail Boulevard		Tokyo-to	10	33384	315528269898	2006-02-15 09:45:30
581	186 Skikda Lane		Morelos	131	89422	14465669789	2006-02-15 09:45:30
582	1568 Celaya Parkway		Kaohsiung	168	34750	278669994384	2006-02-15 09:45:30
583	1489 Kakamigahara Lane		Taipei	526	98883	29341849811	2006-02-15 09:45:30
584	1819 Alessandria Loop		Campeche	103	53829	377633994405	2006-02-15 09:45:30
585	1208 Tama Loop		Ninawa	344	73605	954786054144	2006-02-15 09:45:30
586	951 Springs Lane		Central Mindanao	219	96115	165164761435	2006-02-15 09:45:30
587	760 Miyakonojo Drive		Guerrero	246	64682	294449058179	2006-02-15 09:45:30
588	966 Asuncin Way		Hidalgo	212	62703	995527378381	2006-02-15 09:45:30
589	1584 Ljubertsy Lane		England	494	22954	285710089439	2006-02-15 09:45:30
590	247 Jining Parkway		Banjul	54	53446	170115379190	2006-02-15 09:45:30
591	773 Dallas Manor		Buenos Aires	424	12664	914466027044	2006-02-15 09:45:30
592	1923 Stara Zagora Lane		Nantou	546	95179	182178609211	2006-02-15 09:45:30
593	1402 Zanzibar Boulevard		Guanajuato	106	71102	387448063440	2006-02-15 09:45:30
594	1464 Kursk Parkway		Shandong	574	17381	338758048786	2006-02-15 09:45:30
595	1074 Sanaa Parkway		Loja	311	22474	154124128457	2006-02-15 09:45:30
596	1759 Niznekamsk Avenue		al-Manama	14	39414	864392582257	2006-02-15 09:45:30
597	32 Liaocheng Way		Minas Gerais	248	1944	410877354933	2006-02-15 09:45:30
598	42 Fontana Avenue		Fejr	512	14684	437829801725	2006-02-15 09:45:30
599	1895 Zhezqazghan Drive		California	177	36693	137809746111	2006-02-15 09:45:30
600	1837 Kaduna Parkway		Inner Mongolia	241	82580	640843562301	2006-02-15 09:45:30
601	844 Bucuresti Place		Liaoning	242	36603	935952366111	2006-02-15 09:45:30
602	1101 Bucuresti Boulevard		West Greece	401	97661	199514580428	2006-02-15 09:45:30
603	1103 Quilmes Boulevard		Piura	503	52137	644021380889	2006-02-15 09:45:30
604	1331 Usak Boulevard		Vaud	296	61960	145308717464	2006-02-15 09:45:30
605	1325 Fukuyama Street		Heilongjiang	537	27107	288241215394	2006-02-15 09:45:30
\.


--
-- TOC entry 2977 (class 0 OID 280092)
-- Dependencies: 201
-- Data for Name: category; Type: TABLE DATA; Schema: public; Owner: postgres
--

COPY public.category (category_id, name, last_update) FROM stdin;
1	Action	2006-02-15 09:46:27
2	Animation	2006-02-15 09:46:27
3	Children	2006-02-15 09:46:27
4	Classics	2006-02-15 09:46:27
5	Comedy	2006-02-15 09:46:27
6	Documentary	2006-02-15 09:46:27
7	Drama	2006-02-15 09:46:27
8	Family	2006-02-15 09:46:27
9	Foreign	2006-02-15 09:46:27
10	Games	2006-02-15 09:46:27
11	Horror	2006-02-15 09:46:27
12	Music	2006-02-15 09:46:27
13	New	2006-02-15 09:46:27
14	Sci-Fi	2006-02-15 09:46:27
15	Sports	2006-02-15 09:46:27
16	Travel	2006-02-15 09:46:27
\.


--
-- TOC entry 2979 (class 0 OID 280099)
-- Dependencies: 203
-- Data for Name: city; Type: TABLE DATA; Schema: public; Owner: postgres
--

COPY public.city (city_id, city, country_id, last_update) FROM stdin;
1	A Corua (La Corua)	87	2006-02-15 09:45:25
2	Abha	82	2006-02-15 09:45:25
3	Abu Dhabi	101	2006-02-15 09:45:25
4	Acua	60	2006-02-15 09:45:25
5	Adana	97	2006-02-15 09:45:25
6	Addis Abeba	31	2006-02-15 09:45:25
7	Aden	107	2006-02-15 09:45:25
8	Adoni	44	2006-02-15 09:45:25
9	Ahmadnagar	44	2006-02-15 09:45:25
10	Akishima	50	2006-02-15 09:45:25
11	Akron	103	2006-02-15 09:45:25
12	al-Ayn	101	2006-02-15 09:45:25
13	al-Hawiya	82	2006-02-15 09:45:25
14	al-Manama	11	2006-02-15 09:45:25
15	al-Qadarif	89	2006-02-15 09:45:25
16	al-Qatif	82	2006-02-15 09:45:25
17	Alessandria	49	2006-02-15 09:45:25
18	Allappuzha (Alleppey)	44	2006-02-15 09:45:25
19	Allende	60	2006-02-15 09:45:25
20	Almirante Brown	6	2006-02-15 09:45:25
21	Alvorada	15	2006-02-15 09:45:25
22	Ambattur	44	2006-02-15 09:45:25
23	Amersfoort	67	2006-02-15 09:45:25
24	Amroha	44	2006-02-15 09:45:25
25	Angra dos Reis	15	2006-02-15 09:45:25
26	Anpolis	15	2006-02-15 09:45:25
27	Antofagasta	22	2006-02-15 09:45:25
28	Aparecida de Goinia	15	2006-02-15 09:45:25
29	Apeldoorn	67	2006-02-15 09:45:25
30	Araatuba	15	2006-02-15 09:45:25
31	Arak	46	2006-02-15 09:45:25
32	Arecibo	77	2006-02-15 09:45:25
33	Arlington	103	2006-02-15 09:45:25
34	Ashdod	48	2006-02-15 09:45:25
35	Ashgabat	98	2006-02-15 09:45:25
36	Ashqelon	48	2006-02-15 09:45:25
37	Asuncin	73	2006-02-15 09:45:25
38	Athenai	39	2006-02-15 09:45:25
39	Atinsk	80	2006-02-15 09:45:25
40	Atlixco	60	2006-02-15 09:45:25
41	Augusta-Richmond County	103	2006-02-15 09:45:25
42	Aurora	103	2006-02-15 09:45:25
43	Avellaneda	6	2006-02-15 09:45:25
44	Bag	15	2006-02-15 09:45:25
45	Baha Blanca	6	2006-02-15 09:45:25
46	Baicheng	23	2006-02-15 09:45:25
47	Baiyin	23	2006-02-15 09:45:25
48	Baku	10	2006-02-15 09:45:25
49	Balaiha	80	2006-02-15 09:45:25
50	Balikesir	97	2006-02-15 09:45:25
51	Balurghat	44	2006-02-15 09:45:25
52	Bamenda	19	2006-02-15 09:45:25
53	Bandar Seri Begawan	16	2006-02-15 09:45:25
54	Banjul	37	2006-02-15 09:45:25
55	Barcelona	104	2006-02-15 09:45:25
56	Basel	91	2006-02-15 09:45:25
57	Bat Yam	48	2006-02-15 09:45:25
58	Batman	97	2006-02-15 09:45:25
59	Batna	2	2006-02-15 09:45:25
60	Battambang	18	2006-02-15 09:45:25
61	Baybay	75	2006-02-15 09:45:25
62	Bayugan	75	2006-02-15 09:45:25
63	Bchar	2	2006-02-15 09:45:25
64	Beira	63	2006-02-15 09:45:25
65	Bellevue	103	2006-02-15 09:45:25
66	Belm	15	2006-02-15 09:45:25
67	Benguela	4	2006-02-15 09:45:25
68	Beni-Mellal	62	2006-02-15 09:45:25
69	Benin City	69	2006-02-15 09:45:25
70	Bergamo	49	2006-02-15 09:45:25
71	Berhampore (Baharampur)	44	2006-02-15 09:45:25
72	Bern	91	2006-02-15 09:45:25
73	Bhavnagar	44	2006-02-15 09:45:25
74	Bhilwara	44	2006-02-15 09:45:25
75	Bhimavaram	44	2006-02-15 09:45:25
76	Bhopal	44	2006-02-15 09:45:25
77	Bhusawal	44	2006-02-15 09:45:25
78	Bijapur	44	2006-02-15 09:45:25
79	Bilbays	29	2006-02-15 09:45:25
80	Binzhou	23	2006-02-15 09:45:25
81	Birgunj	66	2006-02-15 09:45:25
82	Bislig	75	2006-02-15 09:45:25
83	Blumenau	15	2006-02-15 09:45:25
84	Boa Vista	15	2006-02-15 09:45:25
85	Boksburg	85	2006-02-15 09:45:25
86	Botosani	78	2006-02-15 09:45:25
87	Botshabelo	85	2006-02-15 09:45:25
88	Bradford	102	2006-02-15 09:45:25
89	Braslia	15	2006-02-15 09:45:25
90	Bratislava	84	2006-02-15 09:45:25
91	Brescia	49	2006-02-15 09:45:25
92	Brest	34	2006-02-15 09:45:25
93	Brindisi	49	2006-02-15 09:45:25
94	Brockton	103	2006-02-15 09:45:25
95	Bucuresti	78	2006-02-15 09:45:25
96	Buenaventura	24	2006-02-15 09:45:25
97	Bydgoszcz	76	2006-02-15 09:45:25
98	Cabuyao	75	2006-02-15 09:45:25
99	Callao	74	2006-02-15 09:45:25
100	Cam Ranh	105	2006-02-15 09:45:25
101	Cape Coral	103	2006-02-15 09:45:25
102	Caracas	104	2006-02-15 09:45:25
103	Carmen	60	2006-02-15 09:45:25
104	Cavite	75	2006-02-15 09:45:25
105	Cayenne	35	2006-02-15 09:45:25
106	Celaya	60	2006-02-15 09:45:25
107	Chandrapur	44	2006-02-15 09:45:25
108	Changhwa	92	2006-02-15 09:45:25
109	Changzhou	23	2006-02-15 09:45:25
110	Chapra	44	2006-02-15 09:45:25
111	Charlotte Amalie	106	2006-02-15 09:45:25
112	Chatsworth	85	2006-02-15 09:45:25
113	Cheju	86	2006-02-15 09:45:25
114	Chiayi	92	2006-02-15 09:45:25
115	Chisinau	61	2006-02-15 09:45:25
116	Chungho	92	2006-02-15 09:45:25
117	Cianjur	45	2006-02-15 09:45:25
118	Ciomas	45	2006-02-15 09:45:25
119	Ciparay	45	2006-02-15 09:45:25
120	Citrus Heights	103	2006-02-15 09:45:25
121	Citt del Vaticano	41	2006-02-15 09:45:25
122	Ciudad del Este	73	2006-02-15 09:45:25
123	Clarksville	103	2006-02-15 09:45:25
124	Coacalco de Berriozbal	60	2006-02-15 09:45:25
125	Coatzacoalcos	60	2006-02-15 09:45:25
126	Compton	103	2006-02-15 09:45:25
127	Coquimbo	22	2006-02-15 09:45:25
128	Crdoba	6	2006-02-15 09:45:25
129	Cuauhtmoc	60	2006-02-15 09:45:25
130	Cuautla	60	2006-02-15 09:45:25
131	Cuernavaca	60	2006-02-15 09:45:25
132	Cuman	104	2006-02-15 09:45:25
133	Czestochowa	76	2006-02-15 09:45:25
134	Dadu	72	2006-02-15 09:45:25
135	Dallas	103	2006-02-15 09:45:25
136	Datong	23	2006-02-15 09:45:25
137	Daugavpils	54	2006-02-15 09:45:25
138	Davao	75	2006-02-15 09:45:25
139	Daxian	23	2006-02-15 09:45:25
140	Dayton	103	2006-02-15 09:45:25
141	Deba Habe	69	2006-02-15 09:45:25
142	Denizli	97	2006-02-15 09:45:25
143	Dhaka	12	2006-02-15 09:45:25
144	Dhule (Dhulia)	44	2006-02-15 09:45:25
145	Dongying	23	2006-02-15 09:45:25
146	Donostia-San Sebastin	87	2006-02-15 09:45:25
147	Dos Quebradas	24	2006-02-15 09:45:25
148	Duisburg	38	2006-02-15 09:45:25
149	Dundee	102	2006-02-15 09:45:25
150	Dzerzinsk	80	2006-02-15 09:45:25
151	Ede	67	2006-02-15 09:45:25
152	Effon-Alaiye	69	2006-02-15 09:45:25
153	El Alto	14	2006-02-15 09:45:25
154	El Fuerte	60	2006-02-15 09:45:25
155	El Monte	103	2006-02-15 09:45:25
156	Elista	80	2006-02-15 09:45:25
157	Emeishan	23	2006-02-15 09:45:25
158	Emmen	67	2006-02-15 09:45:25
159	Enshi	23	2006-02-15 09:45:25
160	Erlangen	38	2006-02-15 09:45:25
161	Escobar	6	2006-02-15 09:45:25
162	Esfahan	46	2006-02-15 09:45:25
163	Eskisehir	97	2006-02-15 09:45:25
164	Etawah	44	2006-02-15 09:45:25
165	Ezeiza	6	2006-02-15 09:45:25
166	Ezhou	23	2006-02-15 09:45:25
167	Faaa	36	2006-02-15 09:45:25
168	Fengshan	92	2006-02-15 09:45:25
169	Firozabad	44	2006-02-15 09:45:25
170	Florencia	24	2006-02-15 09:45:25
171	Fontana	103	2006-02-15 09:45:25
172	Fukuyama	50	2006-02-15 09:45:25
173	Funafuti	99	2006-02-15 09:45:25
174	Fuyu	23	2006-02-15 09:45:25
175	Fuzhou	23	2006-02-15 09:45:25
176	Gandhinagar	44	2006-02-15 09:45:25
177	Garden Grove	103	2006-02-15 09:45:25
178	Garland	103	2006-02-15 09:45:25
179	Gatineau	20	2006-02-15 09:45:25
180	Gaziantep	97	2006-02-15 09:45:25
181	Gijn	87	2006-02-15 09:45:25
182	Gingoog	75	2006-02-15 09:45:25
183	Goinia	15	2006-02-15 09:45:25
184	Gorontalo	45	2006-02-15 09:45:25
185	Grand Prairie	103	2006-02-15 09:45:25
186	Graz	9	2006-02-15 09:45:25
187	Greensboro	103	2006-02-15 09:45:25
188	Guadalajara	60	2006-02-15 09:45:25
189	Guaruj	15	2006-02-15 09:45:25
190	guas Lindas de Gois	15	2006-02-15 09:45:25
191	Gulbarga	44	2006-02-15 09:45:25
192	Hagonoy	75	2006-02-15 09:45:25
193	Haining	23	2006-02-15 09:45:25
194	Haiphong	105	2006-02-15 09:45:25
195	Haldia	44	2006-02-15 09:45:25
196	Halifax	20	2006-02-15 09:45:25
197	Halisahar	44	2006-02-15 09:45:25
198	Halle/Saale	38	2006-02-15 09:45:25
199	Hami	23	2006-02-15 09:45:25
200	Hamilton	68	2006-02-15 09:45:25
201	Hanoi	105	2006-02-15 09:45:25
202	Hidalgo	60	2006-02-15 09:45:25
203	Higashiosaka	50	2006-02-15 09:45:25
204	Hino	50	2006-02-15 09:45:25
205	Hiroshima	50	2006-02-15 09:45:25
206	Hodeida	107	2006-02-15 09:45:25
207	Hohhot	23	2006-02-15 09:45:25
208	Hoshiarpur	44	2006-02-15 09:45:25
209	Hsichuh	92	2006-02-15 09:45:25
210	Huaian	23	2006-02-15 09:45:25
211	Hubli-Dharwad	44	2006-02-15 09:45:25
212	Huejutla de Reyes	60	2006-02-15 09:45:25
213	Huixquilucan	60	2006-02-15 09:45:25
214	Hunuco	74	2006-02-15 09:45:25
215	Ibirit	15	2006-02-15 09:45:25
216	Idfu	29	2006-02-15 09:45:25
217	Ife	69	2006-02-15 09:45:25
218	Ikerre	69	2006-02-15 09:45:25
219	Iligan	75	2006-02-15 09:45:25
220	Ilorin	69	2006-02-15 09:45:25
221	Imus	75	2006-02-15 09:45:25
222	Inegl	97	2006-02-15 09:45:25
223	Ipoh	59	2006-02-15 09:45:25
224	Isesaki	50	2006-02-15 09:45:25
225	Ivanovo	80	2006-02-15 09:45:25
226	Iwaki	50	2006-02-15 09:45:25
227	Iwakuni	50	2006-02-15 09:45:25
228	Iwatsuki	50	2006-02-15 09:45:25
229	Izumisano	50	2006-02-15 09:45:25
230	Jaffna	88	2006-02-15 09:45:25
231	Jaipur	44	2006-02-15 09:45:25
232	Jakarta	45	2006-02-15 09:45:25
233	Jalib al-Shuyukh	53	2006-02-15 09:45:25
234	Jamalpur	12	2006-02-15 09:45:25
235	Jaroslavl	80	2006-02-15 09:45:25
236	Jastrzebie-Zdrj	76	2006-02-15 09:45:25
237	Jedda	82	2006-02-15 09:45:25
238	Jelets	80	2006-02-15 09:45:25
239	Jhansi	44	2006-02-15 09:45:25
240	Jinchang	23	2006-02-15 09:45:25
241	Jining	23	2006-02-15 09:45:25
242	Jinzhou	23	2006-02-15 09:45:25
243	Jodhpur	44	2006-02-15 09:45:25
244	Johannesburg	85	2006-02-15 09:45:25
245	Joliet	103	2006-02-15 09:45:25
246	Jos Azueta	60	2006-02-15 09:45:25
247	Juazeiro do Norte	15	2006-02-15 09:45:25
248	Juiz de Fora	15	2006-02-15 09:45:25
249	Junan	23	2006-02-15 09:45:25
250	Jurez	60	2006-02-15 09:45:25
251	Kabul	1	2006-02-15 09:45:25
252	Kaduna	69	2006-02-15 09:45:25
253	Kakamigahara	50	2006-02-15 09:45:25
254	Kaliningrad	80	2006-02-15 09:45:25
255	Kalisz	76	2006-02-15 09:45:25
256	Kamakura	50	2006-02-15 09:45:25
257	Kamarhati	44	2006-02-15 09:45:25
258	Kamjanets-Podilskyi	100	2006-02-15 09:45:25
259	Kamyin	80	2006-02-15 09:45:25
260	Kanazawa	50	2006-02-15 09:45:25
261	Kanchrapara	44	2006-02-15 09:45:25
262	Kansas City	103	2006-02-15 09:45:25
263	Karnal	44	2006-02-15 09:45:25
264	Katihar	44	2006-02-15 09:45:25
265	Kermanshah	46	2006-02-15 09:45:25
266	Kilis	97	2006-02-15 09:45:25
267	Kimberley	85	2006-02-15 09:45:25
268	Kimchon	86	2006-02-15 09:45:25
269	Kingstown	81	2006-02-15 09:45:25
270	Kirovo-Tepetsk	80	2006-02-15 09:45:25
271	Kisumu	52	2006-02-15 09:45:25
272	Kitwe	109	2006-02-15 09:45:25
273	Klerksdorp	85	2006-02-15 09:45:25
274	Kolpino	80	2006-02-15 09:45:25
275	Konotop	100	2006-02-15 09:45:25
276	Koriyama	50	2006-02-15 09:45:25
277	Korla	23	2006-02-15 09:45:25
278	Korolev	80	2006-02-15 09:45:25
279	Kowloon and New Kowloon	42	2006-02-15 09:45:25
280	Kragujevac	108	2006-02-15 09:45:25
281	Ktahya	97	2006-02-15 09:45:25
282	Kuching	59	2006-02-15 09:45:25
283	Kumbakonam	44	2006-02-15 09:45:25
284	Kurashiki	50	2006-02-15 09:45:25
285	Kurgan	80	2006-02-15 09:45:25
286	Kursk	80	2006-02-15 09:45:25
287	Kuwana	50	2006-02-15 09:45:25
288	La Paz	60	2006-02-15 09:45:25
289	La Plata	6	2006-02-15 09:45:25
290	La Romana	27	2006-02-15 09:45:25
291	Laiwu	23	2006-02-15 09:45:25
292	Lancaster	103	2006-02-15 09:45:25
293	Laohekou	23	2006-02-15 09:45:25
294	Lapu-Lapu	75	2006-02-15 09:45:25
295	Laredo	103	2006-02-15 09:45:25
296	Lausanne	91	2006-02-15 09:45:25
297	Le Mans	34	2006-02-15 09:45:25
298	Lengshuijiang	23	2006-02-15 09:45:25
299	Leshan	23	2006-02-15 09:45:25
300	Lethbridge	20	2006-02-15 09:45:25
301	Lhokseumawe	45	2006-02-15 09:45:25
302	Liaocheng	23	2006-02-15 09:45:25
303	Liepaja	54	2006-02-15 09:45:25
304	Lilongwe	58	2006-02-15 09:45:25
305	Lima	74	2006-02-15 09:45:25
306	Lincoln	103	2006-02-15 09:45:25
307	Linz	9	2006-02-15 09:45:25
308	Lipetsk	80	2006-02-15 09:45:25
309	Livorno	49	2006-02-15 09:45:25
310	Ljubertsy	80	2006-02-15 09:45:25
311	Loja	28	2006-02-15 09:45:25
312	London	102	2006-02-15 09:45:25
313	London	20	2006-02-15 09:45:25
314	Lublin	76	2006-02-15 09:45:25
315	Lubumbashi	25	2006-02-15 09:45:25
316	Lungtan	92	2006-02-15 09:45:25
317	Luzinia	15	2006-02-15 09:45:25
318	Madiun	45	2006-02-15 09:45:25
319	Mahajanga	57	2006-02-15 09:45:25
320	Maikop	80	2006-02-15 09:45:25
321	Malm	90	2006-02-15 09:45:25
322	Manchester	103	2006-02-15 09:45:25
323	Mandaluyong	75	2006-02-15 09:45:25
324	Mandi Bahauddin	72	2006-02-15 09:45:25
325	Mannheim	38	2006-02-15 09:45:25
326	Maracabo	104	2006-02-15 09:45:25
327	Mardan	72	2006-02-15 09:45:25
328	Maring	15	2006-02-15 09:45:25
329	Masqat	71	2006-02-15 09:45:25
330	Matamoros	60	2006-02-15 09:45:25
331	Matsue	50	2006-02-15 09:45:25
332	Meixian	23	2006-02-15 09:45:25
333	Memphis	103	2006-02-15 09:45:25
334	Merlo	6	2006-02-15 09:45:25
335	Mexicali	60	2006-02-15 09:45:25
336	Miraj	44	2006-02-15 09:45:25
337	Mit Ghamr	29	2006-02-15 09:45:25
338	Miyakonojo	50	2006-02-15 09:45:25
339	Mogiljov	13	2006-02-15 09:45:25
340	Molodetno	13	2006-02-15 09:45:25
341	Monclova	60	2006-02-15 09:45:25
342	Monywa	64	2006-02-15 09:45:25
343	Moscow	80	2006-02-15 09:45:25
344	Mosul	47	2006-02-15 09:45:25
345	Mukateve	100	2006-02-15 09:45:25
346	Munger (Monghyr)	44	2006-02-15 09:45:25
347	Mwanza	93	2006-02-15 09:45:25
348	Mwene-Ditu	25	2006-02-15 09:45:25
349	Myingyan	64	2006-02-15 09:45:25
350	Mysore	44	2006-02-15 09:45:25
351	Naala-Porto	63	2006-02-15 09:45:25
352	Nabereznyje Telny	80	2006-02-15 09:45:25
353	Nador	62	2006-02-15 09:45:25
354	Nagaon	44	2006-02-15 09:45:25
355	Nagareyama	50	2006-02-15 09:45:25
356	Najafabad	46	2006-02-15 09:45:25
357	Naju	86	2006-02-15 09:45:25
358	Nakhon Sawan	94	2006-02-15 09:45:25
359	Nam Dinh	105	2006-02-15 09:45:25
360	Namibe	4	2006-02-15 09:45:25
361	Nantou	92	2006-02-15 09:45:25
362	Nanyang	23	2006-02-15 09:45:25
363	NDjamna	21	2006-02-15 09:45:25
364	Newcastle	85	2006-02-15 09:45:25
365	Nezahualcyotl	60	2006-02-15 09:45:25
366	Nha Trang	105	2006-02-15 09:45:25
367	Niznekamsk	80	2006-02-15 09:45:25
368	Novi Sad	108	2006-02-15 09:45:25
369	Novoterkassk	80	2006-02-15 09:45:25
370	Nukualofa	95	2006-02-15 09:45:25
371	Nuuk	40	2006-02-15 09:45:25
372	Nyeri	52	2006-02-15 09:45:25
373	Ocumare del Tuy	104	2006-02-15 09:45:25
374	Ogbomosho	69	2006-02-15 09:45:25
375	Okara	72	2006-02-15 09:45:25
376	Okayama	50	2006-02-15 09:45:25
377	Okinawa	50	2006-02-15 09:45:25
378	Olomouc	26	2006-02-15 09:45:25
379	Omdurman	89	2006-02-15 09:45:25
380	Omiya	50	2006-02-15 09:45:25
381	Ondo	69	2006-02-15 09:45:25
382	Onomichi	50	2006-02-15 09:45:25
383	Oshawa	20	2006-02-15 09:45:25
384	Osmaniye	97	2006-02-15 09:45:25
385	ostka	100	2006-02-15 09:45:25
386	Otsu	50	2006-02-15 09:45:25
387	Oulu	33	2006-02-15 09:45:25
388	Ourense (Orense)	87	2006-02-15 09:45:25
389	Owo	69	2006-02-15 09:45:25
390	Oyo	69	2006-02-15 09:45:25
391	Ozamis	75	2006-02-15 09:45:25
392	Paarl	85	2006-02-15 09:45:25
393	Pachuca de Soto	60	2006-02-15 09:45:25
394	Pak Kret	94	2006-02-15 09:45:25
395	Palghat (Palakkad)	44	2006-02-15 09:45:25
396	Pangkal Pinang	45	2006-02-15 09:45:25
397	Papeete	36	2006-02-15 09:45:25
398	Parbhani	44	2006-02-15 09:45:25
399	Pathankot	44	2006-02-15 09:45:25
400	Patiala	44	2006-02-15 09:45:25
401	Patras	39	2006-02-15 09:45:25
402	Pavlodar	51	2006-02-15 09:45:25
403	Pemalang	45	2006-02-15 09:45:25
404	Peoria	103	2006-02-15 09:45:25
405	Pereira	24	2006-02-15 09:45:25
406	Phnom Penh	18	2006-02-15 09:45:25
407	Pingxiang	23	2006-02-15 09:45:25
408	Pjatigorsk	80	2006-02-15 09:45:25
409	Plock	76	2006-02-15 09:45:25
410	Po	15	2006-02-15 09:45:25
411	Ponce	77	2006-02-15 09:45:25
412	Pontianak	45	2006-02-15 09:45:25
413	Poos de Caldas	15	2006-02-15 09:45:25
414	Portoviejo	28	2006-02-15 09:45:25
415	Probolinggo	45	2006-02-15 09:45:25
416	Pudukkottai	44	2006-02-15 09:45:25
417	Pune	44	2006-02-15 09:45:25
418	Purnea (Purnia)	44	2006-02-15 09:45:25
419	Purwakarta	45	2006-02-15 09:45:25
420	Pyongyang	70	2006-02-15 09:45:25
421	Qalyub	29	2006-02-15 09:45:25
422	Qinhuangdao	23	2006-02-15 09:45:25
423	Qomsheh	46	2006-02-15 09:45:25
424	Quilmes	6	2006-02-15 09:45:25
425	Rae Bareli	44	2006-02-15 09:45:25
426	Rajkot	44	2006-02-15 09:45:25
427	Rampur	44	2006-02-15 09:45:25
428	Rancagua	22	2006-02-15 09:45:25
429	Ranchi	44	2006-02-15 09:45:25
430	Richmond Hill	20	2006-02-15 09:45:25
431	Rio Claro	15	2006-02-15 09:45:25
432	Rizhao	23	2006-02-15 09:45:25
433	Roanoke	103	2006-02-15 09:45:25
434	Robamba	28	2006-02-15 09:45:25
435	Rockford	103	2006-02-15 09:45:25
436	Ruse	17	2006-02-15 09:45:25
437	Rustenburg	85	2006-02-15 09:45:25
438	s-Hertogenbosch	67	2006-02-15 09:45:25
439	Saarbrcken	38	2006-02-15 09:45:25
440	Sagamihara	50	2006-02-15 09:45:25
441	Saint Louis	103	2006-02-15 09:45:25
442	Saint-Denis	79	2006-02-15 09:45:25
443	Sal	62	2006-02-15 09:45:25
444	Salala	71	2006-02-15 09:45:25
445	Salamanca	60	2006-02-15 09:45:25
446	Salinas	103	2006-02-15 09:45:25
447	Salzburg	9	2006-02-15 09:45:25
448	Sambhal	44	2006-02-15 09:45:25
449	San Bernardino	103	2006-02-15 09:45:25
450	San Felipe de Puerto Plata	27	2006-02-15 09:45:25
451	San Felipe del Progreso	60	2006-02-15 09:45:25
452	San Juan Bautista Tuxtepec	60	2006-02-15 09:45:25
453	San Lorenzo	73	2006-02-15 09:45:25
454	San Miguel de Tucumn	6	2006-02-15 09:45:25
455	Sanaa	107	2006-02-15 09:45:25
456	Santa Brbara dOeste	15	2006-02-15 09:45:25
457	Santa F	6	2006-02-15 09:45:25
458	Santa Rosa	75	2006-02-15 09:45:25
459	Santiago de Compostela	87	2006-02-15 09:45:25
460	Santiago de los Caballeros	27	2006-02-15 09:45:25
461	Santo Andr	15	2006-02-15 09:45:25
462	Sanya	23	2006-02-15 09:45:25
463	Sasebo	50	2006-02-15 09:45:25
464	Satna	44	2006-02-15 09:45:25
465	Sawhaj	29	2006-02-15 09:45:25
466	Serpuhov	80	2006-02-15 09:45:25
467	Shahr-e Kord	46	2006-02-15 09:45:25
468	Shanwei	23	2006-02-15 09:45:25
469	Shaoguan	23	2006-02-15 09:45:25
470	Sharja	101	2006-02-15 09:45:25
471	Shenzhen	23	2006-02-15 09:45:25
472	Shikarpur	72	2006-02-15 09:45:25
473	Shimoga	44	2006-02-15 09:45:25
474	Shimonoseki	50	2006-02-15 09:45:25
475	Shivapuri	44	2006-02-15 09:45:25
476	Shubra al-Khayma	29	2006-02-15 09:45:25
477	Siegen	38	2006-02-15 09:45:25
478	Siliguri (Shiliguri)	44	2006-02-15 09:45:25
479	Simferopol	100	2006-02-15 09:45:25
480	Sincelejo	24	2006-02-15 09:45:25
481	Sirjan	46	2006-02-15 09:45:25
482	Sivas	97	2006-02-15 09:45:25
483	Skikda	2	2006-02-15 09:45:25
484	Smolensk	80	2006-02-15 09:45:25
485	So Bernardo do Campo	15	2006-02-15 09:45:25
486	So Leopoldo	15	2006-02-15 09:45:25
487	Sogamoso	24	2006-02-15 09:45:25
488	Sokoto	69	2006-02-15 09:45:25
489	Songkhla	94	2006-02-15 09:45:25
490	Sorocaba	15	2006-02-15 09:45:25
491	Soshanguve	85	2006-02-15 09:45:25
492	Sousse	96	2006-02-15 09:45:25
493	South Hill	5	2006-02-15 09:45:25
494	Southampton	102	2006-02-15 09:45:25
495	Southend-on-Sea	102	2006-02-15 09:45:25
496	Southport	102	2006-02-15 09:45:25
497	Springs	85	2006-02-15 09:45:25
498	Stara Zagora	17	2006-02-15 09:45:25
499	Sterling Heights	103	2006-02-15 09:45:25
500	Stockport	102	2006-02-15 09:45:25
501	Sucre	14	2006-02-15 09:45:25
502	Suihua	23	2006-02-15 09:45:25
503	Sullana	74	2006-02-15 09:45:25
504	Sultanbeyli	97	2006-02-15 09:45:25
505	Sumqayit	10	2006-02-15 09:45:25
506	Sumy	100	2006-02-15 09:45:25
507	Sungai Petani	59	2006-02-15 09:45:25
508	Sunnyvale	103	2006-02-15 09:45:25
509	Surakarta	45	2006-02-15 09:45:25
510	Syktyvkar	80	2006-02-15 09:45:25
511	Syrakusa	49	2006-02-15 09:45:25
512	Szkesfehrvr	43	2006-02-15 09:45:25
513	Tabora	93	2006-02-15 09:45:25
514	Tabriz	46	2006-02-15 09:45:25
515	Tabuk	82	2006-02-15 09:45:25
516	Tafuna	3	2006-02-15 09:45:25
517	Taguig	75	2006-02-15 09:45:25
518	Taizz	107	2006-02-15 09:45:25
519	Talavera	75	2006-02-15 09:45:25
520	Tallahassee	103	2006-02-15 09:45:25
521	Tama	50	2006-02-15 09:45:25
522	Tambaram	44	2006-02-15 09:45:25
523	Tanauan	75	2006-02-15 09:45:25
524	Tandil	6	2006-02-15 09:45:25
525	Tangail	12	2006-02-15 09:45:25
526	Tanshui	92	2006-02-15 09:45:25
527	Tanza	75	2006-02-15 09:45:25
528	Tarlac	75	2006-02-15 09:45:25
529	Tarsus	97	2006-02-15 09:45:25
530	Tartu	30	2006-02-15 09:45:25
531	Teboksary	80	2006-02-15 09:45:25
532	Tegal	45	2006-02-15 09:45:25
533	Tel Aviv-Jaffa	48	2006-02-15 09:45:25
534	Tete	63	2006-02-15 09:45:25
535	Tianjin	23	2006-02-15 09:45:25
536	Tiefa	23	2006-02-15 09:45:25
537	Tieli	23	2006-02-15 09:45:25
538	Tokat	97	2006-02-15 09:45:25
539	Tonghae	86	2006-02-15 09:45:25
540	Tongliao	23	2006-02-15 09:45:25
541	Torren	60	2006-02-15 09:45:25
542	Touliu	92	2006-02-15 09:45:25
543	Toulon	34	2006-02-15 09:45:25
544	Toulouse	34	2006-02-15 09:45:25
545	Trshavn	32	2006-02-15 09:45:25
546	Tsaotun	92	2006-02-15 09:45:25
547	Tsuyama	50	2006-02-15 09:45:25
548	Tuguegarao	75	2006-02-15 09:45:25
549	Tychy	76	2006-02-15 09:45:25
550	Udaipur	44	2006-02-15 09:45:25
551	Udine	49	2006-02-15 09:45:25
552	Ueda	50	2006-02-15 09:45:25
553	Uijongbu	86	2006-02-15 09:45:25
554	Uluberia	44	2006-02-15 09:45:25
555	Urawa	50	2006-02-15 09:45:25
556	Uruapan	60	2006-02-15 09:45:25
557	Usak	97	2006-02-15 09:45:25
558	Usolje-Sibirskoje	80	2006-02-15 09:45:25
559	Uttarpara-Kotrung	44	2006-02-15 09:45:25
560	Vaduz	55	2006-02-15 09:45:25
561	Valencia	104	2006-02-15 09:45:25
562	Valle de la Pascua	104	2006-02-15 09:45:25
563	Valle de Santiago	60	2006-02-15 09:45:25
564	Valparai	44	2006-02-15 09:45:25
565	Vancouver	20	2006-02-15 09:45:25
566	Varanasi (Benares)	44	2006-02-15 09:45:25
567	Vicente Lpez	6	2006-02-15 09:45:25
568	Vijayawada	44	2006-02-15 09:45:25
569	Vila Velha	15	2006-02-15 09:45:25
570	Vilnius	56	2006-02-15 09:45:25
571	Vinh	105	2006-02-15 09:45:25
572	Vitria de Santo Anto	15	2006-02-15 09:45:25
573	Warren	103	2006-02-15 09:45:25
574	Weifang	23	2006-02-15 09:45:25
575	Witten	38	2006-02-15 09:45:25
576	Woodridge	8	2006-02-15 09:45:25
577	Wroclaw	76	2006-02-15 09:45:25
578	Xiangfan	23	2006-02-15 09:45:25
579	Xiangtan	23	2006-02-15 09:45:25
580	Xintai	23	2006-02-15 09:45:25
581	Xinxiang	23	2006-02-15 09:45:25
582	Yamuna Nagar	44	2006-02-15 09:45:25
583	Yangor	65	2006-02-15 09:45:25
584	Yantai	23	2006-02-15 09:45:25
585	Yaound	19	2006-02-15 09:45:25
586	Yerevan	7	2006-02-15 09:45:25
587	Yinchuan	23	2006-02-15 09:45:25
588	Yingkou	23	2006-02-15 09:45:25
589	York	102	2006-02-15 09:45:25
590	Yuncheng	23	2006-02-15 09:45:25
591	Yuzhou	23	2006-02-15 09:45:25
592	Zalantun	23	2006-02-15 09:45:25
593	Zanzibar	93	2006-02-15 09:45:25
594	Zaoyang	23	2006-02-15 09:45:25
595	Zapopan	60	2006-02-15 09:45:25
596	Zaria	69	2006-02-15 09:45:25
597	Zeleznogorsk	80	2006-02-15 09:45:25
598	Zhezqazghan	51	2006-02-15 09:45:25
599	Zhoushan	23	2006-02-15 09:45:25
600	Ziguinchor	83	2006-02-15 09:45:25
\.


--
-- TOC entry 2981 (class 0 OID 280106)
-- Dependencies: 205
-- Data for Name: country; Type: TABLE DATA; Schema: public; Owner: postgres
--

COPY public.country (country_id, country, last_update) FROM stdin;
1	Afghanistan	2006-02-15 09:44:00
2	Algeria	2006-02-15 09:44:00
3	American Samoa	2006-02-15 09:44:00
4	Angola	2006-02-15 09:44:00
5	Anguilla	2006-02-15 09:44:00
6	Argentina	2006-02-15 09:44:00
7	Armenia	2006-02-15 09:44:00
8	Australia	2006-02-15 09:44:00
9	Austria	2006-02-15 09:44:00
10	Azerbaijan	2006-02-15 09:44:00
11	Bahrain	2006-02-15 09:44:00
12	Bangladesh	2006-02-15 09:44:00
13	Belarus	2006-02-15 09:44:00
14	Bolivia	2006-02-15 09:44:00
15	Brazil	2006-02-15 09:44:00
16	Brunei	2006-02-15 09:44:00
17	Bulgaria	2006-02-15 09:44:00
18	Cambodia	2006-02-15 09:44:00
19	Cameroon	2006-02-15 09:44:00
20	Canada	2006-02-15 09:44:00
21	Chad	2006-02-15 09:44:00
22	Chile	2006-02-15 09:44:00
23	China	2006-02-15 09:44:00
24	Colombia	2006-02-15 09:44:00
25	Congo, The Democratic Republic of the	2006-02-15 09:44:00
26	Czech Republic	2006-02-15 09:44:00
27	Dominican Republic	2006-02-15 09:44:00
28	Ecuador	2006-02-15 09:44:00
29	Egypt	2006-02-15 09:44:00
30	Estonia	2006-02-15 09:44:00
31	Ethiopia	2006-02-15 09:44:00
32	Faroe Islands	2006-02-15 09:44:00
33	Finland	2006-02-15 09:44:00
34	France	2006-02-15 09:44:00
35	French Guiana	2006-02-15 09:44:00
36	French Polynesia	2006-02-15 09:44:00
37	Gambia	2006-02-15 09:44:00
38	Germany	2006-02-15 09:44:00
39	Greece	2006-02-15 09:44:00
40	Greenland	2006-02-15 09:44:00
41	Holy See (Vatican City State)	2006-02-15 09:44:00
42	Hong Kong	2006-02-15 09:44:00
43	Hungary	2006-02-15 09:44:00
44	India	2006-02-15 09:44:00
45	Indonesia	2006-02-15 09:44:00
46	Iran	2006-02-15 09:44:00
47	Iraq	2006-02-15 09:44:00
48	Israel	2006-02-15 09:44:00
49	Italy	2006-02-15 09:44:00
50	Japan	2006-02-15 09:44:00
51	Kazakstan	2006-02-15 09:44:00
52	Kenya	2006-02-15 09:44:00
53	Kuwait	2006-02-15 09:44:00
54	Latvia	2006-02-15 09:44:00
55	Liechtenstein	2006-02-15 09:44:00
56	Lithuania	2006-02-15 09:44:00
57	Madagascar	2006-02-15 09:44:00
58	Malawi	2006-02-15 09:44:00
59	Malaysia	2006-02-15 09:44:00
60	Mexico	2006-02-15 09:44:00
61	Moldova	2006-02-15 09:44:00
62	Morocco	2006-02-15 09:44:00
63	Mozambique	2006-02-15 09:44:00
64	Myanmar	2006-02-15 09:44:00
65	Nauru	2006-02-15 09:44:00
66	Nepal	2006-02-15 09:44:00
67	Netherlands	2006-02-15 09:44:00
68	New Zealand	2006-02-15 09:44:00
69	Nigeria	2006-02-15 09:44:00
70	North Korea	2006-02-15 09:44:00
71	Oman	2006-02-15 09:44:00
72	Pakistan	2006-02-15 09:44:00
73	Paraguay	2006-02-15 09:44:00
74	Peru	2006-02-15 09:44:00
75	Philippines	2006-02-15 09:44:00
76	Poland	2006-02-15 09:44:00
77	Puerto Rico	2006-02-15 09:44:00
78	Romania	2006-02-15 09:44:00
79	Runion	2006-02-15 09:44:00
80	Russian Federation	2006-02-15 09:44:00
81	Saint Vincent and the Grenadines	2006-02-15 09:44:00
82	Saudi Arabia	2006-02-15 09:44:00
83	Senegal	2006-02-15 09:44:00
84	Slovakia	2006-02-15 09:44:00
85	South Africa	2006-02-15 09:44:00
86	South Korea	2006-02-15 09:44:00
87	Spain	2006-02-15 09:44:00
88	Sri Lanka	2006-02-15 09:44:00
89	Sudan	2006-02-15 09:44:00
90	Sweden	2006-02-15 09:44:00
91	Switzerland	2006-02-15 09:44:00
92	Taiwan	2006-02-15 09:44:00
93	Tanzania	2006-02-15 09:44:00
94	Thailand	2006-02-15 09:44:00
95	Tonga	2006-02-15 09:44:00
96	Tunisia	2006-02-15 09:44:00
97	Turkey	2006-02-15 09:44:00
98	Turkmenistan	2006-02-15 09:44:00
99	Tuvalu	2006-02-15 09:44:00
100	Ukraine	2006-02-15 09:44:00
101	United Arab Emirates	2006-02-15 09:44:00
102	United Kingdom	2006-02-15 09:44:00
103	United States	2006-02-15 09:44:00
104	Venezuela	2006-02-15 09:44:00
105	Vietnam	2006-02-15 09:44:00
106	Virgin Islands, U.S.	2006-02-15 09:44:00
107	Yemen	2006-02-15 09:44:00
108	Yugoslavia	2006-02-15 09:44:00
109	Zambia	2006-02-15 09:44:00
\.


--
-- TOC entry 2983 (class 0 OID 280113)
-- Dependencies: 207
-- Data for Name: customer; Type: TABLE DATA; Schema: public; Owner: postgres
--

COPY public.customer (customer_id, store_id, first_name, last_name, email, address_id, activebool, create_date, last_update, active) FROM stdin;
524	1	Jared	Ely	jared.ely@sakilacustomer.org	530	t	2006-02-14	2013-05-26 14:49:45.738	1
1	1	Mary	Smith	mary.smith@sakilacustomer.org	5	t	2006-02-14	2013-05-26 14:49:45.738	1
2	1	Patricia	Johnson	patricia.johnson@sakilacustomer.org	6	t	2006-02-14	2013-05-26 14:49:45.738	1
3	1	Linda	Williams	linda.williams@sakilacustomer.org	7	t	2006-02-14	2013-05-26 14:49:45.738	1
4	2	Barbara	Jones	barbara.jones@sakilacustomer.org	8	t	2006-02-14	2013-05-26 14:49:45.738	1
5	1	Elizabeth	Brown	elizabeth.brown@sakilacustomer.org	9	t	2006-02-14	2013-05-26 14:49:45.738	1
6	2	Jennifer	Davis	jennifer.davis@sakilacustomer.org	10	t	2006-02-14	2013-05-26 14:49:45.738	1
7	1	Maria	Miller	maria.miller@sakilacustomer.org	11	t	2006-02-14	2013-05-26 14:49:45.738	1
8	2	Susan	Wilson	susan.wilson@sakilacustomer.org	12	t	2006-02-14	2013-05-26 14:49:45.738	1
9	2	Margaret	Moore	margaret.moore@sakilacustomer.org	13	t	2006-02-14	2013-05-26 14:49:45.738	1
10	1	Dorothy	Taylor	dorothy.taylor@sakilacustomer.org	14	t	2006-02-14	2013-05-26 14:49:45.738	1
11	2	Lisa	Anderson	lisa.anderson@sakilacustomer.org	15	t	2006-02-14	2013-05-26 14:49:45.738	1
12	1	Nancy	Thomas	nancy.thomas@sakilacustomer.org	16	t	2006-02-14	2013-05-26 14:49:45.738	1
13	2	Karen	Jackson	karen.jackson@sakilacustomer.org	17	t	2006-02-14	2013-05-26 14:49:45.738	1
14	2	Betty	White	betty.white@sakilacustomer.org	18	t	2006-02-14	2013-05-26 14:49:45.738	1
15	1	Helen	Harris	helen.harris@sakilacustomer.org	19	t	2006-02-14	2013-05-26 14:49:45.738	1
16	2	Sandra	Martin	sandra.martin@sakilacustomer.org	20	t	2006-02-14	2013-05-26 14:49:45.738	0
17	1	Donna	Thompson	donna.thompson@sakilacustomer.org	21	t	2006-02-14	2013-05-26 14:49:45.738	1
18	2	Carol	Garcia	carol.garcia@sakilacustomer.org	22	t	2006-02-14	2013-05-26 14:49:45.738	1
19	1	Ruth	Martinez	ruth.martinez@sakilacustomer.org	23	t	2006-02-14	2013-05-26 14:49:45.738	1
20	2	Sharon	Robinson	sharon.robinson@sakilacustomer.org	24	t	2006-02-14	2013-05-26 14:49:45.738	1
21	1	Michelle	Clark	michelle.clark@sakilacustomer.org	25	t	2006-02-14	2013-05-26 14:49:45.738	1
22	1	Laura	Rodriguez	laura.rodriguez@sakilacustomer.org	26	t	2006-02-14	2013-05-26 14:49:45.738	1
23	2	Sarah	Lewis	sarah.lewis@sakilacustomer.org	27	t	2006-02-14	2013-05-26 14:49:45.738	1
24	2	Kimberly	Lee	kimberly.lee@sakilacustomer.org	28	t	2006-02-14	2013-05-26 14:49:45.738	1
25	1	Deborah	Walker	deborah.walker@sakilacustomer.org	29	t	2006-02-14	2013-05-26 14:49:45.738	1
26	2	Jessica	Hall	jessica.hall@sakilacustomer.org	30	t	2006-02-14	2013-05-26 14:49:45.738	1
27	2	Shirley	Allen	shirley.allen@sakilacustomer.org	31	t	2006-02-14	2013-05-26 14:49:45.738	1
28	1	Cynthia	Young	cynthia.young@sakilacustomer.org	32	t	2006-02-14	2013-05-26 14:49:45.738	1
29	2	Angela	Hernandez	angela.hernandez@sakilacustomer.org	33	t	2006-02-14	2013-05-26 14:49:45.738	1
30	1	Melissa	King	melissa.king@sakilacustomer.org	34	t	2006-02-14	2013-05-26 14:49:45.738	1
31	2	Brenda	Wright	brenda.wright@sakilacustomer.org	35	t	2006-02-14	2013-05-26 14:49:45.738	1
32	1	Amy	Lopez	amy.lopez@sakilacustomer.org	36	t	2006-02-14	2013-05-26 14:49:45.738	1
33	2	Anna	Hill	anna.hill@sakilacustomer.org	37	t	2006-02-14	2013-05-26 14:49:45.738	1
34	2	Rebecca	Scott	rebecca.scott@sakilacustomer.org	38	t	2006-02-14	2013-05-26 14:49:45.738	1
35	2	Virginia	Green	virginia.green@sakilacustomer.org	39	t	2006-02-14	2013-05-26 14:49:45.738	1
36	2	Kathleen	Adams	kathleen.adams@sakilacustomer.org	40	t	2006-02-14	2013-05-26 14:49:45.738	1
37	1	Pamela	Baker	pamela.baker@sakilacustomer.org	41	t	2006-02-14	2013-05-26 14:49:45.738	1
38	1	Martha	Gonzalez	martha.gonzalez@sakilacustomer.org	42	t	2006-02-14	2013-05-26 14:49:45.738	1
39	1	Debra	Nelson	debra.nelson@sakilacustomer.org	43	t	2006-02-14	2013-05-26 14:49:45.738	1
40	2	Amanda	Carter	amanda.carter@sakilacustomer.org	44	t	2006-02-14	2013-05-26 14:49:45.738	1
41	1	Stephanie	Mitchell	stephanie.mitchell@sakilacustomer.org	45	t	2006-02-14	2013-05-26 14:49:45.738	1
42	2	Carolyn	Perez	carolyn.perez@sakilacustomer.org	46	t	2006-02-14	2013-05-26 14:49:45.738	1
43	2	Christine	Roberts	christine.roberts@sakilacustomer.org	47	t	2006-02-14	2013-05-26 14:49:45.738	1
44	1	Marie	Turner	marie.turner@sakilacustomer.org	48	t	2006-02-14	2013-05-26 14:49:45.738	1
45	1	Janet	Phillips	janet.phillips@sakilacustomer.org	49	t	2006-02-14	2013-05-26 14:49:45.738	1
46	2	Catherine	Campbell	catherine.campbell@sakilacustomer.org	50	t	2006-02-14	2013-05-26 14:49:45.738	1
47	1	Frances	Parker	frances.parker@sakilacustomer.org	51	t	2006-02-14	2013-05-26 14:49:45.738	1
48	1	Ann	Evans	ann.evans@sakilacustomer.org	52	t	2006-02-14	2013-05-26 14:49:45.738	1
49	2	Joyce	Edwards	joyce.edwards@sakilacustomer.org	53	t	2006-02-14	2013-05-26 14:49:45.738	1
50	1	Diane	Collins	diane.collins@sakilacustomer.org	54	t	2006-02-14	2013-05-26 14:49:45.738	1
51	1	Alice	Stewart	alice.stewart@sakilacustomer.org	55	t	2006-02-14	2013-05-26 14:49:45.738	1
52	1	Julie	Sanchez	julie.sanchez@sakilacustomer.org	56	t	2006-02-14	2013-05-26 14:49:45.738	1
53	1	Heather	Morris	heather.morris@sakilacustomer.org	57	t	2006-02-14	2013-05-26 14:49:45.738	1
54	1	Teresa	Rogers	teresa.rogers@sakilacustomer.org	58	t	2006-02-14	2013-05-26 14:49:45.738	1
55	2	Doris	Reed	doris.reed@sakilacustomer.org	59	t	2006-02-14	2013-05-26 14:49:45.738	1
56	1	Gloria	Cook	gloria.cook@sakilacustomer.org	60	t	2006-02-14	2013-05-26 14:49:45.738	1
57	2	Evelyn	Morgan	evelyn.morgan@sakilacustomer.org	61	t	2006-02-14	2013-05-26 14:49:45.738	1
58	1	Jean	Bell	jean.bell@sakilacustomer.org	62	t	2006-02-14	2013-05-26 14:49:45.738	1
59	1	Cheryl	Murphy	cheryl.murphy@sakilacustomer.org	63	t	2006-02-14	2013-05-26 14:49:45.738	1
60	1	Mildred	Bailey	mildred.bailey@sakilacustomer.org	64	t	2006-02-14	2013-05-26 14:49:45.738	1
61	2	Katherine	Rivera	katherine.rivera@sakilacustomer.org	65	t	2006-02-14	2013-05-26 14:49:45.738	1
62	1	Joan	Cooper	joan.cooper@sakilacustomer.org	66	t	2006-02-14	2013-05-26 14:49:45.738	1
63	1	Ashley	Richardson	ashley.richardson@sakilacustomer.org	67	t	2006-02-14	2013-05-26 14:49:45.738	1
64	2	Judith	Cox	judith.cox@sakilacustomer.org	68	t	2006-02-14	2013-05-26 14:49:45.738	0
65	2	Rose	Howard	rose.howard@sakilacustomer.org	69	t	2006-02-14	2013-05-26 14:49:45.738	1
66	2	Janice	Ward	janice.ward@sakilacustomer.org	70	t	2006-02-14	2013-05-26 14:49:45.738	1
67	1	Kelly	Torres	kelly.torres@sakilacustomer.org	71	t	2006-02-14	2013-05-26 14:49:45.738	1
68	1	Nicole	Peterson	nicole.peterson@sakilacustomer.org	72	t	2006-02-14	2013-05-26 14:49:45.738	1
69	2	Judy	Gray	judy.gray@sakilacustomer.org	73	t	2006-02-14	2013-05-26 14:49:45.738	1
70	2	Christina	Ramirez	christina.ramirez@sakilacustomer.org	74	t	2006-02-14	2013-05-26 14:49:45.738	1
71	1	Kathy	James	kathy.james@sakilacustomer.org	75	t	2006-02-14	2013-05-26 14:49:45.738	1
72	2	Theresa	Watson	theresa.watson@sakilacustomer.org	76	t	2006-02-14	2013-05-26 14:49:45.738	1
73	2	Beverly	Brooks	beverly.brooks@sakilacustomer.org	77	t	2006-02-14	2013-05-26 14:49:45.738	1
74	1	Denise	Kelly	denise.kelly@sakilacustomer.org	78	t	2006-02-14	2013-05-26 14:49:45.738	1
75	2	Tammy	Sanders	tammy.sanders@sakilacustomer.org	79	t	2006-02-14	2013-05-26 14:49:45.738	1
76	2	Irene	Price	irene.price@sakilacustomer.org	80	t	2006-02-14	2013-05-26 14:49:45.738	1
77	2	Jane	Bennett	jane.bennett@sakilacustomer.org	81	t	2006-02-14	2013-05-26 14:49:45.738	1
78	1	Lori	Wood	lori.wood@sakilacustomer.org	82	t	2006-02-14	2013-05-26 14:49:45.738	1
79	1	Rachel	Barnes	rachel.barnes@sakilacustomer.org	83	t	2006-02-14	2013-05-26 14:49:45.738	1
80	1	Marilyn	Ross	marilyn.ross@sakilacustomer.org	84	t	2006-02-14	2013-05-26 14:49:45.738	1
81	1	Andrea	Henderson	andrea.henderson@sakilacustomer.org	85	t	2006-02-14	2013-05-26 14:49:45.738	1
82	1	Kathryn	Coleman	kathryn.coleman@sakilacustomer.org	86	t	2006-02-14	2013-05-26 14:49:45.738	1
83	1	Louise	Jenkins	louise.jenkins@sakilacustomer.org	87	t	2006-02-14	2013-05-26 14:49:45.738	1
84	2	Sara	Perry	sara.perry@sakilacustomer.org	88	t	2006-02-14	2013-05-26 14:49:45.738	1
85	2	Anne	Powell	anne.powell@sakilacustomer.org	89	t	2006-02-14	2013-05-26 14:49:45.738	1
86	2	Jacqueline	Long	jacqueline.long@sakilacustomer.org	90	t	2006-02-14	2013-05-26 14:49:45.738	1
87	1	Wanda	Patterson	wanda.patterson@sakilacustomer.org	91	t	2006-02-14	2013-05-26 14:49:45.738	1
88	2	Bonnie	Hughes	bonnie.hughes@sakilacustomer.org	92	t	2006-02-14	2013-05-26 14:49:45.738	1
89	1	Julia	Flores	julia.flores@sakilacustomer.org	93	t	2006-02-14	2013-05-26 14:49:45.738	1
90	2	Ruby	Washington	ruby.washington@sakilacustomer.org	94	t	2006-02-14	2013-05-26 14:49:45.738	1
91	2	Lois	Butler	lois.butler@sakilacustomer.org	95	t	2006-02-14	2013-05-26 14:49:45.738	1
92	2	Tina	Simmons	tina.simmons@sakilacustomer.org	96	t	2006-02-14	2013-05-26 14:49:45.738	1
93	1	Phyllis	Foster	phyllis.foster@sakilacustomer.org	97	t	2006-02-14	2013-05-26 14:49:45.738	1
94	1	Norma	Gonzales	norma.gonzales@sakilacustomer.org	98	t	2006-02-14	2013-05-26 14:49:45.738	1
95	2	Paula	Bryant	paula.bryant@sakilacustomer.org	99	t	2006-02-14	2013-05-26 14:49:45.738	1
96	1	Diana	Alexander	diana.alexander@sakilacustomer.org	100	t	2006-02-14	2013-05-26 14:49:45.738	1
97	2	Annie	Russell	annie.russell@sakilacustomer.org	101	t	2006-02-14	2013-05-26 14:49:45.738	1
98	1	Lillian	Griffin	lillian.griffin@sakilacustomer.org	102	t	2006-02-14	2013-05-26 14:49:45.738	1
99	2	Emily	Diaz	emily.diaz@sakilacustomer.org	103	t	2006-02-14	2013-05-26 14:49:45.738	1
100	1	Robin	Hayes	robin.hayes@sakilacustomer.org	104	t	2006-02-14	2013-05-26 14:49:45.738	1
101	1	Peggy	Myers	peggy.myers@sakilacustomer.org	105	t	2006-02-14	2013-05-26 14:49:45.738	1
102	1	Crystal	Ford	crystal.ford@sakilacustomer.org	106	t	2006-02-14	2013-05-26 14:49:45.738	1
103	1	Gladys	Hamilton	gladys.hamilton@sakilacustomer.org	107	t	2006-02-14	2013-05-26 14:49:45.738	1
104	1	Rita	Graham	rita.graham@sakilacustomer.org	108	t	2006-02-14	2013-05-26 14:49:45.738	1
105	1	Dawn	Sullivan	dawn.sullivan@sakilacustomer.org	109	t	2006-02-14	2013-05-26 14:49:45.738	1
106	1	Connie	Wallace	connie.wallace@sakilacustomer.org	110	t	2006-02-14	2013-05-26 14:49:45.738	1
107	1	Florence	Woods	florence.woods@sakilacustomer.org	111	t	2006-02-14	2013-05-26 14:49:45.738	1
108	1	Tracy	Cole	tracy.cole@sakilacustomer.org	112	t	2006-02-14	2013-05-26 14:49:45.738	1
109	2	Edna	West	edna.west@sakilacustomer.org	113	t	2006-02-14	2013-05-26 14:49:45.738	1
110	2	Tiffany	Jordan	tiffany.jordan@sakilacustomer.org	114	t	2006-02-14	2013-05-26 14:49:45.738	1
111	1	Carmen	Owens	carmen.owens@sakilacustomer.org	115	t	2006-02-14	2013-05-26 14:49:45.738	1
112	2	Rosa	Reynolds	rosa.reynolds@sakilacustomer.org	116	t	2006-02-14	2013-05-26 14:49:45.738	1
113	2	Cindy	Fisher	cindy.fisher@sakilacustomer.org	117	t	2006-02-14	2013-05-26 14:49:45.738	1
114	2	Grace	Ellis	grace.ellis@sakilacustomer.org	118	t	2006-02-14	2013-05-26 14:49:45.738	1
115	1	Wendy	Harrison	wendy.harrison@sakilacustomer.org	119	t	2006-02-14	2013-05-26 14:49:45.738	1
116	1	Victoria	Gibson	victoria.gibson@sakilacustomer.org	120	t	2006-02-14	2013-05-26 14:49:45.738	1
117	1	Edith	Mcdonald	edith.mcdonald@sakilacustomer.org	121	t	2006-02-14	2013-05-26 14:49:45.738	1
118	1	Kim	Cruz	kim.cruz@sakilacustomer.org	122	t	2006-02-14	2013-05-26 14:49:45.738	1
119	1	Sherry	Marshall	sherry.marshall@sakilacustomer.org	123	t	2006-02-14	2013-05-26 14:49:45.738	1
120	2	Sylvia	Ortiz	sylvia.ortiz@sakilacustomer.org	124	t	2006-02-14	2013-05-26 14:49:45.738	1
121	1	Josephine	Gomez	josephine.gomez@sakilacustomer.org	125	t	2006-02-14	2013-05-26 14:49:45.738	1
122	1	Thelma	Murray	thelma.murray@sakilacustomer.org	126	t	2006-02-14	2013-05-26 14:49:45.738	1
123	2	Shannon	Freeman	shannon.freeman@sakilacustomer.org	127	t	2006-02-14	2013-05-26 14:49:45.738	1
124	1	Sheila	Wells	sheila.wells@sakilacustomer.org	128	t	2006-02-14	2013-05-26 14:49:45.738	0
125	1	Ethel	Webb	ethel.webb@sakilacustomer.org	129	t	2006-02-14	2013-05-26 14:49:45.738	1
126	1	Ellen	Simpson	ellen.simpson@sakilacustomer.org	130	t	2006-02-14	2013-05-26 14:49:45.738	1
127	2	Elaine	Stevens	elaine.stevens@sakilacustomer.org	131	t	2006-02-14	2013-05-26 14:49:45.738	1
128	1	Marjorie	Tucker	marjorie.tucker@sakilacustomer.org	132	t	2006-02-14	2013-05-26 14:49:45.738	1
129	1	Carrie	Porter	carrie.porter@sakilacustomer.org	133	t	2006-02-14	2013-05-26 14:49:45.738	1
130	1	Charlotte	Hunter	charlotte.hunter@sakilacustomer.org	134	t	2006-02-14	2013-05-26 14:49:45.738	1
131	2	Monica	Hicks	monica.hicks@sakilacustomer.org	135	t	2006-02-14	2013-05-26 14:49:45.738	1
132	2	Esther	Crawford	esther.crawford@sakilacustomer.org	136	t	2006-02-14	2013-05-26 14:49:45.738	1
133	1	Pauline	Henry	pauline.henry@sakilacustomer.org	137	t	2006-02-14	2013-05-26 14:49:45.738	1
134	1	Emma	Boyd	emma.boyd@sakilacustomer.org	138	t	2006-02-14	2013-05-26 14:49:45.738	1
135	2	Juanita	Mason	juanita.mason@sakilacustomer.org	139	t	2006-02-14	2013-05-26 14:49:45.738	1
136	2	Anita	Morales	anita.morales@sakilacustomer.org	140	t	2006-02-14	2013-05-26 14:49:45.738	1
137	2	Rhonda	Kennedy	rhonda.kennedy@sakilacustomer.org	141	t	2006-02-14	2013-05-26 14:49:45.738	1
138	1	Hazel	Warren	hazel.warren@sakilacustomer.org	142	t	2006-02-14	2013-05-26 14:49:45.738	1
139	1	Amber	Dixon	amber.dixon@sakilacustomer.org	143	t	2006-02-14	2013-05-26 14:49:45.738	1
140	1	Eva	Ramos	eva.ramos@sakilacustomer.org	144	t	2006-02-14	2013-05-26 14:49:45.738	1
141	1	Debbie	Reyes	debbie.reyes@sakilacustomer.org	145	t	2006-02-14	2013-05-26 14:49:45.738	1
142	1	April	Burns	april.burns@sakilacustomer.org	146	t	2006-02-14	2013-05-26 14:49:45.738	1
143	1	Leslie	Gordon	leslie.gordon@sakilacustomer.org	147	t	2006-02-14	2013-05-26 14:49:45.738	1
144	1	Clara	Shaw	clara.shaw@sakilacustomer.org	148	t	2006-02-14	2013-05-26 14:49:45.738	1
145	1	Lucille	Holmes	lucille.holmes@sakilacustomer.org	149	t	2006-02-14	2013-05-26 14:49:45.738	1
146	1	Jamie	Rice	jamie.rice@sakilacustomer.org	150	t	2006-02-14	2013-05-26 14:49:45.738	1
147	2	Joanne	Robertson	joanne.robertson@sakilacustomer.org	151	t	2006-02-14	2013-05-26 14:49:45.738	1
148	1	Eleanor	Hunt	eleanor.hunt@sakilacustomer.org	152	t	2006-02-14	2013-05-26 14:49:45.738	1
149	1	Valerie	Black	valerie.black@sakilacustomer.org	153	t	2006-02-14	2013-05-26 14:49:45.738	1
150	2	Danielle	Daniels	danielle.daniels@sakilacustomer.org	154	t	2006-02-14	2013-05-26 14:49:45.738	1
151	2	Megan	Palmer	megan.palmer@sakilacustomer.org	155	t	2006-02-14	2013-05-26 14:49:45.738	1
152	1	Alicia	Mills	alicia.mills@sakilacustomer.org	156	t	2006-02-14	2013-05-26 14:49:45.738	1
153	2	Suzanne	Nichols	suzanne.nichols@sakilacustomer.org	157	t	2006-02-14	2013-05-26 14:49:45.738	1
154	2	Michele	Grant	michele.grant@sakilacustomer.org	158	t	2006-02-14	2013-05-26 14:49:45.738	1
155	1	Gail	Knight	gail.knight@sakilacustomer.org	159	t	2006-02-14	2013-05-26 14:49:45.738	1
156	1	Bertha	Ferguson	bertha.ferguson@sakilacustomer.org	160	t	2006-02-14	2013-05-26 14:49:45.738	1
157	2	Darlene	Rose	darlene.rose@sakilacustomer.org	161	t	2006-02-14	2013-05-26 14:49:45.738	1
158	1	Veronica	Stone	veronica.stone@sakilacustomer.org	162	t	2006-02-14	2013-05-26 14:49:45.738	1
159	1	Jill	Hawkins	jill.hawkins@sakilacustomer.org	163	t	2006-02-14	2013-05-26 14:49:45.738	1
160	2	Erin	Dunn	erin.dunn@sakilacustomer.org	164	t	2006-02-14	2013-05-26 14:49:45.738	1
161	1	Geraldine	Perkins	geraldine.perkins@sakilacustomer.org	165	t	2006-02-14	2013-05-26 14:49:45.738	1
162	2	Lauren	Hudson	lauren.hudson@sakilacustomer.org	166	t	2006-02-14	2013-05-26 14:49:45.738	1
163	1	Cathy	Spencer	cathy.spencer@sakilacustomer.org	167	t	2006-02-14	2013-05-26 14:49:45.738	1
164	2	Joann	Gardner	joann.gardner@sakilacustomer.org	168	t	2006-02-14	2013-05-26 14:49:45.738	1
165	2	Lorraine	Stephens	lorraine.stephens@sakilacustomer.org	169	t	2006-02-14	2013-05-26 14:49:45.738	1
166	1	Lynn	Payne	lynn.payne@sakilacustomer.org	170	t	2006-02-14	2013-05-26 14:49:45.738	1
167	2	Sally	Pierce	sally.pierce@sakilacustomer.org	171	t	2006-02-14	2013-05-26 14:49:45.738	1
168	1	Regina	Berry	regina.berry@sakilacustomer.org	172	t	2006-02-14	2013-05-26 14:49:45.738	1
169	2	Erica	Matthews	erica.matthews@sakilacustomer.org	173	t	2006-02-14	2013-05-26 14:49:45.738	0
170	1	Beatrice	Arnold	beatrice.arnold@sakilacustomer.org	174	t	2006-02-14	2013-05-26 14:49:45.738	1
171	2	Dolores	Wagner	dolores.wagner@sakilacustomer.org	175	t	2006-02-14	2013-05-26 14:49:45.738	1
172	1	Bernice	Willis	bernice.willis@sakilacustomer.org	176	t	2006-02-14	2013-05-26 14:49:45.738	1
173	1	Audrey	Ray	audrey.ray@sakilacustomer.org	177	t	2006-02-14	2013-05-26 14:49:45.738	1
174	2	Yvonne	Watkins	yvonne.watkins@sakilacustomer.org	178	t	2006-02-14	2013-05-26 14:49:45.738	1
175	1	Annette	Olson	annette.olson@sakilacustomer.org	179	t	2006-02-14	2013-05-26 14:49:45.738	1
176	1	June	Carroll	june.carroll@sakilacustomer.org	180	t	2006-02-14	2013-05-26 14:49:45.738	1
177	2	Samantha	Duncan	samantha.duncan@sakilacustomer.org	181	t	2006-02-14	2013-05-26 14:49:45.738	1
178	2	Marion	Snyder	marion.snyder@sakilacustomer.org	182	t	2006-02-14	2013-05-26 14:49:45.738	1
179	1	Dana	Hart	dana.hart@sakilacustomer.org	183	t	2006-02-14	2013-05-26 14:49:45.738	1
180	2	Stacy	Cunningham	stacy.cunningham@sakilacustomer.org	184	t	2006-02-14	2013-05-26 14:49:45.738	1
181	2	Ana	Bradley	ana.bradley@sakilacustomer.org	185	t	2006-02-14	2013-05-26 14:49:45.738	1
182	1	Renee	Lane	renee.lane@sakilacustomer.org	186	t	2006-02-14	2013-05-26 14:49:45.738	1
183	2	Ida	Andrews	ida.andrews@sakilacustomer.org	187	t	2006-02-14	2013-05-26 14:49:45.738	1
184	1	Vivian	Ruiz	vivian.ruiz@sakilacustomer.org	188	t	2006-02-14	2013-05-26 14:49:45.738	1
185	1	Roberta	Harper	roberta.harper@sakilacustomer.org	189	t	2006-02-14	2013-05-26 14:49:45.738	1
186	2	Holly	Fox	holly.fox@sakilacustomer.org	190	t	2006-02-14	2013-05-26 14:49:45.738	1
187	2	Brittany	Riley	brittany.riley@sakilacustomer.org	191	t	2006-02-14	2013-05-26 14:49:45.738	1
188	1	Melanie	Armstrong	melanie.armstrong@sakilacustomer.org	192	t	2006-02-14	2013-05-26 14:49:45.738	1
189	1	Loretta	Carpenter	loretta.carpenter@sakilacustomer.org	193	t	2006-02-14	2013-05-26 14:49:45.738	1
190	2	Yolanda	Weaver	yolanda.weaver@sakilacustomer.org	194	t	2006-02-14	2013-05-26 14:49:45.738	1
191	1	Jeanette	Greene	jeanette.greene@sakilacustomer.org	195	t	2006-02-14	2013-05-26 14:49:45.738	1
192	1	Laurie	Lawrence	laurie.lawrence@sakilacustomer.org	196	t	2006-02-14	2013-05-26 14:49:45.738	1
193	2	Katie	Elliott	katie.elliott@sakilacustomer.org	197	t	2006-02-14	2013-05-26 14:49:45.738	1
194	2	Kristen	Chavez	kristen.chavez@sakilacustomer.org	198	t	2006-02-14	2013-05-26 14:49:45.738	1
195	1	Vanessa	Sims	vanessa.sims@sakilacustomer.org	199	t	2006-02-14	2013-05-26 14:49:45.738	1
196	1	Alma	Austin	alma.austin@sakilacustomer.org	200	t	2006-02-14	2013-05-26 14:49:45.738	1
197	2	Sue	Peters	sue.peters@sakilacustomer.org	201	t	2006-02-14	2013-05-26 14:49:45.738	1
198	2	Elsie	Kelley	elsie.kelley@sakilacustomer.org	202	t	2006-02-14	2013-05-26 14:49:45.738	1
199	2	Beth	Franklin	beth.franklin@sakilacustomer.org	203	t	2006-02-14	2013-05-26 14:49:45.738	1
200	2	Jeanne	Lawson	jeanne.lawson@sakilacustomer.org	204	t	2006-02-14	2013-05-26 14:49:45.738	1
201	1	Vicki	Fields	vicki.fields@sakilacustomer.org	205	t	2006-02-14	2013-05-26 14:49:45.738	1
202	2	Carla	Gutierrez	carla.gutierrez@sakilacustomer.org	206	t	2006-02-14	2013-05-26 14:49:45.738	1
203	1	Tara	Ryan	tara.ryan@sakilacustomer.org	207	t	2006-02-14	2013-05-26 14:49:45.738	1
204	1	Rosemary	Schmidt	rosemary.schmidt@sakilacustomer.org	208	t	2006-02-14	2013-05-26 14:49:45.738	1
205	2	Eileen	Carr	eileen.carr@sakilacustomer.org	209	t	2006-02-14	2013-05-26 14:49:45.738	1
206	1	Terri	Vasquez	terri.vasquez@sakilacustomer.org	210	t	2006-02-14	2013-05-26 14:49:45.738	1
207	1	Gertrude	Castillo	gertrude.castillo@sakilacustomer.org	211	t	2006-02-14	2013-05-26 14:49:45.738	1
208	1	Lucy	Wheeler	lucy.wheeler@sakilacustomer.org	212	t	2006-02-14	2013-05-26 14:49:45.738	1
209	2	Tonya	Chapman	tonya.chapman@sakilacustomer.org	213	t	2006-02-14	2013-05-26 14:49:45.738	1
210	2	Ella	Oliver	ella.oliver@sakilacustomer.org	214	t	2006-02-14	2013-05-26 14:49:45.738	1
211	1	Stacey	Montgomery	stacey.montgomery@sakilacustomer.org	215	t	2006-02-14	2013-05-26 14:49:45.738	1
212	2	Wilma	Richards	wilma.richards@sakilacustomer.org	216	t	2006-02-14	2013-05-26 14:49:45.738	1
213	1	Gina	Williamson	gina.williamson@sakilacustomer.org	217	t	2006-02-14	2013-05-26 14:49:45.738	1
214	1	Kristin	Johnston	kristin.johnston@sakilacustomer.org	218	t	2006-02-14	2013-05-26 14:49:45.738	1
215	2	Jessie	Banks	jessie.banks@sakilacustomer.org	219	t	2006-02-14	2013-05-26 14:49:45.738	1
216	1	Natalie	Meyer	natalie.meyer@sakilacustomer.org	220	t	2006-02-14	2013-05-26 14:49:45.738	1
217	2	Agnes	Bishop	agnes.bishop@sakilacustomer.org	221	t	2006-02-14	2013-05-26 14:49:45.738	1
218	1	Vera	Mccoy	vera.mccoy@sakilacustomer.org	222	t	2006-02-14	2013-05-26 14:49:45.738	1
219	2	Willie	Howell	willie.howell@sakilacustomer.org	223	t	2006-02-14	2013-05-26 14:49:45.738	1
220	2	Charlene	Alvarez	charlene.alvarez@sakilacustomer.org	224	t	2006-02-14	2013-05-26 14:49:45.738	1
221	1	Bessie	Morrison	bessie.morrison@sakilacustomer.org	225	t	2006-02-14	2013-05-26 14:49:45.738	1
222	2	Delores	Hansen	delores.hansen@sakilacustomer.org	226	t	2006-02-14	2013-05-26 14:49:45.738	1
223	1	Melinda	Fernandez	melinda.fernandez@sakilacustomer.org	227	t	2006-02-14	2013-05-26 14:49:45.738	1
224	2	Pearl	Garza	pearl.garza@sakilacustomer.org	228	t	2006-02-14	2013-05-26 14:49:45.738	1
225	1	Arlene	Harvey	arlene.harvey@sakilacustomer.org	229	t	2006-02-14	2013-05-26 14:49:45.738	1
226	2	Maureen	Little	maureen.little@sakilacustomer.org	230	t	2006-02-14	2013-05-26 14:49:45.738	1
227	1	Colleen	Burton	colleen.burton@sakilacustomer.org	231	t	2006-02-14	2013-05-26 14:49:45.738	1
228	2	Allison	Stanley	allison.stanley@sakilacustomer.org	232	t	2006-02-14	2013-05-26 14:49:45.738	1
229	1	Tamara	Nguyen	tamara.nguyen@sakilacustomer.org	233	t	2006-02-14	2013-05-26 14:49:45.738	1
230	2	Joy	George	joy.george@sakilacustomer.org	234	t	2006-02-14	2013-05-26 14:49:45.738	1
231	1	Georgia	Jacobs	georgia.jacobs@sakilacustomer.org	235	t	2006-02-14	2013-05-26 14:49:45.738	1
232	2	Constance	Reid	constance.reid@sakilacustomer.org	236	t	2006-02-14	2013-05-26 14:49:45.738	1
233	2	Lillie	Kim	lillie.kim@sakilacustomer.org	237	t	2006-02-14	2013-05-26 14:49:45.738	1
234	1	Claudia	Fuller	claudia.fuller@sakilacustomer.org	238	t	2006-02-14	2013-05-26 14:49:45.738	1
235	1	Jackie	Lynch	jackie.lynch@sakilacustomer.org	239	t	2006-02-14	2013-05-26 14:49:45.738	1
236	1	Marcia	Dean	marcia.dean@sakilacustomer.org	240	t	2006-02-14	2013-05-26 14:49:45.738	1
237	1	Tanya	Gilbert	tanya.gilbert@sakilacustomer.org	241	t	2006-02-14	2013-05-26 14:49:45.738	1
238	1	Nellie	Garrett	nellie.garrett@sakilacustomer.org	242	t	2006-02-14	2013-05-26 14:49:45.738	1
239	2	Minnie	Romero	minnie.romero@sakilacustomer.org	243	t	2006-02-14	2013-05-26 14:49:45.738	1
240	1	Marlene	Welch	marlene.welch@sakilacustomer.org	244	t	2006-02-14	2013-05-26 14:49:45.738	1
241	2	Heidi	Larson	heidi.larson@sakilacustomer.org	245	t	2006-02-14	2013-05-26 14:49:45.738	0
242	1	Glenda	Frazier	glenda.frazier@sakilacustomer.org	246	t	2006-02-14	2013-05-26 14:49:45.738	1
243	1	Lydia	Burke	lydia.burke@sakilacustomer.org	247	t	2006-02-14	2013-05-26 14:49:45.738	1
244	2	Viola	Hanson	viola.hanson@sakilacustomer.org	248	t	2006-02-14	2013-05-26 14:49:45.738	1
245	1	Courtney	Day	courtney.day@sakilacustomer.org	249	t	2006-02-14	2013-05-26 14:49:45.738	1
246	1	Marian	Mendoza	marian.mendoza@sakilacustomer.org	250	t	2006-02-14	2013-05-26 14:49:45.738	1
247	1	Stella	Moreno	stella.moreno@sakilacustomer.org	251	t	2006-02-14	2013-05-26 14:49:45.738	1
248	1	Caroline	Bowman	caroline.bowman@sakilacustomer.org	252	t	2006-02-14	2013-05-26 14:49:45.738	1
249	2	Dora	Medina	dora.medina@sakilacustomer.org	253	t	2006-02-14	2013-05-26 14:49:45.738	1
250	2	Jo	Fowler	jo.fowler@sakilacustomer.org	254	t	2006-02-14	2013-05-26 14:49:45.738	1
251	2	Vickie	Brewer	vickie.brewer@sakilacustomer.org	255	t	2006-02-14	2013-05-26 14:49:45.738	1
252	2	Mattie	Hoffman	mattie.hoffman@sakilacustomer.org	256	t	2006-02-14	2013-05-26 14:49:45.738	1
253	1	Terry	Carlson	terry.carlson@sakilacustomer.org	258	t	2006-02-14	2013-05-26 14:49:45.738	1
254	2	Maxine	Silva	maxine.silva@sakilacustomer.org	259	t	2006-02-14	2013-05-26 14:49:45.738	1
255	2	Irma	Pearson	irma.pearson@sakilacustomer.org	260	t	2006-02-14	2013-05-26 14:49:45.738	1
256	2	Mabel	Holland	mabel.holland@sakilacustomer.org	261	t	2006-02-14	2013-05-26 14:49:45.738	1
257	2	Marsha	Douglas	marsha.douglas@sakilacustomer.org	262	t	2006-02-14	2013-05-26 14:49:45.738	1
258	1	Myrtle	Fleming	myrtle.fleming@sakilacustomer.org	263	t	2006-02-14	2013-05-26 14:49:45.738	1
259	2	Lena	Jensen	lena.jensen@sakilacustomer.org	264	t	2006-02-14	2013-05-26 14:49:45.738	1
260	1	Christy	Vargas	christy.vargas@sakilacustomer.org	265	t	2006-02-14	2013-05-26 14:49:45.738	1
261	1	Deanna	Byrd	deanna.byrd@sakilacustomer.org	266	t	2006-02-14	2013-05-26 14:49:45.738	1
262	2	Patsy	Davidson	patsy.davidson@sakilacustomer.org	267	t	2006-02-14	2013-05-26 14:49:45.738	1
263	1	Hilda	Hopkins	hilda.hopkins@sakilacustomer.org	268	t	2006-02-14	2013-05-26 14:49:45.738	1
264	1	Gwendolyn	May	gwendolyn.may@sakilacustomer.org	269	t	2006-02-14	2013-05-26 14:49:45.738	1
265	2	Jennie	Terry	jennie.terry@sakilacustomer.org	270	t	2006-02-14	2013-05-26 14:49:45.738	1
266	2	Nora	Herrera	nora.herrera@sakilacustomer.org	271	t	2006-02-14	2013-05-26 14:49:45.738	1
267	1	Margie	Wade	margie.wade@sakilacustomer.org	272	t	2006-02-14	2013-05-26 14:49:45.738	1
268	1	Nina	Soto	nina.soto@sakilacustomer.org	273	t	2006-02-14	2013-05-26 14:49:45.738	1
269	1	Cassandra	Walters	cassandra.walters@sakilacustomer.org	274	t	2006-02-14	2013-05-26 14:49:45.738	1
270	1	Leah	Curtis	leah.curtis@sakilacustomer.org	275	t	2006-02-14	2013-05-26 14:49:45.738	1
271	1	Penny	Neal	penny.neal@sakilacustomer.org	276	t	2006-02-14	2013-05-26 14:49:45.738	0
272	1	Kay	Caldwell	kay.caldwell@sakilacustomer.org	277	t	2006-02-14	2013-05-26 14:49:45.738	1
273	2	Priscilla	Lowe	priscilla.lowe@sakilacustomer.org	278	t	2006-02-14	2013-05-26 14:49:45.738	1
274	1	Naomi	Jennings	naomi.jennings@sakilacustomer.org	279	t	2006-02-14	2013-05-26 14:49:45.738	1
275	2	Carole	Barnett	carole.barnett@sakilacustomer.org	280	t	2006-02-14	2013-05-26 14:49:45.738	1
276	1	Brandy	Graves	brandy.graves@sakilacustomer.org	281	t	2006-02-14	2013-05-26 14:49:45.738	1
277	2	Olga	Jimenez	olga.jimenez@sakilacustomer.org	282	t	2006-02-14	2013-05-26 14:49:45.738	1
278	2	Billie	Horton	billie.horton@sakilacustomer.org	283	t	2006-02-14	2013-05-26 14:49:45.738	1
279	2	Dianne	Shelton	dianne.shelton@sakilacustomer.org	284	t	2006-02-14	2013-05-26 14:49:45.738	1
280	2	Tracey	Barrett	tracey.barrett@sakilacustomer.org	285	t	2006-02-14	2013-05-26 14:49:45.738	1
281	2	Leona	Obrien	leona.obrien@sakilacustomer.org	286	t	2006-02-14	2013-05-26 14:49:45.738	1
282	2	Jenny	Castro	jenny.castro@sakilacustomer.org	287	t	2006-02-14	2013-05-26 14:49:45.738	1
283	1	Felicia	Sutton	felicia.sutton@sakilacustomer.org	288	t	2006-02-14	2013-05-26 14:49:45.738	1
284	1	Sonia	Gregory	sonia.gregory@sakilacustomer.org	289	t	2006-02-14	2013-05-26 14:49:45.738	1
285	1	Miriam	Mckinney	miriam.mckinney@sakilacustomer.org	290	t	2006-02-14	2013-05-26 14:49:45.738	1
286	1	Velma	Lucas	velma.lucas@sakilacustomer.org	291	t	2006-02-14	2013-05-26 14:49:45.738	1
287	2	Becky	Miles	becky.miles@sakilacustomer.org	292	t	2006-02-14	2013-05-26 14:49:45.738	1
288	1	Bobbie	Craig	bobbie.craig@sakilacustomer.org	293	t	2006-02-14	2013-05-26 14:49:45.738	1
289	1	Violet	Rodriquez	violet.rodriquez@sakilacustomer.org	294	t	2006-02-14	2013-05-26 14:49:45.738	1
290	1	Kristina	Chambers	kristina.chambers@sakilacustomer.org	295	t	2006-02-14	2013-05-26 14:49:45.738	1
291	1	Toni	Holt	toni.holt@sakilacustomer.org	296	t	2006-02-14	2013-05-26 14:49:45.738	1
292	2	Misty	Lambert	misty.lambert@sakilacustomer.org	297	t	2006-02-14	2013-05-26 14:49:45.738	1
293	2	Mae	Fletcher	mae.fletcher@sakilacustomer.org	298	t	2006-02-14	2013-05-26 14:49:45.738	1
294	2	Shelly	Watts	shelly.watts@sakilacustomer.org	299	t	2006-02-14	2013-05-26 14:49:45.738	1
295	1	Daisy	Bates	daisy.bates@sakilacustomer.org	300	t	2006-02-14	2013-05-26 14:49:45.738	1
296	2	Ramona	Hale	ramona.hale@sakilacustomer.org	301	t	2006-02-14	2013-05-26 14:49:45.738	1
297	1	Sherri	Rhodes	sherri.rhodes@sakilacustomer.org	302	t	2006-02-14	2013-05-26 14:49:45.738	1
298	1	Erika	Pena	erika.pena@sakilacustomer.org	303	t	2006-02-14	2013-05-26 14:49:45.738	1
299	2	James	Gannon	james.gannon@sakilacustomer.org	304	t	2006-02-14	2013-05-26 14:49:45.738	1
300	1	John	Farnsworth	john.farnsworth@sakilacustomer.org	305	t	2006-02-14	2013-05-26 14:49:45.738	1
301	2	Robert	Baughman	robert.baughman@sakilacustomer.org	306	t	2006-02-14	2013-05-26 14:49:45.738	1
302	1	Michael	Silverman	michael.silverman@sakilacustomer.org	307	t	2006-02-14	2013-05-26 14:49:45.738	1
303	2	William	Satterfield	william.satterfield@sakilacustomer.org	308	t	2006-02-14	2013-05-26 14:49:45.738	1
304	2	David	Royal	david.royal@sakilacustomer.org	309	t	2006-02-14	2013-05-26 14:49:45.738	1
305	1	Richard	Mccrary	richard.mccrary@sakilacustomer.org	310	t	2006-02-14	2013-05-26 14:49:45.738	1
306	1	Charles	Kowalski	charles.kowalski@sakilacustomer.org	311	t	2006-02-14	2013-05-26 14:49:45.738	1
307	2	Joseph	Joy	joseph.joy@sakilacustomer.org	312	t	2006-02-14	2013-05-26 14:49:45.738	1
308	1	Thomas	Grigsby	thomas.grigsby@sakilacustomer.org	313	t	2006-02-14	2013-05-26 14:49:45.738	1
309	1	Christopher	Greco	christopher.greco@sakilacustomer.org	314	t	2006-02-14	2013-05-26 14:49:45.738	1
310	2	Daniel	Cabral	daniel.cabral@sakilacustomer.org	315	t	2006-02-14	2013-05-26 14:49:45.738	1
311	2	Paul	Trout	paul.trout@sakilacustomer.org	316	t	2006-02-14	2013-05-26 14:49:45.738	1
312	2	Mark	Rinehart	mark.rinehart@sakilacustomer.org	317	t	2006-02-14	2013-05-26 14:49:45.738	1
313	2	Donald	Mahon	donald.mahon@sakilacustomer.org	318	t	2006-02-14	2013-05-26 14:49:45.738	1
314	1	George	Linton	george.linton@sakilacustomer.org	319	t	2006-02-14	2013-05-26 14:49:45.738	1
315	2	Kenneth	Gooden	kenneth.gooden@sakilacustomer.org	320	t	2006-02-14	2013-05-26 14:49:45.738	0
316	1	Steven	Curley	steven.curley@sakilacustomer.org	321	t	2006-02-14	2013-05-26 14:49:45.738	1
317	2	Edward	Baugh	edward.baugh@sakilacustomer.org	322	t	2006-02-14	2013-05-26 14:49:45.738	1
318	1	Brian	Wyman	brian.wyman@sakilacustomer.org	323	t	2006-02-14	2013-05-26 14:49:45.738	1
319	2	Ronald	Weiner	ronald.weiner@sakilacustomer.org	324	t	2006-02-14	2013-05-26 14:49:45.738	1
320	2	Anthony	Schwab	anthony.schwab@sakilacustomer.org	325	t	2006-02-14	2013-05-26 14:49:45.738	1
321	1	Kevin	Schuler	kevin.schuler@sakilacustomer.org	326	t	2006-02-14	2013-05-26 14:49:45.738	1
322	1	Jason	Morrissey	jason.morrissey@sakilacustomer.org	327	t	2006-02-14	2013-05-26 14:49:45.738	1
323	2	Matthew	Mahan	matthew.mahan@sakilacustomer.org	328	t	2006-02-14	2013-05-26 14:49:45.738	1
324	2	Gary	Coy	gary.coy@sakilacustomer.org	329	t	2006-02-14	2013-05-26 14:49:45.738	1
325	1	Timothy	Bunn	timothy.bunn@sakilacustomer.org	330	t	2006-02-14	2013-05-26 14:49:45.738	1
326	1	Jose	Andrew	jose.andrew@sakilacustomer.org	331	t	2006-02-14	2013-05-26 14:49:45.738	1
327	2	Larry	Thrasher	larry.thrasher@sakilacustomer.org	332	t	2006-02-14	2013-05-26 14:49:45.738	1
328	2	Jeffrey	Spear	jeffrey.spear@sakilacustomer.org	333	t	2006-02-14	2013-05-26 14:49:45.738	1
329	2	Frank	Waggoner	frank.waggoner@sakilacustomer.org	334	t	2006-02-14	2013-05-26 14:49:45.738	1
330	1	Scott	Shelley	scott.shelley@sakilacustomer.org	335	t	2006-02-14	2013-05-26 14:49:45.738	1
331	1	Eric	Robert	eric.robert@sakilacustomer.org	336	t	2006-02-14	2013-05-26 14:49:45.738	1
332	1	Stephen	Qualls	stephen.qualls@sakilacustomer.org	337	t	2006-02-14	2013-05-26 14:49:45.738	1
333	2	Andrew	Purdy	andrew.purdy@sakilacustomer.org	338	t	2006-02-14	2013-05-26 14:49:45.738	1
334	2	Raymond	Mcwhorter	raymond.mcwhorter@sakilacustomer.org	339	t	2006-02-14	2013-05-26 14:49:45.738	1
335	1	Gregory	Mauldin	gregory.mauldin@sakilacustomer.org	340	t	2006-02-14	2013-05-26 14:49:45.738	1
336	1	Joshua	Mark	joshua.mark@sakilacustomer.org	341	t	2006-02-14	2013-05-26 14:49:45.738	1
337	1	Jerry	Jordon	jerry.jordon@sakilacustomer.org	342	t	2006-02-14	2013-05-26 14:49:45.738	1
338	1	Dennis	Gilman	dennis.gilman@sakilacustomer.org	343	t	2006-02-14	2013-05-26 14:49:45.738	1
339	2	Walter	Perryman	walter.perryman@sakilacustomer.org	344	t	2006-02-14	2013-05-26 14:49:45.738	1
340	1	Patrick	Newsom	patrick.newsom@sakilacustomer.org	345	t	2006-02-14	2013-05-26 14:49:45.738	1
341	1	Peter	Menard	peter.menard@sakilacustomer.org	346	t	2006-02-14	2013-05-26 14:49:45.738	1
342	1	Harold	Martino	harold.martino@sakilacustomer.org	347	t	2006-02-14	2013-05-26 14:49:45.738	1
343	1	Douglas	Graf	douglas.graf@sakilacustomer.org	348	t	2006-02-14	2013-05-26 14:49:45.738	1
344	1	Henry	Billingsley	henry.billingsley@sakilacustomer.org	349	t	2006-02-14	2013-05-26 14:49:45.738	1
345	1	Carl	Artis	carl.artis@sakilacustomer.org	350	t	2006-02-14	2013-05-26 14:49:45.738	1
346	1	Arthur	Simpkins	arthur.simpkins@sakilacustomer.org	351	t	2006-02-14	2013-05-26 14:49:45.738	1
347	2	Ryan	Salisbury	ryan.salisbury@sakilacustomer.org	352	t	2006-02-14	2013-05-26 14:49:45.738	1
348	2	Roger	Quintanilla	roger.quintanilla@sakilacustomer.org	353	t	2006-02-14	2013-05-26 14:49:45.738	1
349	2	Joe	Gilliland	joe.gilliland@sakilacustomer.org	354	t	2006-02-14	2013-05-26 14:49:45.738	1
350	1	Juan	Fraley	juan.fraley@sakilacustomer.org	355	t	2006-02-14	2013-05-26 14:49:45.738	1
351	1	Jack	Foust	jack.foust@sakilacustomer.org	356	t	2006-02-14	2013-05-26 14:49:45.738	1
352	1	Albert	Crouse	albert.crouse@sakilacustomer.org	357	t	2006-02-14	2013-05-26 14:49:45.738	1
353	1	Jonathan	Scarborough	jonathan.scarborough@sakilacustomer.org	358	t	2006-02-14	2013-05-26 14:49:45.738	1
354	2	Justin	Ngo	justin.ngo@sakilacustomer.org	359	t	2006-02-14	2013-05-26 14:49:45.738	1
355	2	Terry	Grissom	terry.grissom@sakilacustomer.org	360	t	2006-02-14	2013-05-26 14:49:45.738	1
356	2	Gerald	Fultz	gerald.fultz@sakilacustomer.org	361	t	2006-02-14	2013-05-26 14:49:45.738	1
357	1	Keith	Rico	keith.rico@sakilacustomer.org	362	t	2006-02-14	2013-05-26 14:49:45.738	1
358	2	Samuel	Marlow	samuel.marlow@sakilacustomer.org	363	t	2006-02-14	2013-05-26 14:49:45.738	1
359	2	Willie	Markham	willie.markham@sakilacustomer.org	364	t	2006-02-14	2013-05-26 14:49:45.738	1
360	2	Ralph	Madrigal	ralph.madrigal@sakilacustomer.org	365	t	2006-02-14	2013-05-26 14:49:45.738	1
361	2	Lawrence	Lawton	lawrence.lawton@sakilacustomer.org	366	t	2006-02-14	2013-05-26 14:49:45.738	1
362	1	Nicholas	Barfield	nicholas.barfield@sakilacustomer.org	367	t	2006-02-14	2013-05-26 14:49:45.738	1
363	2	Roy	Whiting	roy.whiting@sakilacustomer.org	368	t	2006-02-14	2013-05-26 14:49:45.738	1
364	1	Benjamin	Varney	benjamin.varney@sakilacustomer.org	369	t	2006-02-14	2013-05-26 14:49:45.738	1
365	2	Bruce	Schwarz	bruce.schwarz@sakilacustomer.org	370	t	2006-02-14	2013-05-26 14:49:45.738	1
366	1	Brandon	Huey	brandon.huey@sakilacustomer.org	371	t	2006-02-14	2013-05-26 14:49:45.738	1
367	1	Adam	Gooch	adam.gooch@sakilacustomer.org	372	t	2006-02-14	2013-05-26 14:49:45.738	1
368	1	Harry	Arce	harry.arce@sakilacustomer.org	373	t	2006-02-14	2013-05-26 14:49:45.738	0
369	2	Fred	Wheat	fred.wheat@sakilacustomer.org	374	t	2006-02-14	2013-05-26 14:49:45.738	1
370	2	Wayne	Truong	wayne.truong@sakilacustomer.org	375	t	2006-02-14	2013-05-26 14:49:45.738	1
371	1	Billy	Poulin	billy.poulin@sakilacustomer.org	376	t	2006-02-14	2013-05-26 14:49:45.738	1
372	2	Steve	Mackenzie	steve.mackenzie@sakilacustomer.org	377	t	2006-02-14	2013-05-26 14:49:45.738	1
373	1	Louis	Leone	louis.leone@sakilacustomer.org	378	t	2006-02-14	2013-05-26 14:49:45.738	1
374	2	Jeremy	Hurtado	jeremy.hurtado@sakilacustomer.org	379	t	2006-02-14	2013-05-26 14:49:45.738	1
375	2	Aaron	Selby	aaron.selby@sakilacustomer.org	380	t	2006-02-14	2013-05-26 14:49:45.738	1
376	1	Randy	Gaither	randy.gaither@sakilacustomer.org	381	t	2006-02-14	2013-05-26 14:49:45.738	1
377	1	Howard	Fortner	howard.fortner@sakilacustomer.org	382	t	2006-02-14	2013-05-26 14:49:45.738	1
378	1	Eugene	Culpepper	eugene.culpepper@sakilacustomer.org	383	t	2006-02-14	2013-05-26 14:49:45.738	1
379	1	Carlos	Coughlin	carlos.coughlin@sakilacustomer.org	384	t	2006-02-14	2013-05-26 14:49:45.738	1
380	1	Russell	Brinson	russell.brinson@sakilacustomer.org	385	t	2006-02-14	2013-05-26 14:49:45.738	1
381	2	Bobby	Boudreau	bobby.boudreau@sakilacustomer.org	386	t	2006-02-14	2013-05-26 14:49:45.738	1
382	2	Victor	Barkley	victor.barkley@sakilacustomer.org	387	t	2006-02-14	2013-05-26 14:49:45.738	1
383	1	Martin	Bales	martin.bales@sakilacustomer.org	388	t	2006-02-14	2013-05-26 14:49:45.738	1
384	2	Ernest	Stepp	ernest.stepp@sakilacustomer.org	389	t	2006-02-14	2013-05-26 14:49:45.738	1
385	1	Phillip	Holm	phillip.holm@sakilacustomer.org	390	t	2006-02-14	2013-05-26 14:49:45.738	1
386	1	Todd	Tan	todd.tan@sakilacustomer.org	391	t	2006-02-14	2013-05-26 14:49:45.738	1
387	2	Jesse	Schilling	jesse.schilling@sakilacustomer.org	392	t	2006-02-14	2013-05-26 14:49:45.738	1
388	2	Craig	Morrell	craig.morrell@sakilacustomer.org	393	t	2006-02-14	2013-05-26 14:49:45.738	1
389	1	Alan	Kahn	alan.kahn@sakilacustomer.org	394	t	2006-02-14	2013-05-26 14:49:45.738	1
390	1	Shawn	Heaton	shawn.heaton@sakilacustomer.org	395	t	2006-02-14	2013-05-26 14:49:45.738	1
391	1	Clarence	Gamez	clarence.gamez@sakilacustomer.org	396	t	2006-02-14	2013-05-26 14:49:45.738	1
392	2	Sean	Douglass	sean.douglass@sakilacustomer.org	397	t	2006-02-14	2013-05-26 14:49:45.738	1
393	1	Philip	Causey	philip.causey@sakilacustomer.org	398	t	2006-02-14	2013-05-26 14:49:45.738	1
394	2	Chris	Brothers	chris.brothers@sakilacustomer.org	399	t	2006-02-14	2013-05-26 14:49:45.738	1
395	2	Johnny	Turpin	johnny.turpin@sakilacustomer.org	400	t	2006-02-14	2013-05-26 14:49:45.738	1
396	1	Earl	Shanks	earl.shanks@sakilacustomer.org	401	t	2006-02-14	2013-05-26 14:49:45.738	1
397	1	Jimmy	Schrader	jimmy.schrader@sakilacustomer.org	402	t	2006-02-14	2013-05-26 14:49:45.738	1
398	1	Antonio	Meek	antonio.meek@sakilacustomer.org	403	t	2006-02-14	2013-05-26 14:49:45.738	1
399	1	Danny	Isom	danny.isom@sakilacustomer.org	404	t	2006-02-14	2013-05-26 14:49:45.738	1
400	2	Bryan	Hardison	bryan.hardison@sakilacustomer.org	405	t	2006-02-14	2013-05-26 14:49:45.738	1
401	2	Tony	Carranza	tony.carranza@sakilacustomer.org	406	t	2006-02-14	2013-05-26 14:49:45.738	1
402	1	Luis	Yanez	luis.yanez@sakilacustomer.org	407	t	2006-02-14	2013-05-26 14:49:45.738	1
403	1	Mike	Way	mike.way@sakilacustomer.org	408	t	2006-02-14	2013-05-26 14:49:45.738	1
404	2	Stanley	Scroggins	stanley.scroggins@sakilacustomer.org	409	t	2006-02-14	2013-05-26 14:49:45.738	1
405	1	Leonard	Schofield	leonard.schofield@sakilacustomer.org	410	t	2006-02-14	2013-05-26 14:49:45.738	1
406	1	Nathan	Runyon	nathan.runyon@sakilacustomer.org	411	t	2006-02-14	2013-05-26 14:49:45.738	0
407	1	Dale	Ratcliff	dale.ratcliff@sakilacustomer.org	412	t	2006-02-14	2013-05-26 14:49:45.738	1
408	1	Manuel	Murrell	manuel.murrell@sakilacustomer.org	413	t	2006-02-14	2013-05-26 14:49:45.738	1
409	2	Rodney	Moeller	rodney.moeller@sakilacustomer.org	414	t	2006-02-14	2013-05-26 14:49:45.738	1
410	2	Curtis	Irby	curtis.irby@sakilacustomer.org	415	t	2006-02-14	2013-05-26 14:49:45.738	1
411	1	Norman	Currier	norman.currier@sakilacustomer.org	416	t	2006-02-14	2013-05-26 14:49:45.738	1
412	2	Allen	Butterfield	allen.butterfield@sakilacustomer.org	417	t	2006-02-14	2013-05-26 14:49:45.738	1
413	2	Marvin	Yee	marvin.yee@sakilacustomer.org	418	t	2006-02-14	2013-05-26 14:49:45.738	1
414	1	Vincent	Ralston	vincent.ralston@sakilacustomer.org	419	t	2006-02-14	2013-05-26 14:49:45.738	1
415	1	Glenn	Pullen	glenn.pullen@sakilacustomer.org	420	t	2006-02-14	2013-05-26 14:49:45.738	1
416	2	Jeffery	Pinson	jeffery.pinson@sakilacustomer.org	421	t	2006-02-14	2013-05-26 14:49:45.738	1
417	1	Travis	Estep	travis.estep@sakilacustomer.org	422	t	2006-02-14	2013-05-26 14:49:45.738	1
418	2	Jeff	East	jeff.east@sakilacustomer.org	423	t	2006-02-14	2013-05-26 14:49:45.738	1
419	1	Chad	Carbone	chad.carbone@sakilacustomer.org	424	t	2006-02-14	2013-05-26 14:49:45.738	1
420	1	Jacob	Lance	jacob.lance@sakilacustomer.org	425	t	2006-02-14	2013-05-26 14:49:45.738	1
421	1	Lee	Hawks	lee.hawks@sakilacustomer.org	426	t	2006-02-14	2013-05-26 14:49:45.738	1
422	1	Melvin	Ellington	melvin.ellington@sakilacustomer.org	427	t	2006-02-14	2013-05-26 14:49:45.738	1
423	2	Alfred	Casillas	alfred.casillas@sakilacustomer.org	428	t	2006-02-14	2013-05-26 14:49:45.738	1
424	2	Kyle	Spurlock	kyle.spurlock@sakilacustomer.org	429	t	2006-02-14	2013-05-26 14:49:45.738	1
425	2	Francis	Sikes	francis.sikes@sakilacustomer.org	430	t	2006-02-14	2013-05-26 14:49:45.738	1
426	1	Bradley	Motley	bradley.motley@sakilacustomer.org	431	t	2006-02-14	2013-05-26 14:49:45.738	1
427	2	Jesus	Mccartney	jesus.mccartney@sakilacustomer.org	432	t	2006-02-14	2013-05-26 14:49:45.738	1
428	2	Herbert	Kruger	herbert.kruger@sakilacustomer.org	433	t	2006-02-14	2013-05-26 14:49:45.738	1
429	2	Frederick	Isbell	frederick.isbell@sakilacustomer.org	434	t	2006-02-14	2013-05-26 14:49:45.738	1
430	1	Ray	Houle	ray.houle@sakilacustomer.org	435	t	2006-02-14	2013-05-26 14:49:45.738	1
431	2	Joel	Francisco	joel.francisco@sakilacustomer.org	436	t	2006-02-14	2013-05-26 14:49:45.738	1
432	1	Edwin	Burk	edwin.burk@sakilacustomer.org	437	t	2006-02-14	2013-05-26 14:49:45.738	1
433	1	Don	Bone	don.bone@sakilacustomer.org	438	t	2006-02-14	2013-05-26 14:49:45.738	1
434	1	Eddie	Tomlin	eddie.tomlin@sakilacustomer.org	439	t	2006-02-14	2013-05-26 14:49:45.738	1
435	2	Ricky	Shelby	ricky.shelby@sakilacustomer.org	440	t	2006-02-14	2013-05-26 14:49:45.738	1
436	1	Troy	Quigley	troy.quigley@sakilacustomer.org	441	t	2006-02-14	2013-05-26 14:49:45.738	1
437	2	Randall	Neumann	randall.neumann@sakilacustomer.org	442	t	2006-02-14	2013-05-26 14:49:45.738	1
438	1	Barry	Lovelace	barry.lovelace@sakilacustomer.org	443	t	2006-02-14	2013-05-26 14:49:45.738	1
439	2	Alexander	Fennell	alexander.fennell@sakilacustomer.org	444	t	2006-02-14	2013-05-26 14:49:45.738	1
440	1	Bernard	Colby	bernard.colby@sakilacustomer.org	445	t	2006-02-14	2013-05-26 14:49:45.738	1
441	1	Mario	Cheatham	mario.cheatham@sakilacustomer.org	446	t	2006-02-14	2013-05-26 14:49:45.738	1
442	1	Leroy	Bustamante	leroy.bustamante@sakilacustomer.org	447	t	2006-02-14	2013-05-26 14:49:45.738	1
443	2	Francisco	Skidmore	francisco.skidmore@sakilacustomer.org	448	t	2006-02-14	2013-05-26 14:49:45.738	1
444	2	Marcus	Hidalgo	marcus.hidalgo@sakilacustomer.org	449	t	2006-02-14	2013-05-26 14:49:45.738	1
445	1	Micheal	Forman	micheal.forman@sakilacustomer.org	450	t	2006-02-14	2013-05-26 14:49:45.738	1
446	2	Theodore	Culp	theodore.culp@sakilacustomer.org	451	t	2006-02-14	2013-05-26 14:49:45.738	0
447	1	Clifford	Bowens	clifford.bowens@sakilacustomer.org	452	t	2006-02-14	2013-05-26 14:49:45.738	1
448	1	Miguel	Betancourt	miguel.betancourt@sakilacustomer.org	453	t	2006-02-14	2013-05-26 14:49:45.738	1
449	2	Oscar	Aquino	oscar.aquino@sakilacustomer.org	454	t	2006-02-14	2013-05-26 14:49:45.738	1
450	1	Jay	Robb	jay.robb@sakilacustomer.org	455	t	2006-02-14	2013-05-26 14:49:45.738	1
451	1	Jim	Rea	jim.rea@sakilacustomer.org	456	t	2006-02-14	2013-05-26 14:49:45.738	1
452	1	Tom	Milner	tom.milner@sakilacustomer.org	457	t	2006-02-14	2013-05-26 14:49:45.738	1
453	1	Calvin	Martel	calvin.martel@sakilacustomer.org	458	t	2006-02-14	2013-05-26 14:49:45.738	1
454	2	Alex	Gresham	alex.gresham@sakilacustomer.org	459	t	2006-02-14	2013-05-26 14:49:45.738	1
455	2	Jon	Wiles	jon.wiles@sakilacustomer.org	460	t	2006-02-14	2013-05-26 14:49:45.738	1
456	2	Ronnie	Ricketts	ronnie.ricketts@sakilacustomer.org	461	t	2006-02-14	2013-05-26 14:49:45.738	1
457	2	Bill	Gavin	bill.gavin@sakilacustomer.org	462	t	2006-02-14	2013-05-26 14:49:45.738	1
458	1	Lloyd	Dowd	lloyd.dowd@sakilacustomer.org	463	t	2006-02-14	2013-05-26 14:49:45.738	1
459	1	Tommy	Collazo	tommy.collazo@sakilacustomer.org	464	t	2006-02-14	2013-05-26 14:49:45.738	1
460	1	Leon	Bostic	leon.bostic@sakilacustomer.org	465	t	2006-02-14	2013-05-26 14:49:45.738	1
461	1	Derek	Blakely	derek.blakely@sakilacustomer.org	466	t	2006-02-14	2013-05-26 14:49:45.738	1
462	2	Warren	Sherrod	warren.sherrod@sakilacustomer.org	467	t	2006-02-14	2013-05-26 14:49:45.738	1
463	2	Darrell	Power	darrell.power@sakilacustomer.org	468	t	2006-02-14	2013-05-26 14:49:45.738	1
464	1	Jerome	Kenyon	jerome.kenyon@sakilacustomer.org	469	t	2006-02-14	2013-05-26 14:49:45.738	1
465	1	Floyd	Gandy	floyd.gandy@sakilacustomer.org	470	t	2006-02-14	2013-05-26 14:49:45.738	1
466	1	Leo	Ebert	leo.ebert@sakilacustomer.org	471	t	2006-02-14	2013-05-26 14:49:45.738	1
467	2	Alvin	Deloach	alvin.deloach@sakilacustomer.org	472	t	2006-02-14	2013-05-26 14:49:45.738	1
468	1	Tim	Cary	tim.cary@sakilacustomer.org	473	t	2006-02-14	2013-05-26 14:49:45.738	1
469	2	Wesley	Bull	wesley.bull@sakilacustomer.org	474	t	2006-02-14	2013-05-26 14:49:45.738	1
470	1	Gordon	Allard	gordon.allard@sakilacustomer.org	475	t	2006-02-14	2013-05-26 14:49:45.738	1
471	1	Dean	Sauer	dean.sauer@sakilacustomer.org	476	t	2006-02-14	2013-05-26 14:49:45.738	1
472	1	Greg	Robins	greg.robins@sakilacustomer.org	477	t	2006-02-14	2013-05-26 14:49:45.738	1
473	2	Jorge	Olivares	jorge.olivares@sakilacustomer.org	478	t	2006-02-14	2013-05-26 14:49:45.738	1
474	2	Dustin	Gillette	dustin.gillette@sakilacustomer.org	479	t	2006-02-14	2013-05-26 14:49:45.738	1
475	2	Pedro	Chestnut	pedro.chestnut@sakilacustomer.org	480	t	2006-02-14	2013-05-26 14:49:45.738	1
476	1	Derrick	Bourque	derrick.bourque@sakilacustomer.org	481	t	2006-02-14	2013-05-26 14:49:45.738	1
477	1	Dan	Paine	dan.paine@sakilacustomer.org	482	t	2006-02-14	2013-05-26 14:49:45.738	1
478	1	Lewis	Lyman	lewis.lyman@sakilacustomer.org	483	t	2006-02-14	2013-05-26 14:49:45.738	1
479	1	Zachary	Hite	zachary.hite@sakilacustomer.org	484	t	2006-02-14	2013-05-26 14:49:45.738	1
480	1	Corey	Hauser	corey.hauser@sakilacustomer.org	485	t	2006-02-14	2013-05-26 14:49:45.738	1
481	1	Herman	Devore	herman.devore@sakilacustomer.org	486	t	2006-02-14	2013-05-26 14:49:45.738	1
482	1	Maurice	Crawley	maurice.crawley@sakilacustomer.org	487	t	2006-02-14	2013-05-26 14:49:45.738	0
483	2	Vernon	Chapa	vernon.chapa@sakilacustomer.org	488	t	2006-02-14	2013-05-26 14:49:45.738	1
484	1	Roberto	Vu	roberto.vu@sakilacustomer.org	489	t	2006-02-14	2013-05-26 14:49:45.738	1
485	1	Clyde	Tobias	clyde.tobias@sakilacustomer.org	490	t	2006-02-14	2013-05-26 14:49:45.738	1
486	1	Glen	Talbert	glen.talbert@sakilacustomer.org	491	t	2006-02-14	2013-05-26 14:49:45.738	1
487	2	Hector	Poindexter	hector.poindexter@sakilacustomer.org	492	t	2006-02-14	2013-05-26 14:49:45.738	1
488	2	Shane	Millard	shane.millard@sakilacustomer.org	493	t	2006-02-14	2013-05-26 14:49:45.738	1
489	1	Ricardo	Meador	ricardo.meador@sakilacustomer.org	494	t	2006-02-14	2013-05-26 14:49:45.738	1
490	1	Sam	Mcduffie	sam.mcduffie@sakilacustomer.org	495	t	2006-02-14	2013-05-26 14:49:45.738	1
491	2	Rick	Mattox	rick.mattox@sakilacustomer.org	496	t	2006-02-14	2013-05-26 14:49:45.738	1
492	2	Lester	Kraus	lester.kraus@sakilacustomer.org	497	t	2006-02-14	2013-05-26 14:49:45.738	1
493	1	Brent	Harkins	brent.harkins@sakilacustomer.org	498	t	2006-02-14	2013-05-26 14:49:45.738	1
494	2	Ramon	Choate	ramon.choate@sakilacustomer.org	499	t	2006-02-14	2013-05-26 14:49:45.738	1
495	2	Charlie	Bess	charlie.bess@sakilacustomer.org	500	t	2006-02-14	2013-05-26 14:49:45.738	1
496	2	Tyler	Wren	tyler.wren@sakilacustomer.org	501	t	2006-02-14	2013-05-26 14:49:45.738	1
497	2	Gilbert	Sledge	gilbert.sledge@sakilacustomer.org	502	t	2006-02-14	2013-05-26 14:49:45.738	1
498	1	Gene	Sanborn	gene.sanborn@sakilacustomer.org	503	t	2006-02-14	2013-05-26 14:49:45.738	1
499	2	Marc	Outlaw	marc.outlaw@sakilacustomer.org	504	t	2006-02-14	2013-05-26 14:49:45.738	1
500	1	Reginald	Kinder	reginald.kinder@sakilacustomer.org	505	t	2006-02-14	2013-05-26 14:49:45.738	1
501	1	Ruben	Geary	ruben.geary@sakilacustomer.org	506	t	2006-02-14	2013-05-26 14:49:45.738	1
502	1	Brett	Cornwell	brett.cornwell@sakilacustomer.org	507	t	2006-02-14	2013-05-26 14:49:45.738	1
503	1	Angel	Barclay	angel.barclay@sakilacustomer.org	508	t	2006-02-14	2013-05-26 14:49:45.738	1
504	1	Nathaniel	Adam	nathaniel.adam@sakilacustomer.org	509	t	2006-02-14	2013-05-26 14:49:45.738	1
505	1	Rafael	Abney	rafael.abney@sakilacustomer.org	510	t	2006-02-14	2013-05-26 14:49:45.738	1
506	2	Leslie	Seward	leslie.seward@sakilacustomer.org	511	t	2006-02-14	2013-05-26 14:49:45.738	1
507	2	Edgar	Rhoads	edgar.rhoads@sakilacustomer.org	512	t	2006-02-14	2013-05-26 14:49:45.738	1
508	2	Milton	Howland	milton.howland@sakilacustomer.org	513	t	2006-02-14	2013-05-26 14:49:45.738	1
509	1	Raul	Fortier	raul.fortier@sakilacustomer.org	514	t	2006-02-14	2013-05-26 14:49:45.738	1
510	2	Ben	Easter	ben.easter@sakilacustomer.org	515	t	2006-02-14	2013-05-26 14:49:45.738	0
511	1	Chester	Benner	chester.benner@sakilacustomer.org	516	t	2006-02-14	2013-05-26 14:49:45.738	1
512	1	Cecil	Vines	cecil.vines@sakilacustomer.org	517	t	2006-02-14	2013-05-26 14:49:45.738	1
513	2	Duane	Tubbs	duane.tubbs@sakilacustomer.org	519	t	2006-02-14	2013-05-26 14:49:45.738	1
514	2	Franklin	Troutman	franklin.troutman@sakilacustomer.org	520	t	2006-02-14	2013-05-26 14:49:45.738	1
515	1	Andre	Rapp	andre.rapp@sakilacustomer.org	521	t	2006-02-14	2013-05-26 14:49:45.738	1
516	2	Elmer	Noe	elmer.noe@sakilacustomer.org	522	t	2006-02-14	2013-05-26 14:49:45.738	1
517	2	Brad	Mccurdy	brad.mccurdy@sakilacustomer.org	523	t	2006-02-14	2013-05-26 14:49:45.738	1
518	1	Gabriel	Harder	gabriel.harder@sakilacustomer.org	524	t	2006-02-14	2013-05-26 14:49:45.738	1
519	2	Ron	Deluca	ron.deluca@sakilacustomer.org	525	t	2006-02-14	2013-05-26 14:49:45.738	1
520	2	Mitchell	Westmoreland	mitchell.westmoreland@sakilacustomer.org	526	t	2006-02-14	2013-05-26 14:49:45.738	1
521	2	Roland	South	roland.south@sakilacustomer.org	527	t	2006-02-14	2013-05-26 14:49:45.738	1
522	2	Arnold	Havens	arnold.havens@sakilacustomer.org	528	t	2006-02-14	2013-05-26 14:49:45.738	1
523	1	Harvey	Guajardo	harvey.guajardo@sakilacustomer.org	529	t	2006-02-14	2013-05-26 14:49:45.738	1
525	2	Adrian	Clary	adrian.clary@sakilacustomer.org	531	t	2006-02-14	2013-05-26 14:49:45.738	1
526	2	Karl	Seal	karl.seal@sakilacustomer.org	532	t	2006-02-14	2013-05-26 14:49:45.738	1
527	1	Cory	Meehan	cory.meehan@sakilacustomer.org	533	t	2006-02-14	2013-05-26 14:49:45.738	1
528	1	Claude	Herzog	claude.herzog@sakilacustomer.org	534	t	2006-02-14	2013-05-26 14:49:45.738	1
529	2	Erik	Guillen	erik.guillen@sakilacustomer.org	535	t	2006-02-14	2013-05-26 14:49:45.738	1
530	2	Darryl	Ashcraft	darryl.ashcraft@sakilacustomer.org	536	t	2006-02-14	2013-05-26 14:49:45.738	1
531	2	Jamie	Waugh	jamie.waugh@sakilacustomer.org	537	t	2006-02-14	2013-05-26 14:49:45.738	1
532	2	Neil	Renner	neil.renner@sakilacustomer.org	538	t	2006-02-14	2013-05-26 14:49:45.738	1
533	1	Jessie	Milam	jessie.milam@sakilacustomer.org	539	t	2006-02-14	2013-05-26 14:49:45.738	1
534	1	Christian	Jung	christian.jung@sakilacustomer.org	540	t	2006-02-14	2013-05-26 14:49:45.738	0
535	1	Javier	Elrod	javier.elrod@sakilacustomer.org	541	t	2006-02-14	2013-05-26 14:49:45.738	1
536	2	Fernando	Churchill	fernando.churchill@sakilacustomer.org	542	t	2006-02-14	2013-05-26 14:49:45.738	1
537	2	Clinton	Buford	clinton.buford@sakilacustomer.org	543	t	2006-02-14	2013-05-26 14:49:45.738	1
538	2	Ted	Breaux	ted.breaux@sakilacustomer.org	544	t	2006-02-14	2013-05-26 14:49:45.738	1
539	1	Mathew	Bolin	mathew.bolin@sakilacustomer.org	545	t	2006-02-14	2013-05-26 14:49:45.738	1
540	1	Tyrone	Asher	tyrone.asher@sakilacustomer.org	546	t	2006-02-14	2013-05-26 14:49:45.738	1
541	2	Darren	Windham	darren.windham@sakilacustomer.org	547	t	2006-02-14	2013-05-26 14:49:45.738	1
542	2	Lonnie	Tirado	lonnie.tirado@sakilacustomer.org	548	t	2006-02-14	2013-05-26 14:49:45.738	1
543	1	Lance	Pemberton	lance.pemberton@sakilacustomer.org	549	t	2006-02-14	2013-05-26 14:49:45.738	1
544	2	Cody	Nolen	cody.nolen@sakilacustomer.org	550	t	2006-02-14	2013-05-26 14:49:45.738	1
545	2	Julio	Noland	julio.noland@sakilacustomer.org	551	t	2006-02-14	2013-05-26 14:49:45.738	1
546	1	Kelly	Knott	kelly.knott@sakilacustomer.org	552	t	2006-02-14	2013-05-26 14:49:45.738	1
547	1	Kurt	Emmons	kurt.emmons@sakilacustomer.org	553	t	2006-02-14	2013-05-26 14:49:45.738	1
548	1	Allan	Cornish	allan.cornish@sakilacustomer.org	554	t	2006-02-14	2013-05-26 14:49:45.738	1
549	1	Nelson	Christenson	nelson.christenson@sakilacustomer.org	555	t	2006-02-14	2013-05-26 14:49:45.738	1
550	2	Guy	Brownlee	guy.brownlee@sakilacustomer.org	556	t	2006-02-14	2013-05-26 14:49:45.738	1
551	2	Clayton	Barbee	clayton.barbee@sakilacustomer.org	557	t	2006-02-14	2013-05-26 14:49:45.738	1
552	2	Hugh	Waldrop	hugh.waldrop@sakilacustomer.org	558	t	2006-02-14	2013-05-26 14:49:45.738	1
553	1	Max	Pitt	max.pitt@sakilacustomer.org	559	t	2006-02-14	2013-05-26 14:49:45.738	1
554	1	Dwayne	Olvera	dwayne.olvera@sakilacustomer.org	560	t	2006-02-14	2013-05-26 14:49:45.738	1
555	1	Dwight	Lombardi	dwight.lombardi@sakilacustomer.org	561	t	2006-02-14	2013-05-26 14:49:45.738	1
556	2	Armando	Gruber	armando.gruber@sakilacustomer.org	562	t	2006-02-14	2013-05-26 14:49:45.738	1
557	1	Felix	Gaffney	felix.gaffney@sakilacustomer.org	563	t	2006-02-14	2013-05-26 14:49:45.738	1
558	1	Jimmie	Eggleston	jimmie.eggleston@sakilacustomer.org	564	t	2006-02-14	2013-05-26 14:49:45.738	0
559	2	Everett	Banda	everett.banda@sakilacustomer.org	565	t	2006-02-14	2013-05-26 14:49:45.738	1
560	1	Jordan	Archuleta	jordan.archuleta@sakilacustomer.org	566	t	2006-02-14	2013-05-26 14:49:45.738	1
561	2	Ian	Still	ian.still@sakilacustomer.org	567	t	2006-02-14	2013-05-26 14:49:45.738	1
562	1	Wallace	Slone	wallace.slone@sakilacustomer.org	568	t	2006-02-14	2013-05-26 14:49:45.738	1
563	2	Ken	Prewitt	ken.prewitt@sakilacustomer.org	569	t	2006-02-14	2013-05-26 14:49:45.738	1
564	2	Bob	Pfeiffer	bob.pfeiffer@sakilacustomer.org	570	t	2006-02-14	2013-05-26 14:49:45.738	1
565	2	Jaime	Nettles	jaime.nettles@sakilacustomer.org	571	t	2006-02-14	2013-05-26 14:49:45.738	1
566	1	Casey	Mena	casey.mena@sakilacustomer.org	572	t	2006-02-14	2013-05-26 14:49:45.738	1
567	2	Alfredo	Mcadams	alfredo.mcadams@sakilacustomer.org	573	t	2006-02-14	2013-05-26 14:49:45.738	1
568	2	Alberto	Henning	alberto.henning@sakilacustomer.org	574	t	2006-02-14	2013-05-26 14:49:45.738	1
569	2	Dave	Gardiner	dave.gardiner@sakilacustomer.org	575	t	2006-02-14	2013-05-26 14:49:45.738	1
570	2	Ivan	Cromwell	ivan.cromwell@sakilacustomer.org	576	t	2006-02-14	2013-05-26 14:49:45.738	1
571	2	Johnnie	Chisholm	johnnie.chisholm@sakilacustomer.org	577	t	2006-02-14	2013-05-26 14:49:45.738	1
572	1	Sidney	Burleson	sidney.burleson@sakilacustomer.org	578	t	2006-02-14	2013-05-26 14:49:45.738	1
573	1	Byron	Box	byron.box@sakilacustomer.org	579	t	2006-02-14	2013-05-26 14:49:45.738	1
574	2	Julian	Vest	julian.vest@sakilacustomer.org	580	t	2006-02-14	2013-05-26 14:49:45.738	1
575	2	Isaac	Oglesby	isaac.oglesby@sakilacustomer.org	581	t	2006-02-14	2013-05-26 14:49:45.738	1
576	2	Morris	Mccarter	morris.mccarter@sakilacustomer.org	582	t	2006-02-14	2013-05-26 14:49:45.738	1
577	2	Clifton	Malcolm	clifton.malcolm@sakilacustomer.org	583	t	2006-02-14	2013-05-26 14:49:45.738	1
578	2	Willard	Lumpkin	willard.lumpkin@sakilacustomer.org	584	t	2006-02-14	2013-05-26 14:49:45.738	1
579	2	Daryl	Larue	daryl.larue@sakilacustomer.org	585	t	2006-02-14	2013-05-26 14:49:45.738	1
580	1	Ross	Grey	ross.grey@sakilacustomer.org	586	t	2006-02-14	2013-05-26 14:49:45.738	1
581	1	Virgil	Wofford	virgil.wofford@sakilacustomer.org	587	t	2006-02-14	2013-05-26 14:49:45.738	1
582	2	Andy	Vanhorn	andy.vanhorn@sakilacustomer.org	588	t	2006-02-14	2013-05-26 14:49:45.738	1
583	1	Marshall	Thorn	marshall.thorn@sakilacustomer.org	589	t	2006-02-14	2013-05-26 14:49:45.738	1
584	2	Salvador	Teel	salvador.teel@sakilacustomer.org	590	t	2006-02-14	2013-05-26 14:49:45.738	1
585	1	Perry	Swafford	perry.swafford@sakilacustomer.org	591	t	2006-02-14	2013-05-26 14:49:45.738	1
586	1	Kirk	Stclair	kirk.stclair@sakilacustomer.org	592	t	2006-02-14	2013-05-26 14:49:45.738	1
587	1	Sergio	Stanfield	sergio.stanfield@sakilacustomer.org	593	t	2006-02-14	2013-05-26 14:49:45.738	1
588	1	Marion	Ocampo	marion.ocampo@sakilacustomer.org	594	t	2006-02-14	2013-05-26 14:49:45.738	1
589	1	Tracy	Herrmann	tracy.herrmann@sakilacustomer.org	595	t	2006-02-14	2013-05-26 14:49:45.738	1
590	2	Seth	Hannon	seth.hannon@sakilacustomer.org	596	t	2006-02-14	2013-05-26 14:49:45.738	1
591	1	Kent	Arsenault	kent.arsenault@sakilacustomer.org	597	t	2006-02-14	2013-05-26 14:49:45.738	1
592	1	Terrance	Roush	terrance.roush@sakilacustomer.org	598	t	2006-02-14	2013-05-26 14:49:45.738	0
593	2	Rene	Mcalister	rene.mcalister@sakilacustomer.org	599	t	2006-02-14	2013-05-26 14:49:45.738	1
594	1	Eduardo	Hiatt	eduardo.hiatt@sakilacustomer.org	600	t	2006-02-14	2013-05-26 14:49:45.738	1
595	1	Terrence	Gunderson	terrence.gunderson@sakilacustomer.org	601	t	2006-02-14	2013-05-26 14:49:45.738	1
596	1	Enrique	Forsythe	enrique.forsythe@sakilacustomer.org	602	t	2006-02-14	2013-05-26 14:49:45.738	1
597	1	Freddie	Duggan	freddie.duggan@sakilacustomer.org	603	t	2006-02-14	2013-05-26 14:49:45.738	1
598	1	Wade	Delvalle	wade.delvalle@sakilacustomer.org	604	t	2006-02-14	2013-05-26 14:49:45.738	1
599	2	Austin	Cintron	austin.cintron@sakilacustomer.org	605	t	2006-02-14	2013-05-26 14:49:45.738	1
\.


--
-- TOC entry 2985 (class 0 OID 280122)
-- Dependencies: 209
-- Data for Name: film; Type: TABLE DATA; Schema: public; Owner: postgres
--

COPY public.film (film_id, title, description, release_year, language_id, rental_duration, rental_rate, length, replacement_cost, rating, last_update, special_features, fulltext) FROM stdin;
133	Chamber Italian	A Fateful Reflection of a Moose And a Husband who must Overcome a Monkey in Nigeria	2006	1	7	4.99	117	14.99	NC-17	2013-05-26 14:50:58.951	{Trailers}	'chamber':1 'fate':4 'husband':11 'italian':2 'monkey':16 'moos':8 'must':13 'nigeria':18 'overcom':14 'reflect':5
384	Grosse Wonderful	A Epic Drama of a Cat And a Explorer who must Redeem a Moose in Australia	2006	1	5	4.99	49	19.99	R	2013-05-26 14:50:58.951	{"Behind the Scenes"}	'australia':18 'cat':8 'drama':5 'epic':4 'explor':11 'gross':1 'moos':16 'must':13 'redeem':14 'wonder':2
8	Airport Pollock	A Epic Tale of a Moose And a Girl who must Confront a Monkey in Ancient India	2006	1	6	4.99	54	15.99	R	2013-05-26 14:50:58.951	{Trailers}	'airport':1 'ancient':18 'confront':14 'epic':4 'girl':11 'india':19 'monkey':16 'moos':8 'must':13 'pollock':2 'tale':5
1	Academy Dinosaur	A Epic Drama of a Feminist And a Mad Scientist who must Battle a Teacher in The Canadian Rockies	2006	1	6	0.99	86	20.99	PG	2013-05-26 14:50:58.951	{"Deleted Scenes","Behind the Scenes"}	'academi':1 'battl':15 'canadian':20 'dinosaur':2 'drama':5 'epic':4 'feminist':8 'mad':11 'must':14 'rocki':21 'scientist':12 'teacher':17
2	Ace Goldfinger	A Astounding Epistle of a Database Administrator And a Explorer who must Find a Car in Ancient China	2006	1	3	4.99	48	12.99	G	2013-05-26 14:50:58.951	{Trailers,"Deleted Scenes"}	'ace':1 'administr':9 'ancient':19 'astound':4 'car':17 'china':20 'databas':8 'epistl':5 'explor':12 'find':15 'goldfing':2 'must':14
3	Adaptation Holes	A Astounding Reflection of a Lumberjack And a Car who must Sink a Lumberjack in A Baloon Factory	2006	1	7	2.99	50	18.99	NC-17	2013-05-26 14:50:58.951	{Trailers,"Deleted Scenes"}	'adapt':1 'astound':4 'baloon':19 'car':11 'factori':20 'hole':2 'lumberjack':8,16 'must':13 'reflect':5 'sink':14
4	Affair Prejudice	A Fanciful Documentary of a Frisbee And a Lumberjack who must Chase a Monkey in A Shark Tank	2006	1	5	2.99	117	26.99	G	2013-05-26 14:50:58.951	{Commentaries,"Behind the Scenes"}	'affair':1 'chase':14 'documentari':5 'fanci':4 'frisbe':8 'lumberjack':11 'monkey':16 'must':13 'prejudic':2 'shark':19 'tank':20
5	African Egg	A Fast-Paced Documentary of a Pastry Chef And a Dentist who must Pursue a Forensic Psychologist in The Gulf of Mexico	2006	1	6	2.99	130	22.99	G	2013-05-26 14:50:58.951	{"Deleted Scenes"}	'african':1 'chef':11 'dentist':14 'documentari':7 'egg':2 'fast':5 'fast-pac':4 'forens':19 'gulf':23 'mexico':25 'must':16 'pace':6 'pastri':10 'psychologist':20 'pursu':17
6	Agent Truman	A Intrepid Panorama of a Robot And a Boy who must Escape a Sumo Wrestler in Ancient China	2006	1	3	2.99	169	17.99	PG	2013-05-26 14:50:58.951	{"Deleted Scenes"}	'agent':1 'ancient':19 'boy':11 'china':20 'escap':14 'intrepid':4 'must':13 'panorama':5 'robot':8 'sumo':16 'truman':2 'wrestler':17
7	Airplane Sierra	A Touching Saga of a Hunter And a Butler who must Discover a Butler in A Jet Boat	2006	1	6	4.99	62	28.99	PG-13	2013-05-26 14:50:58.951	{Trailers,"Deleted Scenes"}	'airplan':1 'boat':20 'butler':11,16 'discov':14 'hunter':8 'jet':19 'must':13 'saga':5 'sierra':2 'touch':4
9	Alabama Devil	A Thoughtful Panorama of a Database Administrator And a Mad Scientist who must Outgun a Mad Scientist in A Jet Boat	2006	1	3	2.99	114	21.99	PG-13	2013-05-26 14:50:58.951	{Trailers,"Deleted Scenes"}	'administr':9 'alabama':1 'boat':23 'databas':8 'devil':2 'jet':22 'mad':12,18 'must':15 'outgun':16 'panorama':5 'scientist':13,19 'thought':4
10	Aladdin Calendar	A Action-Packed Tale of a Man And a Lumberjack who must Reach a Feminist in Ancient China	2006	1	6	4.99	63	24.99	NC-17	2013-05-26 14:50:58.951	{Trailers,"Deleted Scenes"}	'action':5 'action-pack':4 'aladdin':1 'ancient':20 'calendar':2 'china':21 'feminist':18 'lumberjack':13 'man':10 'must':15 'pack':6 'reach':16 'tale':7
11	Alamo Videotape	A Boring Epistle of a Butler And a Cat who must Fight a Pastry Chef in A MySQL Convention	2006	1	6	0.99	126	16.99	G	2013-05-26 14:50:58.951	{Commentaries,"Behind the Scenes"}	'alamo':1 'bore':4 'butler':8 'cat':11 'chef':17 'convent':21 'epistl':5 'fight':14 'must':13 'mysql':20 'pastri':16 'videotap':2
12	Alaska Phantom	A Fanciful Saga of a Hunter And a Pastry Chef who must Vanquish a Boy in Australia	2006	1	6	0.99	136	22.99	PG	2013-05-26 14:50:58.951	{Commentaries,"Deleted Scenes"}	'alaska':1 'australia':19 'boy':17 'chef':12 'fanci':4 'hunter':8 'must':14 'pastri':11 'phantom':2 'saga':5 'vanquish':15
213	Date Speed	A Touching Saga of a Composer And a Moose who must Discover a Dentist in A MySQL Convention	2006	1	4	0.99	104	19.99	R	2013-05-26 14:50:58.951	{Commentaries}	'compos':8 'convent':20 'date':1 'dentist':16 'discov':14 'moos':11 'must':13 'mysql':19 'saga':5 'speed':2 'touch':4
13	Ali Forever	A Action-Packed Drama of a Dentist And a Crocodile who must Battle a Feminist in The Canadian Rockies	2006	1	4	4.99	150	21.99	PG	2013-05-26 14:50:58.951	{"Deleted Scenes","Behind the Scenes"}	'action':5 'action-pack':4 'ali':1 'battl':16 'canadian':21 'crocodil':13 'dentist':10 'drama':7 'feminist':18 'forev':2 'must':15 'pack':6 'rocki':22
14	Alice Fantasia	A Emotional Drama of a A Shark And a Database Administrator who must Vanquish a Pioneer in Soviet Georgia	2006	1	6	0.99	94	23.99	NC-17	2013-05-26 14:50:58.951	{Trailers,"Deleted Scenes","Behind the Scenes"}	'administr':13 'alic':1 'databas':12 'drama':5 'emot':4 'fantasia':2 'georgia':21 'must':15 'pioneer':18 'shark':9 'soviet':20 'vanquish':16
15	Alien Center	A Brilliant Drama of a Cat And a Mad Scientist who must Battle a Feminist in A MySQL Convention	2006	1	5	2.99	46	10.99	NC-17	2013-05-26 14:50:58.951	{Trailers,Commentaries,"Behind the Scenes"}	'alien':1 'battl':15 'brilliant':4 'cat':8 'center':2 'convent':21 'drama':5 'feminist':17 'mad':11 'must':14 'mysql':20 'scientist':12
31	Apache Divine	A Awe-Inspiring Reflection of a Pastry Chef And a Teacher who must Overcome a Sumo Wrestler in A U-Boat	2006	3	5	4.99	92	16.99	NC-17	2013-05-26 14:50:58.951	{Commentaries,"Deleted Scenes","Behind the Scenes"}	'apach':1 'awe':5 'awe-inspir':4 'boat':25 'chef':11 'divin':2 'inspir':6 'must':16 'overcom':17 'pastri':10 'reflect':7 'sumo':19 'teacher':14 'u':24 'u-boat':23 'wrestler':20
32	Apocalypse Flamingos	A Astounding Story of a Dog And a Squirrel who must Defeat a Woman in An Abandoned Amusement Park	2006	3	6	4.99	119	11.99	R	2013-05-26 14:50:58.951	{Trailers,Commentaries}	'abandon':19 'amus':20 'apocalyps':1 'astound':4 'defeat':14 'dog':8 'flamingo':2 'must':13 'park':21 'squirrel':11 'stori':5 'woman':16
33	Apollo Teen	A Action-Packed Reflection of a Crocodile And a Explorer who must Find a Sumo Wrestler in An Abandoned Mine Shaft	2006	3	5	2.99	153	15.99	PG-13	2013-05-26 14:50:58.951	{Trailers,Commentaries,"Deleted Scenes","Behind the Scenes"}	'abandon':22 'action':5 'action-pack':4 'apollo':1 'crocodil':10 'explor':13 'find':16 'mine':23 'must':15 'pack':6 'reflect':7 'shaft':24 'sumo':18 'teen':2 'wrestler':19
265	Dying Maker	A Intrepid Tale of a Boat And a Monkey who must Kill a Cat in California	2006	1	5	4.99	168	28.99	PG	2013-05-26 14:50:58.951	{"Behind the Scenes"}	'boat':8 'california':18 'cat':16 'die':1 'intrepid':4 'kill':14 'maker':2 'monkey':11 'must':13 'tale':5
46	Autumn Crow	A Beautiful Tale of a Dentist And a Mad Cow who must Battle a Moose in The Sahara Desert	2006	1	3	4.99	108	13.99	G	2013-05-26 14:50:58.951	{Trailers,Commentaries,"Deleted Scenes","Behind the Scenes"}	'autumn':1 'battl':15 'beauti':4 'cow':12 'crow':2 'dentist':8 'desert':21 'mad':11 'moos':17 'must':14 'sahara':20 'tale':5
47	Baby Hall	A Boring Character Study of a A Shark And a Girl who must Outrace a Feminist in An Abandoned Mine Shaft	2006	4	5	4.99	153	23.99	NC-17	2013-05-26 14:50:58.951	{Commentaries}	'abandon':21 'babi':1 'bore':4 'charact':5 'feminist':18 'girl':13 'hall':2 'mine':22 'must':15 'outrac':16 'shaft':23 'shark':10 'studi':6
48	Backlash Undefeated	A Stunning Character Study of a Mad Scientist And a Mad Cow who must Kill a Car in A Monastery	2006	4	3	4.99	118	24.99	PG-13	2013-05-26 14:50:58.951	{Trailers,"Behind the Scenes"}	'backlash':1 'car':19 'charact':5 'cow':14 'kill':17 'mad':9,13 'monasteri':22 'must':16 'scientist':10 'studi':6 'stun':4 'undef':2
49	Badman Dawn	A Emotional Panorama of a Pioneer And a Composer who must Escape a Mad Scientist in A Jet Boat	2006	4	6	2.99	162	22.99	R	2013-05-26 14:50:58.951	{Trailers,Commentaries,"Behind the Scenes"}	'badman':1 'boat':21 'compos':11 'dawn':2 'emot':4 'escap':14 'jet':20 'mad':16 'must':13 'panorama':5 'pioneer':8 'scientist':17
50	Baked Cleopatra	A Stunning Drama of a Forensic Psychologist And a Husband who must Overcome a Waitress in A Monastery	2006	4	3	2.99	182	20.99	G	2013-05-26 14:50:58.951	{Commentaries,"Behind the Scenes"}	'bake':1 'cleopatra':2 'drama':5 'forens':8 'husband':12 'monasteri':20 'must':14 'overcom':15 'psychologist':9 'stun':4 'waitress':17
126	Casualties Encino	A Insightful Yarn of a A Shark And a Pastry Chef who must Face a Boy in A Monastery	2006	1	3	4.99	179	16.99	G	2013-05-26 14:50:58.951	{Trailers}	'boy':18 'casualti':1 'chef':13 'encino':2 'face':16 'insight':4 'monasteri':21 'must':15 'pastri':12 'shark':9 'yarn':5
61	Beauty Grease	A Fast-Paced Display of a Composer And a Moose who must Sink a Robot in An Abandoned Mine Shaft	2006	5	5	4.99	175	28.99	G	2013-05-26 14:50:58.951	{Trailers,Commentaries}	'abandon':21 'beauti':1 'compos':10 'display':7 'fast':5 'fast-pac':4 'greas':2 'mine':22 'moos':13 'must':15 'pace':6 'robot':18 'shaft':23 'sink':16
62	Bed Highball	A Astounding Panorama of a Lumberjack And a Dog who must Redeem a Woman in An Abandoned Fun House	2006	5	5	2.99	106	23.99	NC-17	2013-05-26 14:50:58.951	{Trailers,Commentaries,"Deleted Scenes"}	'abandon':19 'astound':4 'bed':1 'dog':11 'fun':20 'highbal':2 'hous':21 'lumberjack':8 'must':13 'panorama':5 'redeem':14 'woman':16
63	Bedazzled Married	A Astounding Character Study of a Madman And a Robot who must Meet a Mad Scientist in An Abandoned Fun House	2006	5	6	0.99	73	21.99	PG	2013-05-26 14:50:58.951	{Trailers,"Deleted Scenes","Behind the Scenes"}	'abandon':21 'astound':4 'bedazzl':1 'charact':5 'fun':22 'hous':23 'mad':17 'madman':9 'marri':2 'meet':15 'must':14 'robot':12 'scientist':18 'studi':6
64	Beethoven Exorcist	A Epic Display of a Pioneer And a Student who must Challenge a Butler in The Gulf of Mexico	2006	5	6	0.99	151	26.99	PG-13	2013-05-26 14:50:58.951	{Commentaries,"Behind the Scenes"}	'beethoven':1 'butler':16 'challeng':14 'display':5 'epic':4 'exorcist':2 'gulf':19 'mexico':21 'must':13 'pioneer':8 'student':11
65	Behavior Runaway	A Unbelieveable Drama of a Student And a Husband who must Outrace a Sumo Wrestler in Berlin	2006	5	3	4.99	100	20.99	PG	2013-05-26 14:50:58.951	{Trailers,"Deleted Scenes","Behind the Scenes"}	'behavior':1 'berlin':19 'drama':5 'husband':11 'must':13 'outrac':14 'runaway':2 'student':8 'sumo':16 'unbeliev':4 'wrestler':17
66	Beneath Rush	A Astounding Panorama of a Man And a Monkey who must Discover a Man in The First Manned Space Station	2006	5	6	0.99	53	27.99	NC-17	2013-05-26 14:50:58.951	{Commentaries,"Deleted Scenes"}	'astound':4 'beneath':1 'discov':14 'first':19 'man':8,16,20 'monkey':11 'must':13 'panorama':5 'rush':2 'space':21 'station':22
67	Berets Agent	A Taut Saga of a Crocodile And a Boy who must Overcome a Technical Writer in Ancient China	2006	5	5	2.99	77	24.99	PG-13	2013-05-26 14:50:58.951	{"Deleted Scenes"}	'agent':2 'ancient':19 'beret':1 'boy':11 'china':20 'crocodil':8 'must':13 'overcom':14 'saga':5 'taut':4 'technic':16 'writer':17
76	Birdcage Casper	A Fast-Paced Saga of a Frisbee And a Astronaut who must Overcome a Feminist in Ancient India	2006	6	4	0.99	103	23.99	NC-17	2013-05-26 14:50:58.951	{Commentaries,"Deleted Scenes","Behind the Scenes"}	'ancient':20 'astronaut':13 'birdcag':1 'casper':2 'fast':5 'fast-pac':4 'feminist':18 'frisbe':10 'india':21 'must':15 'overcom':16 'pace':6 'saga':7
77	Birds Perdition	A Boring Story of a Womanizer And a Pioneer who must Face a Dog in California	2006	6	5	4.99	61	15.99	G	2013-05-26 14:50:58.951	{Trailers,"Behind the Scenes"}	'bird':1 'bore':4 'california':18 'dog':16 'face':14 'must':13 'perdit':2 'pioneer':11 'stori':5 'woman':8
78	Blackout Private	A Intrepid Yarn of a Pastry Chef And a Mad Scientist who must Challenge a Secret Agent in Ancient Japan	2006	6	7	2.99	85	12.99	PG	2013-05-26 14:50:58.951	{Trailers,"Deleted Scenes"}	'agent':19 'ancient':21 'blackout':1 'challeng':16 'chef':9 'intrepid':4 'japan':22 'mad':12 'must':15 'pastri':8 'privat':2 'scientist':13 'secret':18 'yarn':5
79	Blade Polish	A Thoughtful Character Study of a Frisbee And a Pastry Chef who must Fight a Dentist in The First Manned Space Station	2006	6	5	0.99	114	10.99	PG-13	2013-05-26 14:50:58.951	{Trailers,"Behind the Scenes"}	'blade':1 'charact':5 'chef':13 'dentist':18 'fight':16 'first':21 'frisbe':9 'man':22 'must':15 'pastri':12 'polish':2 'space':23 'station':24 'studi':6 'thought':4
80	Blanket Beverly	A Emotional Documentary of a Student And a Girl who must Build a Boat in Nigeria	2006	6	7	2.99	148	21.99	G	2013-05-26 14:50:58.951	{Trailers}	'bever':2 'blanket':1 'boat':16 'build':14 'documentari':5 'emot':4 'girl':11 'must':13 'nigeria':18 'student':8
81	Blindness Gun	A Touching Drama of a Robot And a Dentist who must Meet a Hunter in A Jet Boat	2006	6	6	4.99	103	29.99	PG-13	2013-05-26 14:50:58.951	{Trailers,"Behind the Scenes"}	'blind':1 'boat':20 'dentist':11 'drama':5 'gun':2 'hunter':16 'jet':19 'meet':14 'must':13 'robot':8 'touch':4
82	Blood Argonauts	A Boring Drama of a Explorer And a Man who must Kill a Lumberjack in A Manhattan Penthouse	2006	6	3	0.99	71	13.99	G	2013-05-26 14:50:58.951	{Trailers,Commentaries,"Behind the Scenes"}	'argonaut':2 'blood':1 'bore':4 'drama':5 'explor':8 'kill':14 'lumberjack':16 'man':11 'manhattan':19 'must':13 'penthous':20
83	Blues Instinct	A Insightful Documentary of a Boat And a Composer who must Meet a Forensic Psychologist in An Abandoned Fun House	2006	6	5	2.99	50	18.99	G	2013-05-26 14:50:58.951	{Trailers,"Deleted Scenes","Behind the Scenes"}	'abandon':20 'blue':1 'boat':8 'compos':11 'documentari':5 'forens':16 'fun':21 'hous':22 'insight':4 'instinct':2 'meet':14 'must':13 'psychologist':17
101	Brotherhood Blanket	A Fateful Character Study of a Butler And a Technical Writer who must Sink a Astronaut in Ancient Japan	2006	1	3	0.99	73	26.99	R	2013-05-26 14:50:58.951	{"Behind the Scenes"}	'ancient':20 'astronaut':18 'blanket':2 'brotherhood':1 'butler':9 'charact':5 'fate':4 'japan':21 'must':15 'sink':16 'studi':6 'technic':12 'writer':13
102	Bubble Grosse	A Awe-Inspiring Panorama of a Crocodile And a Moose who must Confront a Girl in A Baloon	2006	1	4	4.99	60	20.99	R	2013-05-26 14:50:58.951	{Trailers,Commentaries,"Deleted Scenes","Behind the Scenes"}	'awe':5 'awe-inspir':4 'baloon':21 'bubbl':1 'confront':16 'crocodil':10 'girl':18 'gross':2 'inspir':6 'moos':13 'must':15 'panorama':7
103	Bucket Brotherhood	A Amazing Display of a Girl And a Womanizer who must Succumb a Lumberjack in A Baloon Factory	2006	1	7	4.99	133	27.99	PG	2013-05-26 14:50:58.951	{Commentaries,"Deleted Scenes"}	'amaz':4 'baloon':19 'brotherhood':2 'bucket':1 'display':5 'factori':20 'girl':8 'lumberjack':16 'must':13 'succumb':14 'woman':11
104	Bugsy Song	A Awe-Inspiring Character Study of a Secret Agent And a Boat who must Find a Squirrel in The First Manned Space Station	2006	1	4	2.99	119	17.99	G	2013-05-26 14:50:58.951	{Commentaries}	'agent':12 'awe':5 'awe-inspir':4 'boat':15 'bugsi':1 'charact':7 'find':18 'first':23 'inspir':6 'man':24 'must':17 'secret':11 'song':2 'space':25 'squirrel':20 'station':26 'studi':8
105	Bull Shawshank	A Fanciful Drama of a Moose And a Squirrel who must Conquer a Pioneer in The Canadian Rockies	2006	1	6	0.99	125	21.99	NC-17	2013-05-26 14:50:58.951	{"Deleted Scenes"}	'bull':1 'canadian':19 'conquer':14 'drama':5 'fanci':4 'moos':8 'must':13 'pioneer':16 'rocki':20 'shawshank':2 'squirrel':11
91	Bound Cheaper	A Thrilling Panorama of a Database Administrator And a Astronaut who must Challenge a Lumberjack in A Baloon	2006	6	5	0.99	98	17.99	PG	2013-05-26 14:50:58.951	{"Behind the Scenes"}	'administr':9 'astronaut':12 'baloon':20 'bound':1 'challeng':15 'cheaper':2 'databas':8 'lumberjack':17 'must':14 'panorama':5 'thrill':4
92	Bowfinger Gables	A Fast-Paced Yarn of a Waitress And a Composer who must Outgun a Dentist in California	2006	6	7	4.99	72	19.99	NC-17	2013-05-26 14:50:58.951	{Trailers,"Deleted Scenes"}	'bowfing':1 'california':20 'compos':13 'dentist':18 'fast':5 'fast-pac':4 'gabl':2 'must':15 'outgun':16 'pace':6 'waitress':10 'yarn':7
93	Brannigan Sunrise	A Amazing Epistle of a Moose And a Crocodile who must Outrace a Dog in Berlin	2006	6	4	4.99	121	27.99	PG	2013-05-26 14:50:58.951	{Trailers}	'amaz':4 'berlin':18 'brannigan':1 'crocodil':11 'dog':16 'epistl':5 'moos':8 'must':13 'outrac':14 'sunris':2
94	Braveheart Human	A Insightful Story of a Dog And a Pastry Chef who must Battle a Girl in Berlin	2006	6	7	2.99	176	14.99	PG-13	2013-05-26 14:50:58.951	{Trailers,"Deleted Scenes"}	'battl':15 'berlin':19 'braveheart':1 'chef':12 'dog':8 'girl':17 'human':2 'insight':4 'must':14 'pastri':11 'stori':5
95	Breakfast Goldfinger	A Beautiful Reflection of a Student And a Student who must Fight a Moose in Berlin	2006	6	5	4.99	123	18.99	G	2013-05-26 14:50:58.951	{Trailers,Commentaries,"Deleted Scenes"}	'beauti':4 'berlin':18 'breakfast':1 'fight':14 'goldfing':2 'moos':16 'must':13 'reflect':5 'student':8,11
106	Bulworth Commandments	A Amazing Display of a Mad Cow And a Pioneer who must Redeem a Sumo Wrestler in The Outback	2006	1	4	2.99	61	14.99	G	2013-05-26 14:50:58.951	{Trailers}	'amaz':4 'bulworth':1 'command':2 'cow':9 'display':5 'mad':8 'must':14 'outback':21 'pioneer':12 'redeem':15 'sumo':17 'wrestler':18
107	Bunch Minds	A Emotional Story of a Feminist And a Feminist who must Escape a Pastry Chef in A MySQL Convention	2006	1	4	2.99	63	13.99	G	2013-05-26 14:50:58.951	{"Behind the Scenes"}	'bunch':1 'chef':17 'convent':21 'emot':4 'escap':14 'feminist':8,11 'mind':2 'must':13 'mysql':20 'pastri':16 'stori':5
108	Butch Panther	A Lacklusture Yarn of a Feminist And a Database Administrator who must Face a Hunter in New Orleans	2006	1	6	0.99	67	19.99	PG-13	2013-05-26 14:50:58.951	{Trailers,Commentaries,"Deleted Scenes"}	'administr':12 'butch':1 'databas':11 'face':15 'feminist':8 'hunter':17 'lacklustur':4 'must':14 'new':19 'orlean':20 'panther':2 'yarn':5
109	Butterfly Chocolat	A Fateful Story of a Girl And a Composer who must Conquer a Husband in A Shark Tank	2006	1	3	0.99	89	17.99	G	2013-05-26 14:50:58.951	{"Behind the Scenes"}	'butterfli':1 'chocolat':2 'compos':11 'conquer':14 'fate':4 'girl':8 'husband':16 'must':13 'shark':19 'stori':5 'tank':20
110	Cabin Flash	A Stunning Epistle of a Boat And a Man who must Challenge a A Shark in A Baloon Factory	2006	1	4	0.99	53	25.99	NC-17	2013-05-26 14:50:58.951	{Commentaries,"Deleted Scenes"}	'baloon':20 'boat':8 'cabin':1 'challeng':14 'epistl':5 'factori':21 'flash':2 'man':11 'must':13 'shark':17 'stun':4
111	Caddyshack Jedi	A Awe-Inspiring Epistle of a Woman And a Madman who must Fight a Robot in Soviet Georgia	2006	1	3	0.99	52	17.99	NC-17	2013-05-26 14:50:58.951	{Commentaries,"Deleted Scenes"}	'awe':5 'awe-inspir':4 'caddyshack':1 'epistl':7 'fight':16 'georgia':21 'inspir':6 'jedi':2 'madman':13 'must':15 'robot':18 'soviet':20 'woman':10
112	Calendar Gunfight	A Thrilling Drama of a Frisbee And a Lumberjack who must Sink a Man in Nigeria	2006	1	4	4.99	120	22.99	NC-17	2013-05-26 14:50:58.951	{Trailers,Commentaries,"Behind the Scenes"}	'calendar':1 'drama':5 'frisbe':8 'gunfight':2 'lumberjack':11 'man':16 'must':13 'nigeria':18 'sink':14 'thrill':4
113	California Birds	A Thrilling Yarn of a Database Administrator And a Robot who must Battle a Database Administrator in Ancient India	2006	1	4	4.99	75	19.99	NC-17	2013-05-26 14:50:58.951	{Trailers,Commentaries,"Deleted Scenes"}	'administr':9,18 'ancient':20 'battl':15 'bird':2 'california':1 'databas':8,17 'india':21 'must':14 'robot':12 'thrill':4 'yarn':5
114	Camelot Vacation	A Touching Character Study of a Woman And a Waitress who must Battle a Pastry Chef in A MySQL Convention	2006	1	3	0.99	61	26.99	NC-17	2013-05-26 14:50:58.951	{Trailers,Commentaries,"Deleted Scenes","Behind the Scenes"}	'battl':15 'camelot':1 'charact':5 'chef':18 'convent':22 'must':14 'mysql':21 'pastri':17 'studi':6 'touch':4 'vacat':2 'waitress':12 'woman':9
115	Campus Remember	A Astounding Drama of a Crocodile And a Mad Cow who must Build a Robot in A Jet Boat	2006	1	5	2.99	167	27.99	R	2013-05-26 14:50:58.951	{"Behind the Scenes"}	'astound':4 'boat':21 'build':15 'campus':1 'cow':12 'crocodil':8 'drama':5 'jet':20 'mad':11 'must':14 'rememb':2 'robot':17
116	Candidate Perdition	A Brilliant Epistle of a Composer And a Database Administrator who must Vanquish a Mad Scientist in The First Manned Space Station	2006	1	4	2.99	70	10.99	R	2013-05-26 14:50:58.951	{"Deleted Scenes","Behind the Scenes"}	'administr':12 'brilliant':4 'candid':1 'compos':8 'databas':11 'epistl':5 'first':21 'mad':17 'man':22 'must':14 'perdit':2 'scientist':18 'space':23 'station':24 'vanquish':15
117	Candles Grapes	A Fanciful Character Study of a Monkey And a Explorer who must Build a Astronaut in An Abandoned Fun House	2006	1	6	4.99	135	15.99	NC-17	2013-05-26 14:50:58.951	{Trailers,"Deleted Scenes"}	'abandon':20 'astronaut':17 'build':15 'candl':1 'charact':5 'explor':12 'fanci':4 'fun':21 'grape':2 'hous':22 'monkey':9 'must':14 'studi':6
118	Canyon Stock	A Thoughtful Reflection of a Waitress And a Feminist who must Escape a Squirrel in A Manhattan Penthouse	2006	1	7	0.99	85	26.99	R	2013-05-26 14:50:58.951	{Trailers,"Deleted Scenes"}	'canyon':1 'escap':14 'feminist':11 'manhattan':19 'must':13 'penthous':20 'reflect':5 'squirrel':16 'stock':2 'thought':4 'waitress':8
119	Caper Motions	A Fateful Saga of a Moose And a Car who must Pursue a Woman in A MySQL Convention	2006	1	6	0.99	176	22.99	G	2013-05-26 14:50:58.951	{Trailers,Commentaries,"Deleted Scenes"}	'caper':1 'car':11 'convent':20 'fate':4 'moos':8 'motion':2 'must':13 'mysql':19 'pursu':14 'saga':5 'woman':16
120	Caribbean Liberty	A Fanciful Tale of a Pioneer And a Technical Writer who must Outgun a Pioneer in A Shark Tank	2006	1	3	4.99	92	16.99	NC-17	2013-05-26 14:50:58.951	{Commentaries,"Deleted Scenes"}	'caribbean':1 'fanci':4 'liberti':2 'must':14 'outgun':15 'pioneer':8,17 'shark':20 'tale':5 'tank':21 'technic':11 'writer':12
121	Carol Texas	A Astounding Character Study of a Composer And a Student who must Overcome a Composer in A Monastery	2006	1	4	2.99	151	15.99	PG	2013-05-26 14:50:58.951	{Trailers,"Behind the Scenes"}	'astound':4 'carol':1 'charact':5 'compos':9,17 'monasteri':20 'must':14 'overcom':15 'student':12 'studi':6 'texa':2
122	Carrie Bunch	A Amazing Epistle of a Student And a Astronaut who must Discover a Frisbee in The Canadian Rockies	2006	1	7	0.99	114	11.99	PG	2013-05-26 14:50:58.951	{Trailers,Commentaries,"Behind the Scenes"}	'amaz':4 'astronaut':11 'bunch':2 'canadian':19 'carri':1 'discov':14 'epistl':5 'frisbe':16 'must':13 'rocki':20 'student':8
123	Casablanca Super	A Amazing Panorama of a Crocodile And a Forensic Psychologist who must Pursue a Secret Agent in The First Manned Space Station	2006	1	6	4.99	85	22.99	G	2013-05-26 14:50:58.951	{Trailers,"Deleted Scenes","Behind the Scenes"}	'agent':18 'amaz':4 'casablanca':1 'crocodil':8 'first':21 'forens':11 'man':22 'must':14 'panorama':5 'psychologist':12 'pursu':15 'secret':17 'space':23 'station':24 'super':2
124	Casper Dragonfly	A Intrepid Documentary of a Boat And a Crocodile who must Chase a Robot in The Sahara Desert	2006	1	3	4.99	163	16.99	PG-13	2013-05-26 14:50:58.951	{Trailers}	'boat':8 'casper':1 'chase':14 'crocodil':11 'desert':20 'documentari':5 'dragonfli':2 'intrepid':4 'must':13 'robot':16 'sahara':19
125	Cassidy Wyoming	A Intrepid Drama of a Frisbee And a Hunter who must Kill a Secret Agent in New Orleans	2006	1	5	2.99	61	19.99	NC-17	2013-05-26 14:50:58.951	{Commentaries,"Behind the Scenes"}	'agent':17 'cassidi':1 'drama':5 'frisbe':8 'hunter':11 'intrepid':4 'kill':14 'must':13 'new':19 'orlean':20 'secret':16 'wyom':2
127	Cat Coneheads	A Fast-Paced Panorama of a Girl And a A Shark who must Confront a Boy in Ancient India	2006	1	5	4.99	112	14.99	G	2013-05-26 14:50:58.951	{Commentaries,"Deleted Scenes"}	'ancient':21 'boy':19 'cat':1 'conehead':2 'confront':17 'fast':5 'fast-pac':4 'girl':10 'india':22 'must':16 'pace':6 'panorama':7 'shark':14
128	Catch Amistad	A Boring Reflection of a Lumberjack And a Feminist who must Discover a Woman in Nigeria	2006	1	7	0.99	183	10.99	G	2013-05-26 14:50:58.951	{Trailers,"Behind the Scenes"}	'amistad':2 'bore':4 'catch':1 'discov':14 'feminist':11 'lumberjack':8 'must':13 'nigeria':18 'reflect':5 'woman':16
129	Cause Date	A Taut Tale of a Explorer And a Pastry Chef who must Conquer a Hunter in A MySQL Convention	2006	1	3	2.99	179	16.99	R	2013-05-26 14:50:58.951	{Commentaries,"Deleted Scenes","Behind the Scenes"}	'caus':1 'chef':12 'conquer':15 'convent':21 'date':2 'explor':8 'hunter':17 'must':14 'mysql':20 'pastri':11 'tale':5 'taut':4
130	Celebrity Horn	A Amazing Documentary of a Secret Agent And a Astronaut who must Vanquish a Hunter in A Shark Tank	2006	1	7	0.99	110	24.99	PG-13	2013-05-26 14:50:58.951	{"Deleted Scenes","Behind the Scenes"}	'agent':9 'amaz':4 'astronaut':12 'celebr':1 'documentari':5 'horn':2 'hunter':17 'must':14 'secret':8 'shark':20 'tank':21 'vanquish':15
131	Center Dinosaur	A Beautiful Character Study of a Sumo Wrestler And a Dentist who must Find a Dog in California	2006	1	5	4.99	152	12.99	PG	2013-05-26 14:50:58.951	{"Deleted Scenes"}	'beauti':4 'california':20 'center':1 'charact':5 'dentist':13 'dinosaur':2 'dog':18 'find':16 'must':15 'studi':6 'sumo':9 'wrestler':10
132	Chainsaw Uptown	A Beautiful Documentary of a Boy And a Robot who must Discover a Squirrel in Australia	2006	1	6	0.99	114	25.99	PG	2013-05-26 14:50:58.951	{"Deleted Scenes","Behind the Scenes"}	'australia':18 'beauti':4 'boy':8 'chainsaw':1 'discov':14 'documentari':5 'must':13 'robot':11 'squirrel':16 'uptown':2
134	Champion Flatliners	A Amazing Story of a Mad Cow And a Dog who must Kill a Husband in A Monastery	2006	1	4	4.99	51	21.99	PG	2013-05-26 14:50:58.951	{Trailers}	'amaz':4 'champion':1 'cow':9 'dog':12 'flatlin':2 'husband':17 'kill':15 'mad':8 'monasteri':20 'must':14 'stori':5
135	Chance Resurrection	A Astounding Story of a Forensic Psychologist And a Forensic Psychologist who must Overcome a Moose in Ancient China	2006	1	3	2.99	70	22.99	R	2013-05-26 14:50:58.951	{Commentaries,"Deleted Scenes","Behind the Scenes"}	'ancient':20 'astound':4 'chanc':1 'china':21 'forens':8,12 'moos':18 'must':15 'overcom':16 'psychologist':9,13 'resurrect':2 'stori':5
154	Clash Freddy	A Amazing Yarn of a Composer And a Squirrel who must Escape a Astronaut in Australia	2006	1	6	2.99	81	12.99	G	2013-05-26 14:50:58.951	{Commentaries,"Deleted Scenes"}	'amaz':4 'astronaut':16 'australia':18 'clash':1 'compos':8 'escap':14 'freddi':2 'must':13 'squirrel':11 'yarn':5
136	Chaplin License	A Boring Drama of a Dog And a Forensic Psychologist who must Outrace a Explorer in Ancient India	2006	1	7	2.99	146	26.99	NC-17	2013-05-26 14:50:58.951	{"Behind the Scenes"}	'ancient':19 'bore':4 'chaplin':1 'dog':8 'drama':5 'explor':17 'forens':11 'india':20 'licens':2 'must':14 'outrac':15 'psychologist':12
137	Charade Duffel	A Action-Packed Display of a Man And a Waitress who must Build a Dog in A MySQL Convention	2006	1	3	2.99	66	21.99	PG	2013-05-26 14:50:58.951	{Trailers,"Deleted Scenes","Behind the Scenes"}	'action':5 'action-pack':4 'build':16 'charad':1 'convent':22 'display':7 'dog':18 'duffel':2 'man':10 'must':15 'mysql':21 'pack':6 'waitress':13
138	Chariots Conspiracy	A Unbelieveable Epistle of a Robot And a Husband who must Chase a Robot in The First Manned Space Station	2006	1	5	2.99	71	29.99	R	2013-05-26 14:50:58.951	{"Deleted Scenes","Behind the Scenes"}	'chariot':1 'chase':14 'conspiraci':2 'epistl':5 'first':19 'husband':11 'man':20 'must':13 'robot':8,16 'space':21 'station':22 'unbeliev':4
139	Chasing Fight	A Astounding Saga of a Technical Writer And a Butler who must Battle a Butler in A Shark Tank	2006	1	7	4.99	114	21.99	PG	2013-05-26 14:50:58.951	{Trailers,Commentaries}	'astound':4 'battl':15 'butler':12,17 'chase':1 'fight':2 'must':14 'saga':5 'shark':20 'tank':21 'technic':8 'writer':9
140	Cheaper Clyde	A Emotional Character Study of a Pioneer And a Girl who must Discover a Dog in Ancient Japan	2006	1	6	0.99	87	23.99	G	2013-05-26 14:50:58.951	{Trailers,Commentaries,"Behind the Scenes"}	'ancient':19 'charact':5 'cheaper':1 'clyde':2 'discov':15 'dog':17 'emot':4 'girl':12 'japan':20 'must':14 'pioneer':9 'studi':6
141	Chicago North	A Fateful Yarn of a Mad Cow And a Waitress who must Battle a Student in California	2006	1	6	4.99	185	11.99	PG-13	2013-05-26 14:50:58.951	{"Deleted Scenes","Behind the Scenes"}	'battl':15 'california':19 'chicago':1 'cow':9 'fate':4 'mad':8 'must':14 'north':2 'student':17 'waitress':12 'yarn':5
142	Chicken Hellfighters	A Emotional Drama of a Dog And a Explorer who must Outrace a Technical Writer in Australia	2006	1	3	0.99	122	24.99	PG	2013-05-26 14:50:58.951	{Trailers,Commentaries,"Deleted Scenes","Behind the Scenes"}	'australia':19 'chicken':1 'dog':8 'drama':5 'emot':4 'explor':11 'hellfight':2 'must':13 'outrac':14 'technic':16 'writer':17
143	Chill Luck	A Lacklusture Epistle of a Boat And a Technical Writer who must Fight a A Shark in The Canadian Rockies	2006	1	6	0.99	142	17.99	PG	2013-05-26 14:50:58.951	{Trailers,Commentaries,"Deleted Scenes"}	'boat':8 'canadian':21 'chill':1 'epistl':5 'fight':15 'lacklustur':4 'luck':2 'must':14 'rocki':22 'shark':18 'technic':11 'writer':12
144	Chinatown Gladiator	A Brilliant Panorama of a Technical Writer And a Lumberjack who must Escape a Butler in Ancient India	2006	1	7	4.99	61	24.99	PG	2013-05-26 14:50:58.951	{Trailers,Commentaries,"Deleted Scenes"}	'ancient':19 'brilliant':4 'butler':17 'chinatown':1 'escap':15 'gladiat':2 'india':20 'lumberjack':12 'must':14 'panorama':5 'technic':8 'writer':9
145	Chisum Behavior	A Epic Documentary of a Sumo Wrestler And a Butler who must Kill a Car in Ancient India	2006	1	5	4.99	124	25.99	G	2013-05-26 14:50:58.951	{Trailers,Commentaries,"Behind the Scenes"}	'ancient':19 'behavior':2 'butler':12 'car':17 'chisum':1 'documentari':5 'epic':4 'india':20 'kill':15 'must':14 'sumo':8 'wrestler':9
146	Chitty Lock	A Boring Epistle of a Boat And a Database Administrator who must Kill a Sumo Wrestler in The First Manned Space Station	2006	1	6	2.99	107	24.99	G	2013-05-26 14:50:58.951	{Commentaries}	'administr':12 'boat':8 'bore':4 'chitti':1 'databas':11 'epistl':5 'first':21 'kill':15 'lock':2 'man':22 'must':14 'space':23 'station':24 'sumo':17 'wrestler':18
147	Chocolat Harry	A Action-Packed Epistle of a Dentist And a Moose who must Meet a Mad Cow in Ancient Japan	2006	1	5	0.99	101	16.99	NC-17	2013-05-26 14:50:58.951	{Commentaries,"Behind the Scenes"}	'action':5 'action-pack':4 'ancient':21 'chocolat':1 'cow':19 'dentist':10 'epistl':7 'harri':2 'japan':22 'mad':18 'meet':16 'moos':13 'must':15 'pack':6
148	Chocolate Duck	A Unbelieveable Story of a Mad Scientist And a Technical Writer who must Discover a Composer in Ancient China	2006	1	3	2.99	132	13.99	R	2013-05-26 14:50:58.951	{Trailers,Commentaries,"Behind the Scenes"}	'ancient':20 'china':21 'chocol':1 'compos':18 'discov':16 'duck':2 'mad':8 'must':15 'scientist':9 'stori':5 'technic':12 'unbeliev':4 'writer':13
149	Christmas Moonshine	A Action-Packed Epistle of a Feminist And a Astronaut who must Conquer a Boat in A Manhattan Penthouse	2006	1	7	0.99	150	21.99	NC-17	2013-05-26 14:50:58.951	{Trailers,Commentaries,"Behind the Scenes"}	'action':5 'action-pack':4 'astronaut':13 'boat':18 'christma':1 'conquer':16 'epistl':7 'feminist':10 'manhattan':21 'moonshin':2 'must':15 'pack':6 'penthous':22
150	Cider Desire	A Stunning Character Study of a Composer And a Mad Cow who must Succumb a Cat in Soviet Georgia	2006	1	7	2.99	101	9.99	PG	2013-05-26 14:50:58.951	{"Behind the Scenes"}	'cat':18 'charact':5 'cider':1 'compos':9 'cow':13 'desir':2 'georgia':21 'mad':12 'must':15 'soviet':20 'studi':6 'stun':4 'succumb':16
151	Cincinatti Whisperer	A Brilliant Saga of a Pastry Chef And a Hunter who must Confront a Butler in Berlin	2006	1	5	4.99	143	26.99	NC-17	2013-05-26 14:50:58.951	{"Deleted Scenes"}	'berlin':19 'brilliant':4 'butler':17 'chef':9 'cincinatti':1 'confront':15 'hunter':12 'must':14 'pastri':8 'saga':5 'whisper':2
152	Circus Youth	A Thoughtful Drama of a Pastry Chef And a Dentist who must Pursue a Girl in A Baloon	2006	1	5	2.99	90	13.99	PG-13	2013-05-26 14:50:58.951	{Trailers,"Deleted Scenes","Behind the Scenes"}	'baloon':20 'chef':9 'circus':1 'dentist':12 'drama':5 'girl':17 'must':14 'pastri':8 'pursu':15 'thought':4 'youth':2
153	Citizen Shrek	A Fanciful Character Study of a Technical Writer And a Husband who must Redeem a Robot in The Outback	2006	1	7	0.99	165	18.99	G	2013-05-26 14:50:58.951	{Commentaries,"Deleted Scenes"}	'charact':5 'citizen':1 'fanci':4 'husband':13 'must':15 'outback':21 'redeem':16 'robot':18 'shrek':2 'studi':6 'technic':9 'writer':10
155	Cleopatra Devil	A Fanciful Documentary of a Crocodile And a Technical Writer who must Fight a A Shark in A Baloon	2006	1	6	0.99	150	26.99	PG-13	2013-05-26 14:50:58.951	{Trailers,"Deleted Scenes","Behind the Scenes"}	'baloon':21 'cleopatra':1 'crocodil':8 'devil':2 'documentari':5 'fanci':4 'fight':15 'must':14 'shark':18 'technic':11 'writer':12
156	Clerks Angels	A Thrilling Display of a Sumo Wrestler And a Girl who must Confront a Man in A Baloon	2006	1	3	4.99	164	15.99	G	2013-05-26 14:50:58.951	{Commentaries}	'angel':2 'baloon':20 'clerk':1 'confront':15 'display':5 'girl':12 'man':17 'must':14 'sumo':8 'thrill':4 'wrestler':9
157	Clockwork Paradise	A Insightful Documentary of a Technical Writer And a Feminist who must Challenge a Cat in A Baloon	2006	1	7	0.99	143	29.99	PG-13	2013-05-26 14:50:58.951	{Trailers,Commentaries,"Deleted Scenes","Behind the Scenes"}	'baloon':20 'cat':17 'challeng':15 'clockwork':1 'documentari':5 'feminist':12 'insight':4 'must':14 'paradis':2 'technic':8 'writer':9
158	Clones Pinocchio	A Amazing Drama of a Car And a Robot who must Pursue a Dentist in New Orleans	2006	1	6	2.99	124	16.99	R	2013-05-26 14:50:58.951	{"Behind the Scenes"}	'amaz':4 'car':8 'clone':1 'dentist':16 'drama':5 'must':13 'new':18 'orlean':19 'pinocchio':2 'pursu':14 'robot':11
159	Closer Bang	A Unbelieveable Panorama of a Frisbee And a Hunter who must Vanquish a Monkey in Ancient India	2006	1	5	4.99	58	12.99	R	2013-05-26 14:50:58.951	{Trailers,"Behind the Scenes"}	'ancient':18 'bang':2 'closer':1 'frisbe':8 'hunter':11 'india':19 'monkey':16 'must':13 'panorama':5 'unbeliev':4 'vanquish':14
160	Club Graffiti	A Epic Tale of a Pioneer And a Hunter who must Escape a Girl in A U-Boat	2006	1	4	0.99	65	12.99	PG-13	2013-05-26 14:50:58.951	{Trailers,"Deleted Scenes"}	'boat':21 'club':1 'epic':4 'escap':14 'girl':16 'graffiti':2 'hunter':11 'must':13 'pioneer':8 'tale':5 'u':20 'u-boat':19
161	Clue Grail	A Taut Tale of a Butler And a Mad Scientist who must Build a Crocodile in Ancient China	2006	1	6	4.99	70	27.99	NC-17	2013-05-26 14:50:58.951	{Trailers,Commentaries,"Behind the Scenes"}	'ancient':19 'build':15 'butler':8 'china':20 'clue':1 'crocodil':17 'grail':2 'mad':11 'must':14 'scientist':12 'tale':5 'taut':4
162	Clueless Bucket	A Taut Tale of a Car And a Pioneer who must Conquer a Sumo Wrestler in An Abandoned Fun House	2006	1	4	2.99	95	13.99	R	2013-05-26 14:50:58.951	{Trailers,"Deleted Scenes","Behind the Scenes"}	'abandon':20 'bucket':2 'car':8 'clueless':1 'conquer':14 'fun':21 'hous':22 'must':13 'pioneer':11 'sumo':16 'tale':5 'taut':4 'wrestler':17
163	Clyde Theory	A Beautiful Yarn of a Astronaut And a Frisbee who must Overcome a Explorer in A Jet Boat	2006	1	4	0.99	139	29.99	PG-13	2013-05-26 14:50:58.951	{Commentaries,"Deleted Scenes","Behind the Scenes"}	'astronaut':8 'beauti':4 'boat':20 'clyde':1 'explor':16 'frisbe':11 'jet':19 'must':13 'overcom':14 'theori':2 'yarn':5
164	Coast Rainbow	A Astounding Documentary of a Mad Cow And a Pioneer who must Challenge a Butler in The Sahara Desert	2006	1	4	0.99	55	20.99	PG	2013-05-26 14:50:58.951	{Trailers,Commentaries,"Deleted Scenes","Behind the Scenes"}	'astound':4 'butler':17 'challeng':15 'coast':1 'cow':9 'desert':21 'documentari':5 'mad':8 'must':14 'pioneer':12 'rainbow':2 'sahara':20
184	Core Suit	A Unbelieveable Tale of a Car And a Explorer who must Confront a Boat in A Manhattan Penthouse	2006	1	3	2.99	92	24.99	PG-13	2013-05-26 14:50:58.951	{"Deleted Scenes"}	'boat':16 'car':8 'confront':14 'core':1 'explor':11 'manhattan':19 'must':13 'penthous':20 'suit':2 'tale':5 'unbeliev':4
165	Coldblooded Darling	A Brilliant Panorama of a Dentist And a Moose who must Find a Student in The Gulf of Mexico	2006	1	7	4.99	70	27.99	G	2013-05-26 14:50:58.951	{Trailers,"Deleted Scenes"}	'brilliant':4 'coldblood':1 'darl':2 'dentist':8 'find':14 'gulf':19 'mexico':21 'moos':11 'must':13 'panorama':5 'student':16
166	Color Philadelphia	A Thoughtful Panorama of a Car And a Crocodile who must Sink a Monkey in The Sahara Desert	2006	1	6	2.99	149	19.99	G	2013-05-26 14:50:58.951	{Commentaries,"Behind the Scenes"}	'car':8 'color':1 'crocodil':11 'desert':20 'monkey':16 'must':13 'panorama':5 'philadelphia':2 'sahara':19 'sink':14 'thought':4
167	Coma Head	A Awe-Inspiring Drama of a Boy And a Frisbee who must Escape a Pastry Chef in California	2006	1	6	4.99	109	10.99	NC-17	2013-05-26 14:50:58.951	{Commentaries}	'awe':5 'awe-inspir':4 'boy':10 'california':21 'chef':19 'coma':1 'drama':7 'escap':16 'frisbe':13 'head':2 'inspir':6 'must':15 'pastri':18
168	Comancheros Enemy	A Boring Saga of a Lumberjack And a Monkey who must Find a Monkey in The Gulf of Mexico	2006	1	5	0.99	67	23.99	R	2013-05-26 14:50:58.951	{Trailers,"Behind the Scenes"}	'bore':4 'comanchero':1 'enemi':2 'find':14 'gulf':19 'lumberjack':8 'mexico':21 'monkey':11,16 'must':13 'saga':5
169	Comforts Rush	A Unbelieveable Panorama of a Pioneer And a Husband who must Meet a Mad Cow in An Abandoned Mine Shaft	2006	1	3	2.99	76	19.99	NC-17	2013-05-26 14:50:58.951	{Commentaries,"Behind the Scenes"}	'abandon':20 'comfort':1 'cow':17 'husband':11 'mad':16 'meet':14 'mine':21 'must':13 'panorama':5 'pioneer':8 'rush':2 'shaft':22 'unbeliev':4
170	Command Darling	A Awe-Inspiring Tale of a Forensic Psychologist And a Woman who must Challenge a Database Administrator in Ancient Japan	2006	1	5	4.99	120	28.99	PG-13	2013-05-26 14:50:58.951	{"Behind the Scenes"}	'administr':20 'ancient':22 'awe':5 'awe-inspir':4 'challeng':17 'command':1 'darl':2 'databas':19 'forens':10 'inspir':6 'japan':23 'must':16 'psychologist':11 'tale':7 'woman':14
171	Commandments Express	A Fanciful Saga of a Student And a Mad Scientist who must Battle a Hunter in An Abandoned Mine Shaft	2006	1	6	4.99	59	13.99	R	2013-05-26 14:50:58.951	{Trailers,Commentaries,"Deleted Scenes"}	'abandon':20 'battl':15 'command':1 'express':2 'fanci':4 'hunter':17 'mad':11 'mine':21 'must':14 'saga':5 'scientist':12 'shaft':22 'student':8
172	Coneheads Smoochy	A Touching Story of a Womanizer And a Composer who must Pursue a Husband in Nigeria	2006	1	7	4.99	112	12.99	NC-17	2013-05-26 14:50:58.951	{"Deleted Scenes","Behind the Scenes"}	'compos':11 'conehead':1 'husband':16 'must':13 'nigeria':18 'pursu':14 'smoochi':2 'stori':5 'touch':4 'woman':8
173	Confessions Maguire	A Insightful Story of a Car And a Boy who must Battle a Technical Writer in A Baloon	2006	1	7	4.99	65	25.99	PG-13	2013-05-26 14:50:58.951	{"Behind the Scenes"}	'baloon':20 'battl':14 'boy':11 'car':8 'confess':1 'insight':4 'maguir':2 'must':13 'stori':5 'technic':16 'writer':17
174	Confidential Interview	A Stunning Reflection of a Cat And a Woman who must Find a Astronaut in Ancient Japan	2006	1	6	4.99	180	13.99	NC-17	2013-05-26 14:50:58.951	{Commentaries}	'ancient':18 'astronaut':16 'cat':8 'confidenti':1 'find':14 'interview':2 'japan':19 'must':13 'reflect':5 'stun':4 'woman':11
175	Confused Candles	A Stunning Epistle of a Cat And a Forensic Psychologist who must Confront a Pioneer in A Baloon	2006	1	3	2.99	122	27.99	PG-13	2013-05-26 14:50:58.951	{Trailers,Commentaries,"Deleted Scenes","Behind the Scenes"}	'baloon':20 'candl':2 'cat':8 'confront':15 'confus':1 'epistl':5 'forens':11 'must':14 'pioneer':17 'psychologist':12 'stun':4
176	Congeniality Quest	A Touching Documentary of a Cat And a Pastry Chef who must Find a Lumberjack in A Baloon	2006	1	6	0.99	87	21.99	PG-13	2013-05-26 14:50:58.951	{Commentaries,"Behind the Scenes"}	'baloon':20 'cat':8 'chef':12 'congeni':1 'documentari':5 'find':15 'lumberjack':17 'must':14 'pastri':11 'quest':2 'touch':4
177	Connecticut Tramp	A Unbelieveable Drama of a Crocodile And a Mad Cow who must Reach a Dentist in A Shark Tank	2006	1	4	4.99	172	20.99	R	2013-05-26 14:50:58.951	{Commentaries,"Deleted Scenes"}	'connecticut':1 'cow':12 'crocodil':8 'dentist':17 'drama':5 'mad':11 'must':14 'reach':15 'shark':20 'tank':21 'tramp':2 'unbeliev':4
178	Connection Microcosmos	A Fateful Documentary of a Crocodile And a Husband who must Face a Husband in The First Manned Space Station	2006	1	6	0.99	115	25.99	G	2013-05-26 14:50:58.951	{"Deleted Scenes","Behind the Scenes"}	'connect':1 'crocodil':8 'documentari':5 'face':14 'fate':4 'first':19 'husband':11,16 'man':20 'microcosmo':2 'must':13 'space':21 'station':22
179	Conquerer Nuts	A Taut Drama of a Mad Scientist And a Man who must Escape a Pioneer in An Abandoned Mine Shaft	2006	1	4	4.99	173	14.99	G	2013-05-26 14:50:58.951	{Commentaries,"Deleted Scenes","Behind the Scenes"}	'abandon':20 'conquer':1 'drama':5 'escap':15 'mad':8 'man':12 'mine':21 'must':14 'nut':2 'pioneer':17 'scientist':9 'shaft':22 'taut':4
180	Conspiracy Spirit	A Awe-Inspiring Story of a Student And a Frisbee who must Conquer a Crocodile in An Abandoned Mine Shaft	2006	1	4	2.99	184	27.99	PG-13	2013-05-26 14:50:58.951	{Trailers,Commentaries}	'abandon':21 'awe':5 'awe-inspir':4 'conquer':16 'conspiraci':1 'crocodil':18 'frisbe':13 'inspir':6 'mine':22 'must':15 'shaft':23 'spirit':2 'stori':7 'student':10
181	Contact Anonymous	A Insightful Display of a A Shark And a Monkey who must Face a Database Administrator in Ancient India	2006	1	7	2.99	166	10.99	PG-13	2013-05-26 14:50:58.951	{Commentaries}	'administr':18 'ancient':20 'anonym':2 'contact':1 'databas':17 'display':5 'face':15 'india':21 'insight':4 'monkey':12 'must':14 'shark':9
182	Control Anthem	A Fateful Documentary of a Robot And a Student who must Battle a Cat in A Monastery	2006	1	7	4.99	185	9.99	G	2013-05-26 14:50:58.951	{Commentaries}	'anthem':2 'battl':14 'cat':16 'control':1 'documentari':5 'fate':4 'monasteri':19 'must':13 'robot':8 'student':11
183	Conversation Downhill	A Taut Character Study of a Husband And a Waitress who must Sink a Squirrel in A MySQL Convention	2006	1	4	4.99	112	14.99	R	2013-05-26 14:50:58.951	{Commentaries}	'charact':5 'convent':21 'convers':1 'downhil':2 'husband':9 'must':14 'mysql':20 'sink':15 'squirrel':17 'studi':6 'taut':4 'waitress':12
185	Cowboy Doom	A Astounding Drama of a Boy And a Lumberjack who must Fight a Butler in A Baloon	2006	1	3	2.99	146	10.99	PG	2013-05-26 14:50:58.951	{Commentaries,"Deleted Scenes","Behind the Scenes"}	'astound':4 'baloon':19 'boy':8 'butler':16 'cowboy':1 'doom':2 'drama':5 'fight':14 'lumberjack':11 'must':13
186	Craft Outfield	A Lacklusture Display of a Explorer And a Hunter who must Succumb a Database Administrator in A Baloon Factory	2006	1	6	0.99	64	17.99	NC-17	2013-05-26 14:50:58.951	{"Deleted Scenes","Behind the Scenes"}	'administr':17 'baloon':20 'craft':1 'databas':16 'display':5 'explor':8 'factori':21 'hunter':11 'lacklustur':4 'must':13 'outfield':2 'succumb':14
187	Cranes Reservoir	A Fanciful Documentary of a Teacher And a Dog who must Outgun a Forensic Psychologist in A Baloon Factory	2006	1	5	2.99	57	12.99	NC-17	2013-05-26 14:50:58.951	{Commentaries}	'baloon':20 'crane':1 'documentari':5 'dog':11 'factori':21 'fanci':4 'forens':16 'must':13 'outgun':14 'psychologist':17 'reservoir':2 'teacher':8
188	Crazy Home	A Fanciful Panorama of a Boy And a Woman who must Vanquish a Database Administrator in The Outback	2006	1	7	2.99	136	24.99	PG	2013-05-26 14:50:58.951	{Commentaries,"Deleted Scenes"}	'administr':17 'boy':8 'crazi':1 'databas':16 'fanci':4 'home':2 'must':13 'outback':20 'panorama':5 'vanquish':14 'woman':11
189	Creatures Shakespeare	A Emotional Drama of a Womanizer And a Squirrel who must Vanquish a Crocodile in Ancient India	2006	1	3	0.99	139	23.99	NC-17	2013-05-26 14:50:58.951	{Trailers,"Deleted Scenes"}	'ancient':18 'creatur':1 'crocodil':16 'drama':5 'emot':4 'india':19 'must':13 'shakespear':2 'squirrel':11 'vanquish':14 'woman':8
190	Creepers Kane	A Awe-Inspiring Reflection of a Squirrel And a Boat who must Outrace a Car in A Jet Boat	2006	1	5	4.99	172	23.99	NC-17	2013-05-26 14:50:58.951	{Trailers,"Behind the Scenes"}	'awe':5 'awe-inspir':4 'boat':13,22 'car':18 'creeper':1 'inspir':6 'jet':21 'kane':2 'must':15 'outrac':16 'reflect':7 'squirrel':10
191	Crooked Frogmen	A Unbelieveable Drama of a Hunter And a Database Administrator who must Battle a Crocodile in An Abandoned Amusement Park	2006	1	6	0.99	143	27.99	PG-13	2013-05-26 14:50:58.951	{Commentaries,"Deleted Scenes","Behind the Scenes"}	'abandon':20 'administr':12 'amus':21 'battl':15 'crocodil':17 'crook':1 'databas':11 'drama':5 'frogmen':2 'hunter':8 'must':14 'park':22 'unbeliev':4
192	Crossing Divorce	A Beautiful Documentary of a Dog And a Robot who must Redeem a Womanizer in Berlin	2006	1	4	4.99	50	19.99	R	2013-05-26 14:50:58.951	{Commentaries,"Deleted Scenes","Behind the Scenes"}	'beauti':4 'berlin':18 'cross':1 'divorc':2 'documentari':5 'dog':8 'must':13 'redeem':14 'robot':11 'woman':16
193	Crossroads Casualties	A Intrepid Documentary of a Sumo Wrestler And a Astronaut who must Battle a Composer in The Outback	2006	1	5	2.99	153	20.99	G	2013-05-26 14:50:58.951	{Trailers,Commentaries,"Behind the Scenes"}	'astronaut':12 'battl':15 'casualti':2 'compos':17 'crossroad':1 'documentari':5 'intrepid':4 'must':14 'outback':20 'sumo':8 'wrestler':9
194	Crow Grease	A Awe-Inspiring Documentary of a Woman And a Husband who must Sink a Database Administrator in The First Manned Space Station	2006	1	6	0.99	104	22.99	PG	2013-05-26 14:50:58.951	{Trailers,Commentaries,"Behind the Scenes"}	'administr':19 'awe':5 'awe-inspir':4 'crow':1 'databas':18 'documentari':7 'first':22 'greas':2 'husband':13 'inspir':6 'man':23 'must':15 'sink':16 'space':24 'station':25 'woman':10
195	Crowds Telemark	A Intrepid Documentary of a Astronaut And a Forensic Psychologist who must Find a Frisbee in An Abandoned Fun House	2006	1	3	4.99	112	16.99	R	2013-05-26 14:50:58.951	{Trailers,"Behind the Scenes"}	'abandon':20 'astronaut':8 'crowd':1 'documentari':5 'find':15 'forens':11 'frisbe':17 'fun':21 'hous':22 'intrepid':4 'must':14 'psychologist':12 'telemark':2
196	Cruelty Unforgiven	A Brilliant Tale of a Car And a Moose who must Battle a Dentist in Nigeria	2006	1	7	0.99	69	29.99	G	2013-05-26 14:50:58.951	{"Deleted Scenes","Behind the Scenes"}	'battl':14 'brilliant':4 'car':8 'cruelti':1 'dentist':16 'moos':11 'must':13 'nigeria':18 'tale':5 'unforgiven':2
197	Crusade Honey	A Fast-Paced Reflection of a Explorer And a Butler who must Battle a Madman in An Abandoned Amusement Park	2006	1	4	2.99	112	27.99	R	2013-05-26 14:50:58.951	{Commentaries}	'abandon':21 'amus':22 'battl':16 'butler':13 'crusad':1 'explor':10 'fast':5 'fast-pac':4 'honey':2 'madman':18 'must':15 'pace':6 'park':23 'reflect':7
198	Crystal Breaking	A Fast-Paced Character Study of a Feminist And a Explorer who must Face a Pastry Chef in Ancient Japan	2006	1	6	2.99	184	22.99	NC-17	2013-05-26 14:50:58.951	{Trailers,Commentaries}	'ancient':22 'break':2 'charact':7 'chef':20 'crystal':1 'explor':14 'face':17 'fast':5 'fast-pac':4 'feminist':11 'japan':23 'must':16 'pace':6 'pastri':19 'studi':8
199	Cupboard Sinners	A Emotional Reflection of a Frisbee And a Boat who must Reach a Pastry Chef in An Abandoned Amusement Park	2006	1	4	2.99	56	29.99	R	2013-05-26 14:50:58.951	{"Behind the Scenes"}	'abandon':20 'amus':21 'boat':11 'chef':17 'cupboard':1 'emot':4 'frisbe':8 'must':13 'park':22 'pastri':16 'reach':14 'reflect':5 'sinner':2
200	Curtain Videotape	A Boring Reflection of a Dentist And a Mad Cow who must Chase a Secret Agent in A Shark Tank	2006	1	7	0.99	133	27.99	PG-13	2013-05-26 14:50:58.951	{Trailers,Commentaries,"Deleted Scenes","Behind the Scenes"}	'agent':18 'bore':4 'chase':15 'cow':12 'curtain':1 'dentist':8 'mad':11 'must':14 'reflect':5 'secret':17 'shark':21 'tank':22 'videotap':2
201	Cyclone Family	A Lacklusture Drama of a Student And a Monkey who must Sink a Womanizer in A MySQL Convention	2006	1	7	2.99	176	18.99	PG	2013-05-26 14:50:58.951	{Trailers,"Deleted Scenes"}	'convent':20 'cyclon':1 'drama':5 'famili':2 'lacklustur':4 'monkey':11 'must':13 'mysql':19 'sink':14 'student':8 'woman':16
202	Daddy Pittsburgh	A Epic Story of a A Shark And a Student who must Confront a Explorer in The Gulf of Mexico	2006	1	5	4.99	161	26.99	G	2013-05-26 14:50:58.951	{"Deleted Scenes","Behind the Scenes"}	'confront':15 'daddi':1 'epic':4 'explor':17 'gulf':20 'mexico':22 'must':14 'pittsburgh':2 'shark':9 'stori':5 'student':12
203	Daisy Menagerie	A Fast-Paced Saga of a Pastry Chef And a Monkey who must Sink a Composer in Ancient India	2006	1	5	4.99	84	9.99	G	2013-05-26 14:50:58.951	{Trailers,Commentaries,"Behind the Scenes"}	'ancient':21 'chef':11 'compos':19 'daisi':1 'fast':5 'fast-pac':4 'india':22 'menageri':2 'monkey':14 'must':16 'pace':6 'pastri':10 'saga':7 'sink':17
204	Dalmations Sweden	A Emotional Epistle of a Moose And a Hunter who must Overcome a Robot in A Manhattan Penthouse	2006	1	4	0.99	106	25.99	PG	2013-05-26 14:50:58.951	{Trailers,Commentaries,"Deleted Scenes"}	'dalmat':1 'emot':4 'epistl':5 'hunter':11 'manhattan':19 'moos':8 'must':13 'overcom':14 'penthous':20 'robot':16 'sweden':2
205	Dances None	A Insightful Reflection of a A Shark And a Dog who must Kill a Butler in An Abandoned Amusement Park	2006	1	3	0.99	58	22.99	NC-17	2013-05-26 14:50:58.951	{Trailers,Commentaries,"Deleted Scenes","Behind the Scenes"}	'abandon':20 'amus':21 'butler':17 'danc':1 'dog':12 'insight':4 'kill':15 'must':14 'none':2 'park':22 'reflect':5 'shark':9
206	Dancing Fever	A Stunning Story of a Explorer And a Forensic Psychologist who must Face a Crocodile in A Shark Tank	2006	1	6	0.99	144	25.99	G	2013-05-26 14:50:58.951	{Commentaries,"Behind the Scenes"}	'crocodil':17 'danc':1 'explor':8 'face':15 'fever':2 'forens':11 'must':14 'psychologist':12 'shark':20 'stori':5 'stun':4 'tank':21
207	Dangerous Uptown	A Unbelieveable Story of a Mad Scientist And a Woman who must Overcome a Dog in California	2006	1	7	4.99	121	26.99	PG	2013-05-26 14:50:58.951	{Commentaries}	'california':19 'danger':1 'dog':17 'mad':8 'must':14 'overcom':15 'scientist':9 'stori':5 'unbeliev':4 'uptown':2 'woman':12
208	Dares Pluto	A Fateful Story of a Robot And a Dentist who must Defeat a Astronaut in New Orleans	2006	1	7	2.99	89	16.99	PG-13	2013-05-26 14:50:58.951	{Commentaries,"Behind the Scenes"}	'astronaut':16 'dare':1 'defeat':14 'dentist':11 'fate':4 'must':13 'new':18 'orlean':19 'pluto':2 'robot':8 'stori':5
209	Darkness War	A Touching Documentary of a Husband And a Hunter who must Escape a Boy in The Sahara Desert	2006	1	6	2.99	99	24.99	NC-17	2013-05-26 14:50:58.951	{"Deleted Scenes","Behind the Scenes"}	'boy':16 'dark':1 'desert':20 'documentari':5 'escap':14 'hunter':11 'husband':8 'must':13 'sahara':19 'touch':4 'war':2
210	Darko Dorado	A Stunning Reflection of a Frisbee And a Husband who must Redeem a Dog in New Orleans	2006	1	3	4.99	130	13.99	NC-17	2013-05-26 14:50:58.951	{Trailers,Commentaries,"Deleted Scenes","Behind the Scenes"}	'darko':1 'dog':16 'dorado':2 'frisbe':8 'husband':11 'must':13 'new':18 'orlean':19 'redeem':14 'reflect':5 'stun':4
211	Darling Breaking	A Brilliant Documentary of a Astronaut And a Squirrel who must Succumb a Student in The Gulf of Mexico	2006	1	7	4.99	165	20.99	PG-13	2013-05-26 14:50:58.951	{Commentaries,"Behind the Scenes"}	'astronaut':8 'break':2 'brilliant':4 'darl':1 'documentari':5 'gulf':19 'mexico':21 'must':13 'squirrel':11 'student':16 'succumb':14
212	Darn Forrester	A Fateful Story of a A Shark And a Explorer who must Succumb a Technical Writer in A Jet Boat	2006	1	7	4.99	185	14.99	G	2013-05-26 14:50:58.951	{"Deleted Scenes"}	'boat':22 'darn':1 'explor':12 'fate':4 'forrest':2 'jet':21 'must':14 'shark':9 'stori':5 'succumb':15 'technic':17 'writer':18
214	Daughter Madigan	A Beautiful Tale of a Hunter And a Mad Scientist who must Confront a Squirrel in The First Manned Space Station	2006	1	3	4.99	59	13.99	PG-13	2013-05-26 14:50:58.951	{Trailers}	'beauti':4 'confront':15 'daughter':1 'first':20 'hunter':8 'mad':11 'madigan':2 'man':21 'must':14 'scientist':12 'space':22 'squirrel':17 'station':23 'tale':5
215	Dawn Pond	A Thoughtful Documentary of a Dentist And a Forensic Psychologist who must Defeat a Waitress in Berlin	2006	1	4	4.99	57	27.99	PG	2013-05-26 14:50:58.951	{Trailers,"Deleted Scenes","Behind the Scenes"}	'berlin':19 'dawn':1 'defeat':15 'dentist':8 'documentari':5 'forens':11 'must':14 'pond':2 'psychologist':12 'thought':4 'waitress':17
216	Day Unfaithful	A Stunning Documentary of a Composer And a Mad Scientist who must Find a Technical Writer in A U-Boat	2006	1	3	4.99	113	16.99	G	2013-05-26 14:50:58.951	{Trailers,Commentaries,"Deleted Scenes","Behind the Scenes"}	'boat':23 'compos':8 'day':1 'documentari':5 'find':15 'mad':11 'must':14 'scientist':12 'stun':4 'technic':17 'u':22 'u-boat':21 'unfaith':2 'writer':18
217	Dazed Punk	A Action-Packed Story of a Pioneer And a Technical Writer who must Discover a Forensic Psychologist in An Abandoned Amusement Park	2006	1	6	4.99	120	20.99	G	2013-05-26 14:50:58.951	{Commentaries,"Deleted Scenes"}	'abandon':23 'action':5 'action-pack':4 'amus':24 'daze':1 'discov':17 'forens':19 'must':16 'pack':6 'park':25 'pioneer':10 'psychologist':20 'punk':2 'stori':7 'technic':13 'writer':14
218	Deceiver Betrayed	A Taut Story of a Moose And a Squirrel who must Build a Husband in Ancient India	2006	1	7	0.99	122	22.99	NC-17	2013-05-26 14:50:58.951	{Trailers,Commentaries,"Deleted Scenes","Behind the Scenes"}	'ancient':18 'betray':2 'build':14 'deceiv':1 'husband':16 'india':19 'moos':8 'must':13 'squirrel':11 'stori':5 'taut':4
219	Deep Crusade	A Amazing Tale of a Crocodile And a Squirrel who must Discover a Composer in Australia	2006	1	6	4.99	51	20.99	PG-13	2013-05-26 14:50:58.951	{Commentaries,"Behind the Scenes"}	'amaz':4 'australia':18 'compos':16 'crocodil':8 'crusad':2 'deep':1 'discov':14 'must':13 'squirrel':11 'tale':5
220	Deer Virginian	A Thoughtful Story of a Mad Cow And a Womanizer who must Overcome a Mad Scientist in Soviet Georgia	2006	1	7	2.99	106	13.99	NC-17	2013-05-26 14:50:58.951	{"Deleted Scenes"}	'cow':9 'deer':1 'georgia':21 'mad':8,17 'must':14 'overcom':15 'scientist':18 'soviet':20 'stori':5 'thought':4 'virginian':2 'woman':12
221	Deliverance Mulholland	A Astounding Saga of a Monkey And a Moose who must Conquer a Butler in A Shark Tank	2006	1	4	0.99	100	9.99	R	2013-05-26 14:50:58.951	{"Deleted Scenes"}	'astound':4 'butler':16 'conquer':14 'deliver':1 'monkey':8 'moos':11 'mulholland':2 'must':13 'saga':5 'shark':19 'tank':20
240	Dolls Rage	A Thrilling Display of a Pioneer And a Frisbee who must Escape a Teacher in The Outback	2006	1	7	2.99	120	10.99	PG-13	2013-05-26 14:50:58.951	{Commentaries,"Deleted Scenes"}	'display':5 'doll':1 'escap':14 'frisbe':11 'must':13 'outback':19 'pioneer':8 'rage':2 'teacher':16 'thrill':4
222	Desert Poseidon	A Brilliant Documentary of a Butler And a Frisbee who must Build a Astronaut in New Orleans	2006	1	4	4.99	64	27.99	R	2013-05-26 14:50:58.951	{Trailers,"Behind the Scenes"}	'astronaut':16 'brilliant':4 'build':14 'butler':8 'desert':1 'documentari':5 'frisbe':11 'must':13 'new':18 'orlean':19 'poseidon':2
223	Desire Alien	A Fast-Paced Tale of a Dog And a Forensic Psychologist who must Meet a Astronaut in The First Manned Space Station	2006	1	7	2.99	76	24.99	NC-17	2013-05-26 14:50:58.951	{"Deleted Scenes"}	'alien':2 'astronaut':19 'desir':1 'dog':10 'fast':5 'fast-pac':4 'first':22 'forens':13 'man':23 'meet':17 'must':16 'pace':6 'psychologist':14 'space':24 'station':25 'tale':7
224	Desperate Trainspotting	A Epic Yarn of a Forensic Psychologist And a Teacher who must Face a Lumberjack in California	2006	1	7	4.99	81	29.99	G	2013-05-26 14:50:58.951	{"Deleted Scenes"}	'california':19 'desper':1 'epic':4 'face':15 'forens':8 'lumberjack':17 'must':14 'psychologist':9 'teacher':12 'trainspot':2 'yarn':5
225	Destination Jerk	A Beautiful Yarn of a Teacher And a Cat who must Build a Car in A U-Boat	2006	1	3	0.99	76	19.99	PG-13	2013-05-26 14:50:58.951	{Trailers,Commentaries,"Behind the Scenes"}	'beauti':4 'boat':21 'build':14 'car':16 'cat':11 'destin':1 'jerk':2 'must':13 'teacher':8 'u':20 'u-boat':19 'yarn':5
226	Destiny Saturday	A Touching Drama of a Crocodile And a Crocodile who must Conquer a Explorer in Soviet Georgia	2006	1	4	4.99	56	20.99	G	2013-05-26 14:50:58.951	{Trailers,Commentaries,"Behind the Scenes"}	'conquer':14 'crocodil':8,11 'destini':1 'drama':5 'explor':16 'georgia':19 'must':13 'saturday':2 'soviet':18 'touch':4
227	Details Packer	A Epic Saga of a Waitress And a Composer who must Face a Boat in A U-Boat	2006	1	4	4.99	88	17.99	R	2013-05-26 14:50:58.951	{Commentaries,"Deleted Scenes"}	'boat':16,21 'compos':11 'detail':1 'epic':4 'face':14 'must':13 'packer':2 'saga':5 'u':20 'u-boat':19 'waitress':8
228	Detective Vision	A Fanciful Documentary of a Pioneer And a Woman who must Redeem a Hunter in Ancient Japan	2006	1	4	0.99	143	16.99	PG-13	2013-05-26 14:50:58.951	{Trailers,Commentaries,"Behind the Scenes"}	'ancient':18 'detect':1 'documentari':5 'fanci':4 'hunter':16 'japan':19 'must':13 'pioneer':8 'redeem':14 'vision':2 'woman':11
229	Devil Desire	A Beautiful Reflection of a Monkey And a Dentist who must Face a Database Administrator in Ancient Japan	2006	1	6	4.99	87	12.99	R	2013-05-26 14:50:58.951	{Trailers,"Behind the Scenes"}	'administr':17 'ancient':19 'beauti':4 'databas':16 'dentist':11 'desir':2 'devil':1 'face':14 'japan':20 'monkey':8 'must':13 'reflect':5
230	Diary Panic	A Thoughtful Character Study of a Frisbee And a Mad Cow who must Outgun a Man in Ancient India	2006	1	7	2.99	107	20.99	G	2013-05-26 14:50:58.951	{Commentaries,"Behind the Scenes"}	'ancient':20 'charact':5 'cow':13 'diari':1 'frisbe':9 'india':21 'mad':12 'man':18 'must':15 'outgun':16 'panic':2 'studi':6 'thought':4
231	Dinosaur Secretary	A Action-Packed Drama of a Feminist And a Girl who must Reach a Robot in The Canadian Rockies	2006	1	7	2.99	63	27.99	R	2013-05-26 14:50:58.951	{Trailers,"Behind the Scenes"}	'action':5 'action-pack':4 'canadian':21 'dinosaur':1 'drama':7 'feminist':10 'girl':13 'must':15 'pack':6 'reach':16 'robot':18 'rocki':22 'secretari':2
232	Dirty Ace	A Action-Packed Character Study of a Forensic Psychologist And a Girl who must Build a Dentist in The Outback	2006	1	7	2.99	147	29.99	NC-17	2013-05-26 14:50:58.951	{Commentaries,"Deleted Scenes","Behind the Scenes"}	'ace':2 'action':5 'action-pack':4 'build':18 'charact':7 'dentist':20 'dirti':1 'forens':11 'girl':15 'must':17 'outback':23 'pack':6 'psychologist':12 'studi':8
233	Disciple Mother	A Touching Reflection of a Mad Scientist And a Boat who must Face a Moose in A Shark Tank	2006	1	3	0.99	141	17.99	PG	2013-05-26 14:50:58.951	{Trailers,"Deleted Scenes","Behind the Scenes"}	'boat':12 'discipl':1 'face':15 'mad':8 'moos':17 'mother':2 'must':14 'reflect':5 'scientist':9 'shark':20 'tank':21 'touch':4
234	Disturbing Scarface	A Lacklusture Display of a Crocodile And a Butler who must Overcome a Monkey in A U-Boat	2006	1	6	2.99	94	27.99	R	2013-05-26 14:50:58.951	{Trailers,"Behind the Scenes"}	'boat':21 'butler':11 'crocodil':8 'display':5 'disturb':1 'lacklustur':4 'monkey':16 'must':13 'overcom':14 'scarfac':2 'u':20 'u-boat':19
235	Divide Monster	A Intrepid Saga of a Man And a Forensic Psychologist who must Reach a Squirrel in A Monastery	2006	1	6	2.99	68	13.99	PG-13	2013-05-26 14:50:58.951	{Trailers,Commentaries}	'divid':1 'forens':11 'intrepid':4 'man':8 'monasteri':20 'monster':2 'must':14 'psychologist':12 'reach':15 'saga':5 'squirrel':17
236	Divine Resurrection	A Boring Character Study of a Man And a Womanizer who must Succumb a Teacher in An Abandoned Amusement Park	2006	1	4	2.99	100	19.99	R	2013-05-26 14:50:58.951	{Trailers,Commentaries}	'abandon':20 'amus':21 'bore':4 'charact':5 'divin':1 'man':9 'must':14 'park':22 'resurrect':2 'studi':6 'succumb':15 'teacher':17 'woman':12
237	Divorce Shining	A Unbelieveable Saga of a Crocodile And a Student who must Discover a Cat in Ancient India	2006	1	3	2.99	47	21.99	G	2013-05-26 14:50:58.951	{Trailers,Commentaries,"Deleted Scenes"}	'ancient':18 'cat':16 'crocodil':8 'discov':14 'divorc':1 'india':19 'must':13 'saga':5 'shine':2 'student':11 'unbeliev':4
238	Doctor Grail	A Insightful Drama of a Womanizer And a Waitress who must Reach a Forensic Psychologist in The Outback	2006	1	4	2.99	57	29.99	G	2013-05-26 14:50:58.951	{Trailers,Commentaries,"Behind the Scenes"}	'doctor':1 'drama':5 'forens':16 'grail':2 'insight':4 'must':13 'outback':20 'psychologist':17 'reach':14 'waitress':11 'woman':8
239	Dogma Family	A Brilliant Character Study of a Database Administrator And a Monkey who must Succumb a Astronaut in New Orleans	2006	1	5	4.99	122	16.99	G	2013-05-26 14:50:58.951	{Commentaries}	'administr':10 'astronaut':18 'brilliant':4 'charact':5 'databas':9 'dogma':1 'famili':2 'monkey':13 'must':15 'new':20 'orlean':21 'studi':6 'succumb':16
241	Donnie Alley	A Awe-Inspiring Tale of a Butler And a Frisbee who must Vanquish a Teacher in Ancient Japan	2006	1	4	0.99	125	20.99	NC-17	2013-05-26 14:50:58.951	{Trailers,Commentaries,"Behind the Scenes"}	'alley':2 'ancient':20 'awe':5 'awe-inspir':4 'butler':10 'donni':1 'frisbe':13 'inspir':6 'japan':21 'must':15 'tale':7 'teacher':18 'vanquish':16
242	Doom Dancing	A Astounding Panorama of a Car And a Mad Scientist who must Battle a Lumberjack in A MySQL Convention	2006	1	4	0.99	68	13.99	R	2013-05-26 14:50:58.951	{Trailers,Commentaries}	'astound':4 'battl':15 'car':8 'convent':21 'danc':2 'doom':1 'lumberjack':17 'mad':11 'must':14 'mysql':20 'panorama':5 'scientist':12
243	Doors President	A Awe-Inspiring Display of a Squirrel And a Woman who must Overcome a Boy in The Gulf of Mexico	2006	1	3	4.99	49	22.99	NC-17	2013-05-26 14:50:58.951	{Trailers,Commentaries,"Deleted Scenes","Behind the Scenes"}	'awe':5 'awe-inspir':4 'boy':18 'display':7 'door':1 'gulf':21 'inspir':6 'mexico':23 'must':15 'overcom':16 'presid':2 'squirrel':10 'woman':13
244	Dorado Notting	A Action-Packed Tale of a Sumo Wrestler And a A Shark who must Meet a Frisbee in California	2006	1	5	4.99	139	26.99	NC-17	2013-05-26 14:50:58.951	{Commentaries}	'action':5 'action-pack':4 'california':22 'dorado':1 'frisbe':20 'meet':18 'must':17 'not':2 'pack':6 'shark':15 'sumo':10 'tale':7 'wrestler':11
245	Double Wrath	A Thoughtful Yarn of a Womanizer And a Dog who must Challenge a Madman in The Gulf of Mexico	2006	1	4	0.99	177	28.99	R	2013-05-26 14:50:58.951	{Trailers,"Deleted Scenes","Behind the Scenes"}	'challeng':14 'dog':11 'doubl':1 'gulf':19 'madman':16 'mexico':21 'must':13 'thought':4 'woman':8 'wrath':2 'yarn':5
246	Doubtfire Labyrinth	A Intrepid Panorama of a Butler And a Composer who must Meet a Mad Cow in The Sahara Desert	2006	1	5	4.99	154	16.99	R	2013-05-26 14:50:58.951	{"Deleted Scenes","Behind the Scenes"}	'butler':8 'compos':11 'cow':17 'desert':21 'doubtfir':1 'intrepid':4 'labyrinth':2 'mad':16 'meet':14 'must':13 'panorama':5 'sahara':20
247	Downhill Enough	A Emotional Tale of a Pastry Chef And a Forensic Psychologist who must Succumb a Monkey in The Sahara Desert	2006	1	3	0.99	47	19.99	G	2013-05-26 14:50:58.951	{Trailers,Commentaries,"Deleted Scenes"}	'chef':9 'desert':22 'downhil':1 'emot':4 'enough':2 'forens':12 'monkey':18 'must':15 'pastri':8 'psychologist':13 'sahara':21 'succumb':16 'tale':5
248	Dozen Lion	A Taut Drama of a Cat And a Girl who must Defeat a Frisbee in The Canadian Rockies	2006	1	6	4.99	177	20.99	NC-17	2013-05-26 14:50:58.951	{Commentaries,"Deleted Scenes","Behind the Scenes"}	'canadian':19 'cat':8 'defeat':14 'dozen':1 'drama':5 'frisbe':16 'girl':11 'lion':2 'must':13 'rocki':20 'taut':4
249	Dracula Crystal	A Thrilling Reflection of a Feminist And a Cat who must Find a Frisbee in An Abandoned Fun House	2006	1	7	0.99	176	26.99	G	2013-05-26 14:50:58.951	{Commentaries}	'abandon':19 'cat':11 'crystal':2 'dracula':1 'feminist':8 'find':14 'frisbe':16 'fun':20 'hous':21 'must':13 'reflect':5 'thrill':4
250	Dragon Squad	A Taut Reflection of a Boy And a Waitress who must Outgun a Teacher in Ancient China	2006	1	4	0.99	170	26.99	NC-17	2013-05-26 14:50:58.951	{"Deleted Scenes","Behind the Scenes"}	'ancient':18 'boy':8 'china':19 'dragon':1 'must':13 'outgun':14 'reflect':5 'squad':2 'taut':4 'teacher':16 'waitress':11
251	Dragonfly Strangers	A Boring Documentary of a Pioneer And a Man who must Vanquish a Man in Nigeria	2006	1	6	4.99	133	19.99	NC-17	2013-05-26 14:50:58.951	{Trailers,"Behind the Scenes"}	'bore':4 'documentari':5 'dragonfli':1 'man':11,16 'must':13 'nigeria':18 'pioneer':8 'stranger':2 'vanquish':14
252	Dream Pickup	A Epic Display of a Car And a Composer who must Overcome a Forensic Psychologist in The Gulf of Mexico	2006	1	6	2.99	135	18.99	PG	2013-05-26 14:50:58.951	{Trailers,Commentaries,"Behind the Scenes"}	'car':8 'compos':11 'display':5 'dream':1 'epic':4 'forens':16 'gulf':20 'mexico':22 'must':13 'overcom':14 'pickup':2 'psychologist':17
253	Drifter Commandments	A Epic Reflection of a Womanizer And a Squirrel who must Discover a Husband in A Jet Boat	2006	1	5	4.99	61	18.99	PG-13	2013-05-26 14:50:58.951	{Trailers,"Behind the Scenes"}	'boat':20 'command':2 'discov':14 'drifter':1 'epic':4 'husband':16 'jet':19 'must':13 'reflect':5 'squirrel':11 'woman':8
254	Driver Annie	A Lacklusture Character Study of a Butler And a Car who must Redeem a Boat in An Abandoned Fun House	2006	1	4	2.99	159	11.99	PG-13	2013-05-26 14:50:58.951	{Trailers,"Deleted Scenes","Behind the Scenes"}	'abandon':20 'anni':2 'boat':17 'butler':9 'car':12 'charact':5 'driver':1 'fun':21 'hous':22 'lacklustur':4 'must':14 'redeem':15 'studi':6
255	Driving Polish	A Action-Packed Yarn of a Feminist And a Technical Writer who must Sink a Boat in An Abandoned Mine Shaft	2006	1	6	4.99	175	21.99	NC-17	2013-05-26 14:50:58.951	{Trailers,"Deleted Scenes"}	'abandon':22 'action':5 'action-pack':4 'boat':19 'drive':1 'feminist':10 'mine':23 'must':16 'pack':6 'polish':2 'shaft':24 'sink':17 'technic':13 'writer':14 'yarn':7
256	Drop Waterfront	A Fanciful Documentary of a Husband And a Explorer who must Reach a Madman in Ancient China	2006	1	6	4.99	178	20.99	R	2013-05-26 14:50:58.951	{Trailers,Commentaries}	'ancient':18 'china':19 'documentari':5 'drop':1 'explor':11 'fanci':4 'husband':8 'madman':16 'must':13 'reach':14 'waterfront':2
257	Drumline Cyclone	A Insightful Panorama of a Monkey And a Sumo Wrestler who must Outrace a Mad Scientist in The Canadian Rockies	2006	1	3	0.99	110	14.99	G	2013-05-26 14:50:58.951	{Commentaries,"Deleted Scenes","Behind the Scenes"}	'canadian':21 'cyclon':2 'drumlin':1 'insight':4 'mad':17 'monkey':8 'must':14 'outrac':15 'panorama':5 'rocki':22 'scientist':18 'sumo':11 'wrestler':12
258	Drums Dynamite	A Epic Display of a Crocodile And a Crocodile who must Confront a Dog in An Abandoned Amusement Park	2006	1	6	0.99	96	11.99	PG	2013-05-26 14:50:58.951	{Trailers}	'abandon':19 'amus':20 'confront':14 'crocodil':8,11 'display':5 'dog':16 'drum':1 'dynamit':2 'epic':4 'must':13 'park':21
259	Duck Racer	A Lacklusture Yarn of a Teacher And a Squirrel who must Overcome a Dog in A Shark Tank	2006	1	4	2.99	116	15.99	NC-17	2013-05-26 14:50:58.951	{"Behind the Scenes"}	'dog':16 'duck':1 'lacklustur':4 'must':13 'overcom':14 'racer':2 'shark':19 'squirrel':11 'tank':20 'teacher':8 'yarn':5
260	Dude Blindness	A Stunning Reflection of a Husband And a Lumberjack who must Face a Frisbee in An Abandoned Fun House	2006	1	3	4.99	132	9.99	G	2013-05-26 14:50:58.951	{Trailers,"Deleted Scenes"}	'abandon':19 'blind':2 'dude':1 'face':14 'frisbe':16 'fun':20 'hous':21 'husband':8 'lumberjack':11 'must':13 'reflect':5 'stun':4
261	Duffel Apocalypse	A Emotional Display of a Boat And a Explorer who must Challenge a Madman in A MySQL Convention	2006	1	5	0.99	171	13.99	G	2013-05-26 14:50:58.951	{Commentaries}	'apocalyps':2 'boat':8 'challeng':14 'convent':20 'display':5 'duffel':1 'emot':4 'explor':11 'madman':16 'must':13 'mysql':19
262	Dumbo Lust	A Touching Display of a Feminist And a Dentist who must Conquer a Husband in The Gulf of Mexico	2006	1	5	0.99	119	17.99	NC-17	2013-05-26 14:50:58.951	{"Behind the Scenes"}	'conquer':14 'dentist':11 'display':5 'dumbo':1 'feminist':8 'gulf':19 'husband':16 'lust':2 'mexico':21 'must':13 'touch':4
263	Durham Panky	A Brilliant Panorama of a Girl And a Boy who must Face a Mad Scientist in An Abandoned Mine Shaft	2006	1	6	4.99	154	14.99	R	2013-05-26 14:50:58.951	{Trailers,Commentaries}	'abandon':20 'boy':11 'brilliant':4 'durham':1 'face':14 'girl':8 'mad':16 'mine':21 'must':13 'panki':2 'panorama':5 'scientist':17 'shaft':22
264	Dwarfs Alter	A Emotional Yarn of a Girl And a Dog who must Challenge a Composer in Ancient Japan	2006	1	6	2.99	101	13.99	G	2013-05-26 14:50:58.951	{Commentaries,"Deleted Scenes"}	'alter':2 'ancient':18 'challeng':14 'compos':16 'dog':11 'dwarf':1 'emot':4 'girl':8 'japan':19 'must':13 'yarn':5
266	Dynamite Tarzan	A Intrepid Documentary of a Forensic Psychologist And a Mad Scientist who must Face a Explorer in A U-Boat	2006	1	4	0.99	141	27.99	PG-13	2013-05-26 14:50:58.951	{"Deleted Scenes"}	'boat':23 'documentari':5 'dynamit':1 'explor':18 'face':16 'forens':8 'intrepid':4 'mad':12 'must':15 'psychologist':9 'scientist':13 'tarzan':2 'u':22 'u-boat':21
267	Eagles Panky	A Thoughtful Story of a Car And a Boy who must Find a A Shark in The Sahara Desert	2006	1	4	4.99	140	14.99	NC-17	2013-05-26 14:50:58.951	{Trailers,Commentaries,"Behind the Scenes"}	'boy':11 'car':8 'desert':21 'eagl':1 'find':14 'must':13 'panki':2 'sahara':20 'shark':17 'stori':5 'thought':4
268	Early Home	A Amazing Panorama of a Mad Scientist And a Husband who must Meet a Woman in The Outback	2006	1	6	4.99	96	27.99	NC-17	2013-05-26 14:50:58.951	{Trailers,Commentaries,"Behind the Scenes"}	'amaz':4 'earli':1 'home':2 'husband':12 'mad':8 'meet':15 'must':14 'outback':20 'panorama':5 'scientist':9 'woman':17
269	Earring Instinct	A Stunning Character Study of a Dentist And a Mad Cow who must Find a Teacher in Nigeria	2006	1	3	0.99	98	22.99	R	2013-05-26 14:50:58.951	{"Behind the Scenes"}	'charact':5 'cow':13 'dentist':9 'earring':1 'find':16 'instinct':2 'mad':12 'must':15 'nigeria':20 'studi':6 'stun':4 'teacher':18
270	Earth Vision	A Stunning Drama of a Butler And a Madman who must Outrace a Womanizer in Ancient India	2006	1	7	0.99	85	29.99	NC-17	2013-05-26 14:50:58.951	{Trailers,Commentaries,"Deleted Scenes"}	'ancient':18 'butler':8 'drama':5 'earth':1 'india':19 'madman':11 'must':13 'outrac':14 'stun':4 'vision':2 'woman':16
271	Easy Gladiator	A Fateful Story of a Monkey And a Girl who must Overcome a Pastry Chef in Ancient India	2006	1	5	4.99	148	12.99	G	2013-05-26 14:50:58.951	{Trailers,Commentaries,"Behind the Scenes"}	'ancient':19 'chef':17 'easi':1 'fate':4 'girl':11 'gladiat':2 'india':20 'monkey':8 'must':13 'overcom':14 'pastri':16 'stori':5
272	Edge Kissing	A Beautiful Yarn of a Composer And a Mad Cow who must Redeem a Mad Scientist in A Jet Boat	2006	1	5	4.99	153	9.99	NC-17	2013-05-26 14:50:58.951	{"Deleted Scenes"}	'beauti':4 'boat':22 'compos':8 'cow':12 'edg':1 'jet':21 'kiss':2 'mad':11,17 'must':14 'redeem':15 'scientist':18 'yarn':5
273	Effect Gladiator	A Beautiful Display of a Pastry Chef And a Pastry Chef who must Outgun a Forensic Psychologist in A Manhattan Penthouse	2006	1	6	0.99	107	14.99	PG	2013-05-26 14:50:58.951	{Commentaries}	'beauti':4 'chef':9,13 'display':5 'effect':1 'forens':18 'gladiat':2 'manhattan':22 'must':15 'outgun':16 'pastri':8,12 'penthous':23 'psychologist':19
274	Egg Igby	A Beautiful Documentary of a Boat And a Sumo Wrestler who must Succumb a Database Administrator in The First Manned Space Station	2006	1	4	2.99	67	20.99	PG	2013-05-26 14:50:58.951	{Commentaries,"Behind the Scenes"}	'administr':18 'beauti':4 'boat':8 'databas':17 'documentari':5 'egg':1 'first':21 'igbi':2 'man':22 'must':14 'space':23 'station':24 'succumb':15 'sumo':11 'wrestler':12
275	Egypt Tenenbaums	A Intrepid Story of a Madman And a Secret Agent who must Outrace a Astronaut in An Abandoned Amusement Park	2006	1	3	0.99	85	11.99	PG	2013-05-26 14:50:58.951	{Commentaries,"Deleted Scenes","Behind the Scenes"}	'abandon':20 'agent':12 'amus':21 'astronaut':17 'egypt':1 'intrepid':4 'madman':8 'must':14 'outrac':15 'park':22 'secret':11 'stori':5 'tenenbaum':2
276	Element Freddy	A Awe-Inspiring Reflection of a Waitress And a Squirrel who must Kill a Mad Cow in A Jet Boat	2006	1	6	4.99	115	28.99	NC-17	2013-05-26 14:50:58.951	{Commentaries,"Behind the Scenes"}	'awe':5 'awe-inspir':4 'boat':23 'cow':19 'element':1 'freddi':2 'inspir':6 'jet':22 'kill':16 'mad':18 'must':15 'reflect':7 'squirrel':13 'waitress':10
277	Elephant Trojan	A Beautiful Panorama of a Lumberjack And a Forensic Psychologist who must Overcome a Frisbee in A Baloon	2006	1	4	4.99	126	24.99	PG-13	2013-05-26 14:50:58.951	{"Behind the Scenes"}	'baloon':20 'beauti':4 'eleph':1 'forens':11 'frisbe':17 'lumberjack':8 'must':14 'overcom':15 'panorama':5 'psychologist':12 'trojan':2
278	Elf Murder	A Action-Packed Story of a Frisbee And a Woman who must Reach a Girl in An Abandoned Mine Shaft	2006	1	4	4.99	155	19.99	NC-17	2013-05-26 14:50:58.951	{Trailers,Commentaries,"Behind the Scenes"}	'abandon':21 'action':5 'action-pack':4 'elf':1 'frisbe':10 'girl':18 'mine':22 'murder':2 'must':15 'pack':6 'reach':16 'shaft':23 'stori':7 'woman':13
279	Elizabeth Shane	A Lacklusture Display of a Womanizer And a Dog who must Face a Sumo Wrestler in Ancient Japan	2006	1	7	4.99	152	11.99	NC-17	2013-05-26 14:50:58.951	{Trailers,"Deleted Scenes","Behind the Scenes"}	'ancient':19 'display':5 'dog':11 'elizabeth':1 'face':14 'japan':20 'lacklustur':4 'must':13 'shane':2 'sumo':16 'woman':8 'wrestler':17
280	Empire Malkovich	A Amazing Story of a Feminist And a Cat who must Face a Car in An Abandoned Fun House	2006	1	7	0.99	177	26.99	G	2013-05-26 14:50:58.951	{"Deleted Scenes"}	'abandon':19 'amaz':4 'car':16 'cat':11 'empir':1 'face':14 'feminist':8 'fun':20 'hous':21 'malkovich':2 'must':13 'stori':5
281	Encino Elf	A Astounding Drama of a Feminist And a Teacher who must Confront a Husband in A Baloon	2006	1	6	0.99	143	9.99	G	2013-05-26 14:50:58.951	{Trailers,"Behind the Scenes"}	'astound':4 'baloon':19 'confront':14 'drama':5 'elf':2 'encino':1 'feminist':8 'husband':16 'must':13 'teacher':11
282	Encounters Curtain	A Insightful Epistle of a Pastry Chef And a Womanizer who must Build a Boat in New Orleans	2006	1	5	0.99	92	20.99	NC-17	2013-05-26 14:50:58.951	{Trailers}	'boat':17 'build':15 'chef':9 'curtain':2 'encount':1 'epistl':5 'insight':4 'must':14 'new':19 'orlean':20 'pastri':8 'woman':12
283	Ending Crowds	A Unbelieveable Display of a Dentist And a Madman who must Vanquish a Squirrel in Berlin	2006	1	6	0.99	85	10.99	NC-17	2013-05-26 14:50:58.951	{Commentaries,"Behind the Scenes"}	'berlin':18 'crowd':2 'dentist':8 'display':5 'end':1 'madman':11 'must':13 'squirrel':16 'unbeliev':4 'vanquish':14
284	Enemy Odds	A Fanciful Panorama of a Mad Scientist And a Woman who must Pursue a Astronaut in Ancient India	2006	1	5	4.99	77	23.99	NC-17	2013-05-26 14:50:58.951	{Trailers}	'ancient':19 'astronaut':17 'enemi':1 'fanci':4 'india':20 'mad':8 'must':14 'odd':2 'panorama':5 'pursu':15 'scientist':9 'woman':12
285	English Bulworth	A Intrepid Epistle of a Pastry Chef And a Pastry Chef who must Pursue a Crocodile in Ancient China	2006	1	3	0.99	51	18.99	PG-13	2013-05-26 14:50:58.951	{"Deleted Scenes"}	'ancient':20 'bulworth':2 'chef':9,13 'china':21 'crocodil':18 'english':1 'epistl':5 'intrepid':4 'must':15 'pastri':8,12 'pursu':16
286	Enough Raging	A Astounding Character Study of a Boat And a Secret Agent who must Find a Mad Cow in The Sahara Desert	2006	1	7	2.99	158	16.99	NC-17	2013-05-26 14:50:58.951	{Commentaries}	'agent':13 'astound':4 'boat':9 'charact':5 'cow':19 'desert':23 'enough':1 'find':16 'mad':18 'must':15 'rage':2 'sahara':22 'secret':12 'studi':6
287	Entrapment Satisfaction	A Thoughtful Panorama of a Hunter And a Teacher who must Reach a Mad Cow in A U-Boat	2006	1	5	0.99	176	19.99	R	2013-05-26 14:50:58.951	{Commentaries,"Deleted Scenes","Behind the Scenes"}	'boat':22 'cow':17 'entrap':1 'hunter':8 'mad':16 'must':13 'panorama':5 'reach':14 'satisfact':2 'teacher':11 'thought':4 'u':21 'u-boat':20
288	Escape Metropolis	A Taut Yarn of a Astronaut And a Technical Writer who must Outgun a Boat in New Orleans	2006	1	7	2.99	167	20.99	R	2013-05-26 14:50:58.951	{Trailers}	'astronaut':8 'boat':17 'escap':1 'metropoli':2 'must':14 'new':19 'orlean':20 'outgun':15 'taut':4 'technic':11 'writer':12 'yarn':5
289	Eve Resurrection	A Awe-Inspiring Yarn of a Pastry Chef And a Database Administrator who must Challenge a Teacher in A Baloon	2006	1	5	4.99	66	25.99	G	2013-05-26 14:50:58.951	{Trailers,Commentaries,"Deleted Scenes"}	'administr':15 'awe':5 'awe-inspir':4 'baloon':23 'challeng':18 'chef':11 'databas':14 'eve':1 'inspir':6 'must':17 'pastri':10 'resurrect':2 'teacher':20 'yarn':7
290	Everyone Craft	A Fateful Display of a Waitress And a Dentist who must Reach a Butler in Nigeria	2006	1	4	0.99	163	29.99	PG	2013-05-26 14:50:58.951	{Trailers,Commentaries}	'butler':16 'craft':2 'dentist':11 'display':5 'everyon':1 'fate':4 'must':13 'nigeria':18 'reach':14 'waitress':8
291	Evolution Alter	A Fanciful Character Study of a Feminist And a Madman who must Find a Explorer in A Baloon Factory	2006	1	5	0.99	174	10.99	PG-13	2013-05-26 14:50:58.951	{"Behind the Scenes"}	'alter':2 'baloon':20 'charact':5 'evolut':1 'explor':17 'factori':21 'fanci':4 'feminist':9 'find':15 'madman':12 'must':14 'studi':6
292	Excitement Eve	A Brilliant Documentary of a Monkey And a Car who must Conquer a Crocodile in A Shark Tank	2006	1	3	0.99	51	20.99	G	2013-05-26 14:50:58.951	{Commentaries}	'brilliant':4 'car':11 'conquer':14 'crocodil':16 'documentari':5 'eve':2 'excit':1 'monkey':8 'must':13 'shark':19 'tank':20
293	Exorcist Sting	A Touching Drama of a Dog And a Sumo Wrestler who must Conquer a Mad Scientist in Berlin	2006	1	6	2.99	167	17.99	G	2013-05-26 14:50:58.951	{Commentaries,"Deleted Scenes","Behind the Scenes"}	'berlin':20 'conquer':15 'dog':8 'drama':5 'exorcist':1 'mad':17 'must':14 'scientist':18 'sting':2 'sumo':11 'touch':4 'wrestler':12
294	Expecations Natural	A Amazing Drama of a Butler And a Husband who must Reach a A Shark in A U-Boat	2006	1	5	4.99	138	26.99	PG-13	2013-05-26 14:50:58.951	{"Deleted Scenes"}	'amaz':4 'boat':22 'butler':8 'drama':5 'expec':1 'husband':11 'must':13 'natur':2 'reach':14 'shark':17 'u':21 'u-boat':20
295	Expendable Stallion	A Amazing Character Study of a Mad Cow And a Squirrel who must Discover a Hunter in A U-Boat	2006	1	3	0.99	97	14.99	PG	2013-05-26 14:50:58.951	{Trailers,"Behind the Scenes"}	'amaz':4 'boat':23 'charact':5 'cow':10 'discov':16 'expend':1 'hunter':18 'mad':9 'must':15 'squirrel':13 'stallion':2 'studi':6 'u':22 'u-boat':21
296	Express Lonely	A Boring Drama of a Astronaut And a Boat who must Face a Boat in California	2006	1	5	2.99	178	23.99	R	2013-05-26 14:50:58.951	{Trailers}	'astronaut':8 'boat':11,16 'bore':4 'california':18 'drama':5 'express':1 'face':14 'lone':2 'must':13
297	Extraordinary Conquerer	A Stunning Story of a Dog And a Feminist who must Face a Forensic Psychologist in Berlin	2006	1	6	2.99	122	29.99	G	2013-05-26 14:50:58.951	{Trailers,Commentaries,"Deleted Scenes"}	'berlin':19 'conquer':2 'dog':8 'extraordinari':1 'face':14 'feminist':11 'forens':16 'must':13 'psychologist':17 'stori':5 'stun':4
298	Eyes Driving	A Thrilling Story of a Cat And a Waitress who must Fight a Explorer in The Outback	2006	1	4	2.99	172	13.99	PG-13	2013-05-26 14:50:58.951	{Trailers,Commentaries}	'cat':8 'drive':2 'explor':16 'eye':1 'fight':14 'must':13 'outback':19 'stori':5 'thrill':4 'waitress':11
356	Giant Troopers	A Fateful Display of a Feminist And a Monkey who must Vanquish a Monkey in The Canadian Rockies	2006	1	5	2.99	102	10.99	R	2013-05-26 14:50:58.951	{Trailers,Commentaries}	'canadian':19 'display':5 'fate':4 'feminist':8 'giant':1 'monkey':11,16 'must':13 'rocki':20 'trooper':2 'vanquish':14
299	Factory Dragon	A Action-Packed Saga of a Teacher And a Frisbee who must Escape a Lumberjack in The Sahara Desert	2006	1	4	0.99	144	9.99	PG-13	2013-05-26 14:50:58.951	{Trailers,Commentaries,"Deleted Scenes"}	'action':5 'action-pack':4 'desert':22 'dragon':2 'escap':16 'factori':1 'frisbe':13 'lumberjack':18 'must':15 'pack':6 'saga':7 'sahara':21 'teacher':10
300	Falcon Volume	A Fateful Saga of a Sumo Wrestler And a Hunter who must Redeem a A Shark in New Orleans	2006	1	5	4.99	102	21.99	PG-13	2013-05-26 14:50:58.951	{Commentaries,"Behind the Scenes"}	'falcon':1 'fate':4 'hunter':12 'must':14 'new':20 'orlean':21 'redeem':15 'saga':5 'shark':18 'sumo':8 'volum':2 'wrestler':9
301	Family Sweet	A Epic Documentary of a Teacher And a Boy who must Escape a Woman in Berlin	2006	1	4	0.99	155	24.99	R	2013-05-26 14:50:58.951	{Trailers}	'berlin':18 'boy':11 'documentari':5 'epic':4 'escap':14 'famili':1 'must':13 'sweet':2 'teacher':8 'woman':16
302	Fantasia Park	A Thoughtful Documentary of a Mad Scientist And a A Shark who must Outrace a Feminist in Australia	2006	1	5	2.99	131	29.99	G	2013-05-26 14:50:58.951	{Commentaries}	'australia':20 'documentari':5 'fantasia':1 'feminist':18 'mad':8 'must':15 'outrac':16 'park':2 'scientist':9 'shark':13 'thought':4
303	Fantasy Troopers	A Touching Saga of a Teacher And a Monkey who must Overcome a Secret Agent in A MySQL Convention	2006	1	6	0.99	58	27.99	PG-13	2013-05-26 14:50:58.951	{"Behind the Scenes"}	'agent':17 'convent':21 'fantasi':1 'monkey':11 'must':13 'mysql':20 'overcom':14 'saga':5 'secret':16 'teacher':8 'touch':4 'trooper':2
304	Fargo Gandhi	A Thrilling Reflection of a Pastry Chef And a Crocodile who must Reach a Teacher in The Outback	2006	1	3	2.99	130	28.99	G	2013-05-26 14:50:58.951	{"Deleted Scenes"}	'chef':9 'crocodil':12 'fargo':1 'gandhi':2 'must':14 'outback':20 'pastri':8 'reach':15 'reflect':5 'teacher':17 'thrill':4
305	Fatal Haunted	A Beautiful Drama of a Student And a Secret Agent who must Confront a Dentist in Ancient Japan	2006	1	6	2.99	91	24.99	PG	2013-05-26 14:50:58.951	{Trailers,"Behind the Scenes"}	'agent':12 'ancient':19 'beauti':4 'confront':15 'dentist':17 'drama':5 'fatal':1 'haunt':2 'japan':20 'must':14 'secret':11 'student':8
306	Feathers Metal	A Thoughtful Yarn of a Monkey And a Teacher who must Find a Dog in Australia	2006	1	3	0.99	104	12.99	PG-13	2013-05-26 14:50:58.951	{Trailers,"Deleted Scenes"}	'australia':18 'dog':16 'feather':1 'find':14 'metal':2 'monkey':8 'must':13 'teacher':11 'thought':4 'yarn':5
307	Fellowship Autumn	A Lacklusture Reflection of a Dentist And a Hunter who must Meet a Teacher in A Baloon	2006	1	6	4.99	77	9.99	NC-17	2013-05-26 14:50:58.951	{"Deleted Scenes","Behind the Scenes"}	'autumn':2 'baloon':19 'dentist':8 'fellowship':1 'hunter':11 'lacklustur':4 'meet':14 'must':13 'reflect':5 'teacher':16
308	Ferris Mother	A Touching Display of a Frisbee And a Frisbee who must Kill a Girl in The Gulf of Mexico	2006	1	3	2.99	142	13.99	PG	2013-05-26 14:50:58.951	{Trailers,"Deleted Scenes","Behind the Scenes"}	'display':5 'ferri':1 'frisbe':8,11 'girl':16 'gulf':19 'kill':14 'mexico':21 'mother':2 'must':13 'touch':4
309	Feud Frogmen	A Brilliant Reflection of a Database Administrator And a Mad Cow who must Chase a Woman in The Canadian Rockies	2006	1	6	0.99	98	29.99	R	2013-05-26 14:50:58.951	{Trailers,Commentaries,"Deleted Scenes","Behind the Scenes"}	'administr':9 'brilliant':4 'canadian':21 'chase':16 'cow':13 'databas':8 'feud':1 'frogmen':2 'mad':12 'must':15 'reflect':5 'rocki':22 'woman':18
310	Fever Empire	A Insightful Panorama of a Cat And a Boat who must Defeat a Boat in The Gulf of Mexico	2006	1	5	4.99	158	20.99	R	2013-05-26 14:50:58.951	{Commentaries,"Deleted Scenes"}	'boat':11,16 'cat':8 'defeat':14 'empir':2 'fever':1 'gulf':19 'insight':4 'mexico':21 'must':13 'panorama':5
311	Fiction Christmas	A Emotional Yarn of a A Shark And a Student who must Battle a Robot in An Abandoned Mine Shaft	2006	1	4	0.99	72	14.99	PG	2013-05-26 14:50:58.951	{Trailers,Commentaries,"Deleted Scenes","Behind the Scenes"}	'abandon':20 'battl':15 'christma':2 'emot':4 'fiction':1 'mine':21 'must':14 'robot':17 'shaft':22 'shark':9 'student':12 'yarn':5
312	Fiddler Lost	A Boring Tale of a Squirrel And a Dog who must Challenge a Madman in The Gulf of Mexico	2006	1	4	4.99	75	20.99	R	2013-05-26 14:50:58.951	{"Deleted Scenes","Behind the Scenes"}	'bore':4 'challeng':14 'dog':11 'fiddler':1 'gulf':19 'lost':2 'madman':16 'mexico':21 'must':13 'squirrel':8 'tale':5
313	Fidelity Devil	A Awe-Inspiring Drama of a Technical Writer And a Composer who must Reach a Pastry Chef in A U-Boat	2006	1	5	4.99	118	11.99	G	2013-05-26 14:50:58.951	{Trailers,"Deleted Scenes","Behind the Scenes"}	'awe':5 'awe-inspir':4 'boat':25 'chef':20 'compos':14 'devil':2 'drama':7 'fidel':1 'inspir':6 'must':16 'pastri':19 'reach':17 'technic':10 'u':24 'u-boat':23 'writer':11
314	Fight Jawbreaker	A Intrepid Panorama of a Womanizer And a Girl who must Escape a Girl in A Manhattan Penthouse	2006	1	3	0.99	91	13.99	R	2013-05-26 14:50:58.951	{Trailers,Commentaries,"Deleted Scenes","Behind the Scenes"}	'escap':14 'fight':1 'girl':11,16 'intrepid':4 'jawbreak':2 'manhattan':19 'must':13 'panorama':5 'penthous':20 'woman':8
315	Finding Anaconda	A Fateful Tale of a Database Administrator And a Girl who must Battle a Squirrel in New Orleans	2006	1	4	0.99	156	10.99	R	2013-05-26 14:50:58.951	{Trailers,Commentaries}	'administr':9 'anaconda':2 'battl':15 'databas':8 'fate':4 'find':1 'girl':12 'must':14 'new':19 'orlean':20 'squirrel':17 'tale':5
316	Fire Wolves	A Intrepid Documentary of a Frisbee And a Dog who must Outrace a Lumberjack in Nigeria	2006	1	5	4.99	173	18.99	R	2013-05-26 14:50:58.951	{Trailers}	'documentari':5 'dog':11 'fire':1 'frisbe':8 'intrepid':4 'lumberjack':16 'must':13 'nigeria':18 'outrac':14 'wolv':2
317	Fireball Philadelphia	A Amazing Yarn of a Dentist And a A Shark who must Vanquish a Madman in An Abandoned Mine Shaft	2006	1	4	0.99	148	25.99	PG	2013-05-26 14:50:58.951	{Trailers,Commentaries,"Behind the Scenes"}	'abandon':20 'amaz':4 'dentist':8 'firebal':1 'madman':17 'mine':21 'must':14 'philadelphia':2 'shaft':22 'shark':12 'vanquish':15 'yarn':5
318	Firehouse Vietnam	A Awe-Inspiring Character Study of a Boat And a Boy who must Kill a Pastry Chef in The Sahara Desert	2006	1	7	0.99	103	14.99	G	2013-05-26 14:50:58.951	{Commentaries,"Deleted Scenes"}	'awe':5 'awe-inspir':4 'boat':11 'boy':14 'charact':7 'chef':20 'desert':24 'firehous':1 'inspir':6 'kill':17 'must':16 'pastri':19 'sahara':23 'studi':8 'vietnam':2
319	Fish Opus	A Touching Display of a Feminist And a Girl who must Confront a Astronaut in Australia	2006	1	4	2.99	125	22.99	R	2013-05-26 14:50:58.951	{Trailers,"Deleted Scenes","Behind the Scenes"}	'astronaut':16 'australia':18 'confront':14 'display':5 'feminist':8 'fish':1 'girl':11 'must':13 'opus':2 'touch':4
320	Flamingos Connecticut	A Fast-Paced Reflection of a Composer And a Composer who must Meet a Cat in The Sahara Desert	2006	1	4	4.99	80	28.99	PG-13	2013-05-26 14:50:58.951	{Trailers}	'cat':18 'compos':10,13 'connecticut':2 'desert':22 'fast':5 'fast-pac':4 'flamingo':1 'meet':16 'must':15 'pace':6 'reflect':7 'sahara':21
321	Flash Wars	A Astounding Saga of a Moose And a Pastry Chef who must Chase a Student in The Gulf of Mexico	2006	1	3	4.99	123	21.99	NC-17	2013-05-26 14:50:58.951	{Trailers,Commentaries,"Behind the Scenes"}	'astound':4 'chase':15 'chef':12 'flash':1 'gulf':20 'mexico':22 'moos':8 'must':14 'pastri':11 'saga':5 'student':17 'war':2
322	Flatliners Killer	A Taut Display of a Secret Agent And a Waitress who must Sink a Robot in An Abandoned Mine Shaft	2006	1	5	2.99	100	29.99	G	2013-05-26 14:50:58.951	{Trailers,Commentaries,"Deleted Scenes"}	'abandon':20 'agent':9 'display':5 'flatlin':1 'killer':2 'mine':21 'must':14 'robot':17 'secret':8 'shaft':22 'sink':15 'taut':4 'waitress':12
323	Flight Lies	A Stunning Character Study of a Crocodile And a Pioneer who must Pursue a Teacher in New Orleans	2006	1	7	4.99	179	22.99	R	2013-05-26 14:50:58.951	{Trailers}	'charact':5 'crocodil':9 'flight':1 'lie':2 'must':14 'new':19 'orlean':20 'pioneer':12 'pursu':15 'studi':6 'stun':4 'teacher':17
324	Flintstones Happiness	A Fateful Story of a Husband And a Moose who must Vanquish a Boy in California	2006	1	3	4.99	148	11.99	PG-13	2013-05-26 14:50:58.951	{Trailers,Commentaries,"Deleted Scenes","Behind the Scenes"}	'boy':16 'california':18 'fate':4 'flintston':1 'happi':2 'husband':8 'moos':11 'must':13 'stori':5 'vanquish':14
325	Floats Garden	A Action-Packed Epistle of a Robot And a Car who must Chase a Boat in Ancient Japan	2006	1	6	2.99	145	29.99	PG-13	2013-05-26 14:50:58.951	{Trailers,Commentaries,"Behind the Scenes"}	'action':5 'action-pack':4 'ancient':20 'boat':18 'car':13 'chase':16 'epistl':7 'float':1 'garden':2 'japan':21 'must':15 'pack':6 'robot':10
326	Flying Hook	A Thrilling Display of a Mad Cow And a Dog who must Challenge a Frisbee in Nigeria	2006	1	6	2.99	69	18.99	NC-17	2013-05-26 14:50:58.951	{Trailers,Commentaries,"Behind the Scenes"}	'challeng':15 'cow':9 'display':5 'dog':12 'fli':1 'frisbe':17 'hook':2 'mad':8 'must':14 'nigeria':19 'thrill':4
327	Fool Mockingbird	A Lacklusture Tale of a Crocodile And a Composer who must Defeat a Madman in A U-Boat	2006	1	3	4.99	158	24.99	PG	2013-05-26 14:50:58.951	{Trailers,Commentaries}	'boat':21 'compos':11 'crocodil':8 'defeat':14 'fool':1 'lacklustur':4 'madman':16 'mockingbird':2 'must':13 'tale':5 'u':20 'u-boat':19
328	Forever Candidate	A Unbelieveable Panorama of a Technical Writer And a Man who must Pursue a Frisbee in A U-Boat	2006	1	7	2.99	131	28.99	NC-17	2013-05-26 14:50:58.951	{Commentaries,"Deleted Scenes","Behind the Scenes"}	'boat':22 'candid':2 'forev':1 'frisbe':17 'man':12 'must':14 'panorama':5 'pursu':15 'technic':8 'u':21 'u-boat':20 'unbeliev':4 'writer':9
329	Forrest Sons	A Thrilling Documentary of a Forensic Psychologist And a Butler who must Defeat a Explorer in A Jet Boat	2006	1	4	2.99	63	15.99	R	2013-05-26 14:50:58.951	{Commentaries}	'boat':21 'butler':12 'defeat':15 'documentari':5 'explor':17 'forens':8 'forrest':1 'jet':20 'must':14 'psychologist':9 'son':2 'thrill':4
330	Forrester Comancheros	A Fateful Tale of a Squirrel And a Forensic Psychologist who must Redeem a Man in Nigeria	2006	1	7	4.99	112	22.99	NC-17	2013-05-26 14:50:58.951	{Trailers,"Behind the Scenes"}	'comanchero':2 'fate':4 'forens':11 'forrest':1 'man':17 'must':14 'nigeria':19 'psychologist':12 'redeem':15 'squirrel':8 'tale':5
331	Forward Temple	A Astounding Display of a Forensic Psychologist And a Mad Scientist who must Challenge a Girl in New Orleans	2006	1	6	2.99	90	25.99	NC-17	2013-05-26 14:50:58.951	{Trailers,Commentaries,"Behind the Scenes"}	'astound':4 'challeng':16 'display':5 'forens':8 'forward':1 'girl':18 'mad':12 'must':15 'new':20 'orlean':21 'psychologist':9 'scientist':13 'templ':2
332	Frankenstein Stranger	A Insightful Character Study of a Feminist And a Pioneer who must Pursue a Pastry Chef in Nigeria	2006	1	7	0.99	159	16.99	NC-17	2013-05-26 14:50:58.951	{"Deleted Scenes","Behind the Scenes"}	'charact':5 'chef':18 'feminist':9 'frankenstein':1 'insight':4 'must':14 'nigeria':20 'pastri':17 'pioneer':12 'pursu':15 'stranger':2 'studi':6
333	Freaky Pocus	A Fast-Paced Documentary of a Pastry Chef And a Crocodile who must Chase a Squirrel in The Gulf of Mexico	2006	1	7	2.99	126	16.99	R	2013-05-26 14:50:58.951	{Trailers,"Behind the Scenes"}	'chase':17 'chef':11 'crocodil':14 'documentari':7 'fast':5 'fast-pac':4 'freaki':1 'gulf':22 'mexico':24 'must':16 'pace':6 'pastri':10 'pocus':2 'squirrel':19
334	Freddy Storm	A Intrepid Saga of a Man And a Lumberjack who must Vanquish a Husband in The Outback	2006	1	6	4.99	65	21.99	NC-17	2013-05-26 14:50:58.951	{Trailers,Commentaries,"Behind the Scenes"}	'freddi':1 'husband':16 'intrepid':4 'lumberjack':11 'man':8 'must':13 'outback':19 'saga':5 'storm':2 'vanquish':14
335	Freedom Cleopatra	A Emotional Reflection of a Dentist And a Mad Cow who must Face a Squirrel in A Baloon	2006	1	5	0.99	133	23.99	PG-13	2013-05-26 14:50:58.951	{Trailers,Commentaries,"Behind the Scenes"}	'baloon':20 'cleopatra':2 'cow':12 'dentist':8 'emot':4 'face':15 'freedom':1 'mad':11 'must':14 'reflect':5 'squirrel':17
336	French Holiday	A Thrilling Epistle of a Dog And a Feminist who must Kill a Madman in Berlin	2006	1	5	4.99	99	22.99	PG	2013-05-26 14:50:58.951	{"Behind the Scenes"}	'berlin':18 'dog':8 'epistl':5 'feminist':11 'french':1 'holiday':2 'kill':14 'madman':16 'must':13 'thrill':4
337	Frida Slipper	A Fateful Story of a Lumberjack And a Car who must Escape a Boat in An Abandoned Mine Shaft	2006	1	6	2.99	73	11.99	R	2013-05-26 14:50:58.951	{Trailers,"Deleted Scenes"}	'abandon':19 'boat':16 'car':11 'escap':14 'fate':4 'frida':1 'lumberjack':8 'mine':20 'must':13 'shaft':21 'slipper':2 'stori':5
338	Frisco Forrest	A Beautiful Documentary of a Woman And a Pioneer who must Pursue a Mad Scientist in A Shark Tank	2006	1	6	4.99	51	23.99	PG	2013-05-26 14:50:58.951	{Commentaries,"Deleted Scenes","Behind the Scenes"}	'beauti':4 'documentari':5 'forrest':2 'frisco':1 'mad':16 'must':13 'pioneer':11 'pursu':14 'scientist':17 'shark':20 'tank':21 'woman':8
339	Frogmen Breaking	A Unbelieveable Yarn of a Mad Scientist And a Cat who must Chase a Lumberjack in Australia	2006	1	5	0.99	111	17.99	R	2013-05-26 14:50:58.951	{Trailers,"Deleted Scenes","Behind the Scenes"}	'australia':19 'break':2 'cat':12 'chase':15 'frogmen':1 'lumberjack':17 'mad':8 'must':14 'scientist':9 'unbeliev':4 'yarn':5
340	Frontier Cabin	A Emotional Story of a Madman And a Waitress who must Battle a Teacher in An Abandoned Fun House	2006	1	6	4.99	183	14.99	PG-13	2013-05-26 14:50:58.951	{Commentaries,"Deleted Scenes"}	'abandon':19 'battl':14 'cabin':2 'emot':4 'frontier':1 'fun':20 'hous':21 'madman':8 'must':13 'stori':5 'teacher':16 'waitress':11
341	Frost Head	A Amazing Reflection of a Lumberjack And a Cat who must Discover a Husband in A MySQL Convention	2006	1	5	0.99	82	13.99	PG	2013-05-26 14:50:58.951	{Trailers,"Deleted Scenes"}	'amaz':4 'cat':11 'convent':20 'discov':14 'frost':1 'head':2 'husband':16 'lumberjack':8 'must':13 'mysql':19 'reflect':5
342	Fugitive Maguire	A Taut Epistle of a Feminist And a Sumo Wrestler who must Battle a Crocodile in Australia	2006	1	7	4.99	83	28.99	R	2013-05-26 14:50:58.951	{Trailers,Commentaries,"Deleted Scenes"}	'australia':19 'battl':15 'crocodil':17 'epistl':5 'feminist':8 'fugit':1 'maguir':2 'must':14 'sumo':11 'taut':4 'wrestler':12
343	Full Flatliners	A Beautiful Documentary of a Astronaut And a Moose who must Pursue a Monkey in A Shark Tank	2006	1	6	2.99	94	14.99	PG	2013-05-26 14:50:58.951	{Trailers,"Deleted Scenes"}	'astronaut':8 'beauti':4 'documentari':5 'flatlin':2 'full':1 'monkey':16 'moos':11 'must':13 'pursu':14 'shark':19 'tank':20
344	Fury Murder	A Lacklusture Reflection of a Boat And a Forensic Psychologist who must Fight a Waitress in A Monastery	2006	1	3	0.99	178	28.99	PG-13	2013-05-26 14:50:58.951	{"Deleted Scenes"}	'boat':8 'fight':15 'forens':11 'furi':1 'lacklustur':4 'monasteri':20 'murder':2 'must':14 'psychologist':12 'reflect':5 'waitress':17
345	Gables Metropolis	A Fateful Display of a Cat And a Pioneer who must Challenge a Pastry Chef in A Baloon Factory	2006	1	3	0.99	161	17.99	PG	2013-05-26 14:50:58.951	{Trailers,Commentaries}	'baloon':20 'cat':8 'challeng':14 'chef':17 'display':5 'factori':21 'fate':4 'gabl':1 'metropoli':2 'must':13 'pastri':16 'pioneer':11
346	Galaxy Sweethearts	A Emotional Reflection of a Womanizer And a Pioneer who must Face a Squirrel in Berlin	2006	1	4	4.99	128	13.99	R	2013-05-26 14:50:58.951	{"Deleted Scenes"}	'berlin':18 'emot':4 'face':14 'galaxi':1 'must':13 'pioneer':11 'reflect':5 'squirrel':16 'sweetheart':2 'woman':8
347	Games Bowfinger	A Astounding Documentary of a Butler And a Explorer who must Challenge a Butler in A Monastery	2006	1	7	4.99	119	17.99	PG-13	2013-05-26 14:50:58.951	{"Behind the Scenes"}	'astound':4 'bowfing':2 'butler':8,16 'challeng':14 'documentari':5 'explor':11 'game':1 'monasteri':19 'must':13
348	Gandhi Kwai	A Thoughtful Display of a Mad Scientist And a Secret Agent who must Chase a Boat in Berlin	2006	1	7	0.99	86	9.99	PG-13	2013-05-26 14:50:58.951	{Trailers}	'agent':13 'berlin':20 'boat':18 'chase':16 'display':5 'gandhi':1 'kwai':2 'mad':8 'must':15 'scientist':9 'secret':12 'thought':4
349	Gangs Pride	A Taut Character Study of a Woman And a A Shark who must Confront a Frisbee in Berlin	2006	1	4	2.99	185	27.99	PG-13	2013-05-26 14:50:58.951	{"Behind the Scenes"}	'berlin':20 'charact':5 'confront':16 'frisbe':18 'gang':1 'must':15 'pride':2 'shark':13 'studi':6 'taut':4 'woman':9
350	Garden Island	A Unbelieveable Character Study of a Womanizer And a Madman who must Reach a Man in The Outback	2006	1	3	4.99	80	21.99	G	2013-05-26 14:50:58.951	{Trailers,"Behind the Scenes"}	'charact':5 'garden':1 'island':2 'madman':12 'man':17 'must':14 'outback':20 'reach':15 'studi':6 'unbeliev':4 'woman':9
351	Gaslight Crusade	A Amazing Epistle of a Boy And a Astronaut who must Redeem a Man in The Gulf of Mexico	2006	1	4	2.99	106	10.99	PG	2013-05-26 14:50:58.951	{Trailers,"Deleted Scenes"}	'amaz':4 'astronaut':11 'boy':8 'crusad':2 'epistl':5 'gaslight':1 'gulf':19 'man':16 'mexico':21 'must':13 'redeem':14
352	Gathering Calendar	A Intrepid Tale of a Pioneer And a Moose who must Conquer a Frisbee in A MySQL Convention	2006	1	4	0.99	176	22.99	PG-13	2013-05-26 14:50:58.951	{Commentaries,"Behind the Scenes"}	'calendar':2 'conquer':14 'convent':20 'frisbe':16 'gather':1 'intrepid':4 'moos':11 'must':13 'mysql':19 'pioneer':8 'tale':5
353	Gentlemen Stage	A Awe-Inspiring Reflection of a Monkey And a Student who must Overcome a Dentist in The First Manned Space Station	2006	1	6	2.99	125	22.99	NC-17	2013-05-26 14:50:58.951	{Commentaries,"Deleted Scenes"}	'awe':5 'awe-inspir':4 'dentist':18 'first':21 'gentlemen':1 'inspir':6 'man':22 'monkey':10 'must':15 'overcom':16 'reflect':7 'space':23 'stage':2 'station':24 'student':13
354	Ghost Groundhog	A Brilliant Panorama of a Madman And a Composer who must Succumb a Car in Ancient India	2006	1	6	4.99	85	18.99	G	2013-05-26 14:50:58.951	{Trailers,Commentaries,"Deleted Scenes","Behind the Scenes"}	'ancient':18 'brilliant':4 'car':16 'compos':11 'ghost':1 'groundhog':2 'india':19 'madman':8 'must':13 'panorama':5 'succumb':14
355	Ghostbusters Elf	A Thoughtful Epistle of a Dog And a Feminist who must Chase a Composer in Berlin	2006	1	7	0.99	101	18.99	R	2013-05-26 14:50:58.951	{Trailers,"Deleted Scenes","Behind the Scenes"}	'berlin':18 'chase':14 'compos':16 'dog':8 'elf':2 'epistl':5 'feminist':11 'ghostbust':1 'must':13 'thought':4
357	Gilbert Pelican	A Fateful Tale of a Man And a Feminist who must Conquer a Crocodile in A Manhattan Penthouse	2006	1	7	0.99	114	13.99	G	2013-05-26 14:50:58.951	{Trailers,Commentaries}	'conquer':14 'crocodil':16 'fate':4 'feminist':11 'gilbert':1 'man':8 'manhattan':19 'must':13 'pelican':2 'penthous':20 'tale':5
358	Gilmore Boiled	A Unbelieveable Documentary of a Boat And a Husband who must Succumb a Student in A U-Boat	2006	1	5	0.99	163	29.99	R	2013-05-26 14:50:58.951	{Trailers,"Behind the Scenes"}	'boat':8,21 'boil':2 'documentari':5 'gilmor':1 'husband':11 'must':13 'student':16 'succumb':14 'u':20 'u-boat':19 'unbeliev':4
359	Gladiator Westward	A Astounding Reflection of a Squirrel And a Sumo Wrestler who must Sink a Dentist in Ancient Japan	2006	1	6	4.99	173	20.99	PG	2013-05-26 14:50:58.951	{Commentaries,"Deleted Scenes"}	'ancient':19 'astound':4 'dentist':17 'gladiat':1 'japan':20 'must':14 'reflect':5 'sink':15 'squirrel':8 'sumo':11 'westward':2 'wrestler':12
360	Glass Dying	A Astounding Drama of a Frisbee And a Astronaut who must Fight a Dog in Ancient Japan	2006	1	4	0.99	103	24.99	G	2013-05-26 14:50:58.951	{Trailers}	'ancient':18 'astound':4 'astronaut':11 'die':2 'dog':16 'drama':5 'fight':14 'frisbe':8 'glass':1 'japan':19 'must':13
361	Gleaming Jawbreaker	A Amazing Display of a Composer And a Forensic Psychologist who must Discover a Car in The Canadian Rockies	2006	1	5	2.99	89	25.99	NC-17	2013-05-26 14:50:58.951	{Trailers,Commentaries}	'amaz':4 'canadian':20 'car':17 'compos':8 'discov':15 'display':5 'forens':11 'gleam':1 'jawbreak':2 'must':14 'psychologist':12 'rocki':21
362	Glory Tracy	A Amazing Saga of a Woman And a Womanizer who must Discover a Cat in The First Manned Space Station	2006	1	7	2.99	115	13.99	PG-13	2013-05-26 14:50:58.951	{Trailers,Commentaries,"Behind the Scenes"}	'amaz':4 'cat':16 'discov':14 'first':19 'glori':1 'man':20 'must':13 'saga':5 'space':21 'station':22 'traci':2 'woman':8,11
363	Go Purple	A Fast-Paced Display of a Car And a Database Administrator who must Battle a Woman in A Baloon	2006	1	3	0.99	54	12.99	R	2013-05-26 14:50:58.951	{Trailers}	'administr':14 'baloon':22 'battl':17 'car':10 'databas':13 'display':7 'fast':5 'fast-pac':4 'go':1 'must':16 'pace':6 'purpl':2 'woman':19
364	Godfather Diary	A Stunning Saga of a Lumberjack And a Squirrel who must Chase a Car in The Outback	2006	1	3	2.99	73	14.99	NC-17	2013-05-26 14:50:58.951	{Trailers}	'car':16 'chase':14 'diari':2 'godfath':1 'lumberjack':8 'must':13 'outback':19 'saga':5 'squirrel':11 'stun':4
365	Gold River	A Taut Documentary of a Database Administrator And a Waitress who must Reach a Mad Scientist in A Baloon Factory	2006	1	4	4.99	154	21.99	R	2013-05-26 14:50:58.951	{Trailers,Commentaries,"Deleted Scenes","Behind the Scenes"}	'administr':9 'baloon':21 'databas':8 'documentari':5 'factori':22 'gold':1 'mad':17 'must':14 'reach':15 'river':2 'scientist':18 'taut':4 'waitress':12
366	Goldfinger Sensibility	A Insightful Drama of a Mad Scientist And a Hunter who must Defeat a Pastry Chef in New Orleans	2006	1	3	0.99	93	29.99	G	2013-05-26 14:50:58.951	{Trailers,Commentaries,"Behind the Scenes"}	'chef':18 'defeat':15 'drama':5 'goldfing':1 'hunter':12 'insight':4 'mad':8 'must':14 'new':20 'orlean':21 'pastri':17 'scientist':9 'sensibl':2
367	Goldmine Tycoon	A Brilliant Epistle of a Composer And a Frisbee who must Conquer a Husband in The Outback	2006	1	6	0.99	153	20.99	R	2013-05-26 14:50:58.951	{Trailers,"Behind the Scenes"}	'brilliant':4 'compos':8 'conquer':14 'epistl':5 'frisbe':11 'goldmin':1 'husband':16 'must':13 'outback':19 'tycoon':2
368	Gone Trouble	A Insightful Character Study of a Mad Cow And a Forensic Psychologist who must Conquer a A Shark in A Manhattan Penthouse	2006	1	7	2.99	84	20.99	R	2013-05-26 14:50:58.951	{"Deleted Scenes","Behind the Scenes"}	'charact':5 'conquer':17 'cow':10 'forens':13 'gone':1 'insight':4 'mad':9 'manhattan':23 'must':16 'penthous':24 'psychologist':14 'shark':20 'studi':6 'troubl':2
369	Goodfellas Salute	A Unbelieveable Tale of a Dog And a Explorer who must Sink a Mad Cow in A Baloon Factory	2006	1	4	4.99	56	22.99	PG	2013-05-26 14:50:58.951	{"Deleted Scenes"}	'baloon':20 'cow':17 'dog':8 'explor':11 'factori':21 'goodfella':1 'mad':16 'must':13 'salut':2 'sink':14 'tale':5 'unbeliev':4
370	Gorgeous Bingo	A Action-Packed Display of a Sumo Wrestler And a Car who must Overcome a Waitress in A Baloon Factory	2006	1	4	2.99	108	26.99	R	2013-05-26 14:50:58.951	{"Deleted Scenes","Behind the Scenes"}	'action':5 'action-pack':4 'baloon':22 'bingo':2 'car':14 'display':7 'factori':23 'gorgeous':1 'must':16 'overcom':17 'pack':6 'sumo':10 'waitress':19 'wrestler':11
371	Gosford Donnie	A Epic Panorama of a Mad Scientist And a Monkey who must Redeem a Secret Agent in Berlin	2006	1	5	4.99	129	17.99	G	2013-05-26 14:50:58.951	{Commentaries}	'agent':18 'berlin':20 'donni':2 'epic':4 'gosford':1 'mad':8 'monkey':12 'must':14 'panorama':5 'redeem':15 'scientist':9 'secret':17
372	Graceland Dynamite	A Taut Display of a Cat And a Girl who must Overcome a Database Administrator in New Orleans	2006	1	5	4.99	140	26.99	R	2013-05-26 14:50:58.951	{Trailers,Commentaries}	'administr':17 'cat':8 'databas':16 'display':5 'dynamit':2 'girl':11 'graceland':1 'must':13 'new':19 'orlean':20 'overcom':14 'taut':4
373	Graduate Lord	A Lacklusture Epistle of a Girl And a A Shark who must Meet a Mad Scientist in Ancient China	2006	1	7	2.99	156	14.99	G	2013-05-26 14:50:58.951	{Trailers,"Behind the Scenes"}	'ancient':20 'china':21 'epistl':5 'girl':8 'graduat':1 'lacklustur':4 'lord':2 'mad':17 'meet':15 'must':14 'scientist':18 'shark':12
374	Graffiti Love	A Unbelieveable Epistle of a Sumo Wrestler And a Hunter who must Build a Composer in Berlin	2006	1	3	0.99	117	29.99	PG	2013-05-26 14:50:58.951	{Trailers,"Deleted Scenes"}	'berlin':19 'build':15 'compos':17 'epistl':5 'graffiti':1 'hunter':12 'love':2 'must':14 'sumo':8 'unbeliev':4 'wrestler':9
375	Grail Frankenstein	A Unbelieveable Saga of a Teacher And a Monkey who must Fight a Girl in An Abandoned Mine Shaft	2006	1	4	2.99	85	17.99	NC-17	2013-05-26 14:50:58.951	{Commentaries,"Deleted Scenes","Behind the Scenes"}	'abandon':19 'fight':14 'frankenstein':2 'girl':16 'grail':1 'mine':20 'monkey':11 'must':13 'saga':5 'shaft':21 'teacher':8 'unbeliev':4
376	Grapes Fury	A Boring Yarn of a Mad Cow And a Sumo Wrestler who must Meet a Robot in Australia	2006	1	4	0.99	155	20.99	G	2013-05-26 14:50:58.951	{Commentaries,"Behind the Scenes"}	'australia':20 'bore':4 'cow':9 'furi':2 'grape':1 'mad':8 'meet':16 'must':15 'robot':18 'sumo':12 'wrestler':13 'yarn':5
377	Grease Youth	A Emotional Panorama of a Secret Agent And a Waitress who must Escape a Composer in Soviet Georgia	2006	1	7	0.99	135	20.99	G	2013-05-26 14:50:58.951	{Trailers,"Deleted Scenes"}	'agent':9 'compos':17 'emot':4 'escap':15 'georgia':20 'greas':1 'must':14 'panorama':5 'secret':8 'soviet':19 'waitress':12 'youth':2
378	Greatest North	A Astounding Character Study of a Secret Agent And a Robot who must Build a A Shark in Berlin	2006	1	5	2.99	93	24.99	NC-17	2013-05-26 14:50:58.951	{Trailers,Commentaries,"Behind the Scenes"}	'agent':10 'astound':4 'berlin':21 'build':16 'charact':5 'greatest':1 'must':15 'north':2 'robot':13 'secret':9 'shark':19 'studi':6
379	Greedy Roots	A Amazing Reflection of a A Shark And a Butler who must Chase a Hunter in The Canadian Rockies	2006	1	7	0.99	166	14.99	R	2013-05-26 14:50:58.951	{Trailers,Commentaries,"Deleted Scenes"}	'amaz':4 'butler':12 'canadian':20 'chase':15 'greedi':1 'hunter':17 'must':14 'reflect':5 'rocki':21 'root':2 'shark':9
380	Greek Everyone	A Stunning Display of a Butler And a Teacher who must Confront a A Shark in The First Manned Space Station	2006	1	7	2.99	176	11.99	PG	2013-05-26 14:50:58.951	{Trailers,"Deleted Scenes"}	'butler':8 'confront':14 'display':5 'everyon':2 'first':20 'greek':1 'man':21 'must':13 'shark':17 'space':22 'station':23 'stun':4 'teacher':11
381	Grinch Massage	A Intrepid Display of a Madman And a Feminist who must Pursue a Pioneer in The First Manned Space Station	2006	1	7	4.99	150	25.99	R	2013-05-26 14:50:58.951	{Trailers}	'display':5 'feminist':11 'first':19 'grinch':1 'intrepid':4 'madman':8 'man':20 'massag':2 'must':13 'pioneer':16 'pursu':14 'space':21 'station':22
382	Grit Clockwork	A Thoughtful Display of a Dentist And a Squirrel who must Confront a Lumberjack in A Shark Tank	2006	1	3	0.99	137	21.99	PG	2013-05-26 14:50:58.951	{Trailers,"Deleted Scenes"}	'clockwork':2 'confront':14 'dentist':8 'display':5 'grit':1 'lumberjack':16 'must':13 'shark':19 'squirrel':11 'tank':20 'thought':4
383	Groove Fiction	A Unbelieveable Reflection of a Moose And a A Shark who must Defeat a Lumberjack in An Abandoned Mine Shaft	2006	1	6	0.99	111	13.99	NC-17	2013-05-26 14:50:58.951	{"Behind the Scenes"}	'abandon':20 'defeat':15 'fiction':2 'groov':1 'lumberjack':17 'mine':21 'moos':8 'must':14 'reflect':5 'shaft':22 'shark':12 'unbeliev':4
385	Groundhog Uncut	A Brilliant Panorama of a Astronaut And a Technical Writer who must Discover a Butler in A Manhattan Penthouse	2006	1	6	4.99	139	26.99	PG-13	2013-05-26 14:50:58.951	{Trailers,Commentaries,"Deleted Scenes","Behind the Scenes"}	'astronaut':8 'brilliant':4 'butler':17 'discov':15 'groundhog':1 'manhattan':20 'must':14 'panorama':5 'penthous':21 'technic':11 'uncut':2 'writer':12
386	Gump Date	A Intrepid Yarn of a Explorer And a Student who must Kill a Husband in An Abandoned Mine Shaft	2006	1	3	4.99	53	12.99	NC-17	2013-05-26 14:50:58.951	{"Deleted Scenes"}	'abandon':19 'date':2 'explor':8 'gump':1 'husband':16 'intrepid':4 'kill':14 'mine':20 'must':13 'shaft':21 'student':11 'yarn':5
387	Gun Bonnie	A Boring Display of a Sumo Wrestler And a Husband who must Build a Waitress in The Gulf of Mexico	2006	1	7	0.99	100	27.99	G	2013-05-26 14:50:58.951	{"Behind the Scenes"}	'bonni':2 'bore':4 'build':15 'display':5 'gulf':20 'gun':1 'husband':12 'mexico':22 'must':14 'sumo':8 'waitress':17 'wrestler':9
388	Gunfight Moon	A Epic Reflection of a Pastry Chef And a Explorer who must Reach a Dentist in The Sahara Desert	2006	1	5	0.99	70	16.99	NC-17	2013-05-26 14:50:58.951	{"Deleted Scenes","Behind the Scenes"}	'chef':9 'dentist':17 'desert':21 'epic':4 'explor':12 'gunfight':1 'moon':2 'must':14 'pastri':8 'reach':15 'reflect':5 'sahara':20
389	Gunfighter Mussolini	A Touching Saga of a Robot And a Boy who must Kill a Man in Ancient Japan	2006	1	3	2.99	127	9.99	PG-13	2013-05-26 14:50:58.951	{Trailers,Commentaries}	'ancient':18 'boy':11 'gunfight':1 'japan':19 'kill':14 'man':16 'mussolini':2 'must':13 'robot':8 'saga':5 'touch':4
390	Guys Falcon	A Boring Story of a Woman And a Feminist who must Redeem a Squirrel in A U-Boat	2006	1	4	4.99	84	20.99	R	2013-05-26 14:50:58.951	{Trailers,Commentaries,"Behind the Scenes"}	'boat':21 'bore':4 'falcon':2 'feminist':11 'guy':1 'must':13 'redeem':14 'squirrel':16 'stori':5 'u':20 'u-boat':19 'woman':8
391	Half Outfield	A Epic Epistle of a Database Administrator And a Crocodile who must Face a Madman in A Jet Boat	2006	1	6	2.99	146	25.99	PG-13	2013-05-26 14:50:58.951	{Trailers,Commentaries,"Deleted Scenes","Behind the Scenes"}	'administr':9 'boat':21 'crocodil':12 'databas':8 'epic':4 'epistl':5 'face':15 'half':1 'jet':20 'madman':17 'must':14 'outfield':2
392	Hall Cassidy	A Beautiful Panorama of a Pastry Chef And a A Shark who must Battle a Pioneer in Soviet Georgia	2006	1	5	4.99	51	13.99	NC-17	2013-05-26 14:50:58.951	{Commentaries,"Behind the Scenes"}	'battl':16 'beauti':4 'cassidi':2 'chef':9 'georgia':21 'hall':1 'must':15 'panorama':5 'pastri':8 'pioneer':18 'shark':13 'soviet':20
393	Halloween Nuts	A Amazing Panorama of a Forensic Psychologist And a Technical Writer who must Fight a Dentist in A U-Boat	2006	1	6	2.99	47	19.99	PG-13	2013-05-26 14:50:58.951	{"Deleted Scenes"}	'amaz':4 'boat':23 'dentist':18 'fight':16 'forens':8 'halloween':1 'must':15 'nut':2 'panorama':5 'psychologist':9 'technic':12 'u':22 'u-boat':21 'writer':13
394	Hamlet Wisdom	A Touching Reflection of a Man And a Man who must Sink a Robot in The Outback	2006	1	7	2.99	146	21.99	R	2013-05-26 14:50:58.951	{Trailers,"Deleted Scenes"}	'hamlet':1 'man':8,11 'must':13 'outback':19 'reflect':5 'robot':16 'sink':14 'touch':4 'wisdom':2
449	Identity Lover	A Boring Tale of a Composer And a Mad Cow who must Defeat a Car in The Outback	2006	1	4	2.99	119	12.99	PG-13	2013-05-26 14:50:58.951	{"Deleted Scenes"}	'bore':4 'car':17 'compos':8 'cow':12 'defeat':15 'ident':1 'lover':2 'mad':11 'must':14 'outback':20 'tale':5
395	Handicap Boondock	A Beautiful Display of a Pioneer And a Squirrel who must Vanquish a Sumo Wrestler in Soviet Georgia	2006	1	4	0.99	108	28.99	R	2013-05-26 14:50:58.951	{Commentaries,"Deleted Scenes","Behind the Scenes"}	'beauti':4 'boondock':2 'display':5 'georgia':20 'handicap':1 'must':13 'pioneer':8 'soviet':19 'squirrel':11 'sumo':16 'vanquish':14 'wrestler':17
396	Hanging Deep	A Action-Packed Yarn of a Boat And a Crocodile who must Build a Monkey in Berlin	2006	1	5	4.99	62	18.99	G	2013-05-26 14:50:58.951	{Trailers,Commentaries,"Deleted Scenes"}	'action':5 'action-pack':4 'berlin':20 'boat':10 'build':16 'crocodil':13 'deep':2 'hang':1 'monkey':18 'must':15 'pack':6 'yarn':7
397	Hanky October	A Boring Epistle of a Database Administrator And a Explorer who must Pursue a Madman in Soviet Georgia	2006	1	5	2.99	107	26.99	NC-17	2013-05-26 14:50:58.951	{Trailers,Commentaries,"Deleted Scenes"}	'administr':9 'bore':4 'databas':8 'epistl':5 'explor':12 'georgia':20 'hanki':1 'madman':17 'must':14 'octob':2 'pursu':15 'soviet':19
398	Hanover Galaxy	A Stunning Reflection of a Girl And a Secret Agent who must Succumb a Boy in A MySQL Convention	2006	1	5	4.99	47	21.99	NC-17	2013-05-26 14:50:58.951	{Commentaries,"Deleted Scenes","Behind the Scenes"}	'agent':12 'boy':17 'convent':21 'galaxi':2 'girl':8 'hanov':1 'must':14 'mysql':20 'reflect':5 'secret':11 'stun':4 'succumb':15
399	Happiness United	A Action-Packed Panorama of a Husband And a Feminist who must Meet a Forensic Psychologist in Ancient Japan	2006	1	6	2.99	100	23.99	G	2013-05-26 14:50:58.951	{"Deleted Scenes"}	'action':5 'action-pack':4 'ancient':21 'feminist':13 'forens':18 'happi':1 'husband':10 'japan':22 'meet':16 'must':15 'pack':6 'panorama':7 'psychologist':19 'unit':2
400	Hardly Robbers	A Emotional Character Study of a Hunter And a Car who must Kill a Woman in Berlin	2006	1	7	2.99	72	15.99	R	2013-05-26 14:50:58.951	{Trailers,"Behind the Scenes"}	'berlin':19 'car':12 'charact':5 'emot':4 'hard':1 'hunter':9 'kill':15 'must':14 'robber':2 'studi':6 'woman':17
401	Harold French	A Stunning Saga of a Sumo Wrestler And a Student who must Outrace a Moose in The Sahara Desert	2006	1	6	0.99	168	10.99	NC-17	2013-05-26 14:50:58.951	{Commentaries,"Deleted Scenes","Behind the Scenes"}	'desert':21 'french':2 'harold':1 'moos':17 'must':14 'outrac':15 'saga':5 'sahara':20 'student':12 'stun':4 'sumo':8 'wrestler':9
402	Harper Dying	A Awe-Inspiring Reflection of a Woman And a Cat who must Confront a Feminist in The Sahara Desert	2006	1	3	0.99	52	15.99	G	2013-05-26 14:50:58.951	{Trailers}	'awe':5 'awe-inspir':4 'cat':13 'confront':16 'desert':22 'die':2 'feminist':18 'harper':1 'inspir':6 'must':15 'reflect':7 'sahara':21 'woman':10
403	Harry Idaho	A Taut Yarn of a Technical Writer And a Feminist who must Outrace a Dog in California	2006	1	5	4.99	121	18.99	PG-13	2013-05-26 14:50:58.951	{Commentaries,"Deleted Scenes"}	'california':19 'dog':17 'feminist':12 'harri':1 'idaho':2 'must':14 'outrac':15 'taut':4 'technic':8 'writer':9 'yarn':5
404	Hate Handicap	A Intrepid Reflection of a Mad Scientist And a Pioneer who must Overcome a Hunter in The First Manned Space Station	2006	1	4	0.99	107	26.99	PG	2013-05-26 14:50:58.951	{Trailers,Commentaries,"Behind the Scenes"}	'first':20 'handicap':2 'hate':1 'hunter':17 'intrepid':4 'mad':8 'man':21 'must':14 'overcom':15 'pioneer':12 'reflect':5 'scientist':9 'space':22 'station':23
405	Haunted Antitrust	A Amazing Saga of a Man And a Dentist who must Reach a Technical Writer in Ancient India	2006	1	6	4.99	76	13.99	NC-17	2013-05-26 14:50:58.951	{Trailers,"Deleted Scenes"}	'amaz':4 'ancient':19 'antitrust':2 'dentist':11 'haunt':1 'india':20 'man':8 'must':13 'reach':14 'saga':5 'technic':16 'writer':17
406	Haunting Pianist	A Fast-Paced Story of a Database Administrator And a Composer who must Defeat a Squirrel in An Abandoned Amusement Park	2006	1	5	0.99	181	22.99	R	2013-05-26 14:50:58.951	{"Behind the Scenes"}	'abandon':22 'administr':11 'amus':23 'compos':14 'databas':10 'defeat':17 'fast':5 'fast-pac':4 'haunt':1 'must':16 'pace':6 'park':24 'pianist':2 'squirrel':19 'stori':7
407	Hawk Chill	A Action-Packed Drama of a Mad Scientist And a Composer who must Outgun a Car in Australia	2006	1	5	0.99	47	12.99	PG-13	2013-05-26 14:50:58.951	{"Behind the Scenes"}	'action':5 'action-pack':4 'australia':21 'car':19 'chill':2 'compos':14 'drama':7 'hawk':1 'mad':10 'must':16 'outgun':17 'pack':6 'scientist':11
408	Head Stranger	A Thoughtful Saga of a Hunter And a Crocodile who must Confront a Dog in The Gulf of Mexico	2006	1	4	4.99	69	28.99	R	2013-05-26 14:50:58.951	{Trailers,Commentaries}	'confront':14 'crocodil':11 'dog':16 'gulf':19 'head':1 'hunter':8 'mexico':21 'must':13 'saga':5 'stranger':2 'thought':4
409	Heartbreakers Bright	A Awe-Inspiring Documentary of a A Shark And a Dentist who must Outrace a Pastry Chef in The Canadian Rockies	2006	1	3	4.99	59	9.99	G	2013-05-26 14:50:58.951	{Trailers,"Deleted Scenes"}	'awe':5 'awe-inspir':4 'bright':2 'canadian':23 'chef':20 'dentist':14 'documentari':7 'heartbreak':1 'inspir':6 'must':16 'outrac':17 'pastri':19 'rocki':24 'shark':11
410	Heaven Freedom	A Intrepid Story of a Butler And a Car who must Vanquish a Man in New Orleans	2006	1	7	2.99	48	19.99	PG	2013-05-26 14:50:58.951	{Commentaries}	'butler':8 'car':11 'freedom':2 'heaven':1 'intrepid':4 'man':16 'must':13 'new':18 'orlean':19 'stori':5 'vanquish':14
411	Heavenly Gun	A Beautiful Yarn of a Forensic Psychologist And a Frisbee who must Battle a Moose in A Jet Boat	2006	1	5	4.99	49	13.99	NC-17	2013-05-26 14:50:58.951	{"Behind the Scenes"}	'battl':15 'beauti':4 'boat':21 'forens':8 'frisbe':12 'gun':2 'heaven':1 'jet':20 'moos':17 'must':14 'psychologist':9 'yarn':5
412	Heavyweights Beast	A Unbelieveable Story of a Composer And a Dog who must Overcome a Womanizer in An Abandoned Amusement Park	2006	1	6	4.99	102	25.99	G	2013-05-26 14:50:58.951	{"Deleted Scenes"}	'abandon':19 'amus':20 'beast':2 'compos':8 'dog':11 'heavyweight':1 'must':13 'overcom':14 'park':21 'stori':5 'unbeliev':4 'woman':16
451	Igby Maker	A Epic Documentary of a Hunter And a Dog who must Outgun a Dog in A Baloon Factory	2006	1	7	4.99	160	12.99	NC-17	2013-05-26 14:50:58.951	{Trailers,"Behind the Scenes"}	'baloon':19 'documentari':5 'dog':11,16 'epic':4 'factori':20 'hunter':8 'igbi':1 'maker':2 'must':13 'outgun':14
413	Hedwig Alter	A Action-Packed Yarn of a Womanizer And a Lumberjack who must Chase a Sumo Wrestler in A Monastery	2006	1	7	2.99	169	16.99	NC-17	2013-05-26 14:50:58.951	{Trailers,Commentaries,"Behind the Scenes"}	'action':5 'action-pack':4 'alter':2 'chase':16 'hedwig':1 'lumberjack':13 'monasteri':22 'must':15 'pack':6 'sumo':18 'woman':10 'wrestler':19 'yarn':7
414	Hellfighters Sierra	A Taut Reflection of a A Shark And a Dentist who must Battle a Boat in Soviet Georgia	2006	1	3	2.99	75	23.99	PG	2013-05-26 14:50:58.951	{"Deleted Scenes","Behind the Scenes"}	'battl':15 'boat':17 'dentist':12 'georgia':20 'hellfight':1 'must':14 'reflect':5 'shark':9 'sierra':2 'soviet':19 'taut':4
415	High Encino	A Fateful Saga of a Waitress And a Hunter who must Outrace a Sumo Wrestler in Australia	2006	1	3	2.99	84	23.99	R	2013-05-26 14:50:58.951	{Trailers,Commentaries,"Behind the Scenes"}	'australia':19 'encino':2 'fate':4 'high':1 'hunter':11 'must':13 'outrac':14 'saga':5 'sumo':16 'waitress':8 'wrestler':17
416	Highball Potter	A Action-Packed Saga of a Husband And a Dog who must Redeem a Database Administrator in The Sahara Desert	2006	1	6	0.99	110	10.99	R	2013-05-26 14:50:58.951	{"Deleted Scenes"}	'action':5 'action-pack':4 'administr':19 'databas':18 'desert':23 'dog':13 'highbal':1 'husband':10 'must':15 'pack':6 'potter':2 'redeem':16 'saga':7 'sahara':22
417	Hills Neighbors	A Epic Display of a Hunter And a Feminist who must Sink a Car in A U-Boat	2006	1	5	0.99	93	29.99	G	2013-05-26 14:50:58.951	{Trailers,Commentaries,"Deleted Scenes","Behind the Scenes"}	'boat':21 'car':16 'display':5 'epic':4 'feminist':11 'hill':1 'hunter':8 'must':13 'neighbor':2 'sink':14 'u':20 'u-boat':19
418	Hobbit Alien	A Emotional Drama of a Husband And a Girl who must Outgun a Composer in The First Manned Space Station	2006	1	5	0.99	157	27.99	PG-13	2013-05-26 14:50:58.951	{Commentaries}	'alien':2 'compos':16 'drama':5 'emot':4 'first':19 'girl':11 'hobbit':1 'husband':8 'man':20 'must':13 'outgun':14 'space':21 'station':22
419	Hocus Frida	A Awe-Inspiring Tale of a Girl And a Madman who must Outgun a Student in A Shark Tank	2006	1	4	2.99	141	19.99	G	2013-05-26 14:50:58.951	{Trailers,"Deleted Scenes","Behind the Scenes"}	'awe':5 'awe-inspir':4 'frida':2 'girl':10 'hocus':1 'inspir':6 'madman':13 'must':15 'outgun':16 'shark':21 'student':18 'tale':7 'tank':22
420	Holes Brannigan	A Fast-Paced Reflection of a Technical Writer And a Student who must Fight a Boy in The Canadian Rockies	2006	1	7	4.99	128	27.99	PG	2013-05-26 14:50:58.951	{Commentaries,"Behind the Scenes"}	'boy':19 'brannigan':2 'canadian':22 'fast':5 'fast-pac':4 'fight':17 'hole':1 'must':16 'pace':6 'reflect':7 'rocki':23 'student':14 'technic':10 'writer':11
421	Holiday Games	A Insightful Reflection of a Waitress And a Madman who must Pursue a Boy in Ancient Japan	2006	1	7	4.99	78	10.99	PG-13	2013-05-26 14:50:58.951	{Trailers,Commentaries,"Behind the Scenes"}	'ancient':18 'boy':16 'game':2 'holiday':1 'insight':4 'japan':19 'madman':11 'must':13 'pursu':14 'reflect':5 'waitress':8
422	Hollow Jeopardy	A Beautiful Character Study of a Robot And a Astronaut who must Overcome a Boat in A Monastery	2006	1	7	4.99	136	25.99	NC-17	2013-05-26 14:50:58.951	{"Behind the Scenes"}	'astronaut':12 'beauti':4 'boat':17 'charact':5 'hollow':1 'jeopardi':2 'monasteri':20 'must':14 'overcom':15 'robot':9 'studi':6
423	Hollywood Anonymous	A Fast-Paced Epistle of a Boy And a Explorer who must Escape a Dog in A U-Boat	2006	1	7	0.99	69	29.99	PG	2013-05-26 14:50:58.951	{Trailers,"Behind the Scenes"}	'anonym':2 'boat':23 'boy':10 'dog':18 'epistl':7 'escap':16 'explor':13 'fast':5 'fast-pac':4 'hollywood':1 'must':15 'pace':6 'u':22 'u-boat':21
424	Holocaust Highball	A Awe-Inspiring Yarn of a Composer And a Man who must Find a Robot in Soviet Georgia	2006	1	6	0.99	149	12.99	R	2013-05-26 14:50:58.951	{"Deleted Scenes"}	'awe':5 'awe-inspir':4 'compos':10 'find':16 'georgia':21 'highbal':2 'holocaust':1 'inspir':6 'man':13 'must':15 'robot':18 'soviet':20 'yarn':7
425	Holy Tadpole	A Action-Packed Display of a Feminist And a Pioneer who must Pursue a Dog in A Baloon Factory	2006	1	6	0.99	88	20.99	R	2013-05-26 14:50:58.951	{"Behind the Scenes"}	'action':5 'action-pack':4 'baloon':21 'display':7 'dog':18 'factori':22 'feminist':10 'holi':1 'must':15 'pack':6 'pioneer':13 'pursu':16 'tadpol':2
426	Home Pity	A Touching Panorama of a Man And a Secret Agent who must Challenge a Teacher in A MySQL Convention	2006	1	7	4.99	185	15.99	R	2013-05-26 14:50:58.951	{Trailers,Commentaries,"Behind the Scenes"}	'agent':12 'challeng':15 'convent':21 'home':1 'man':8 'must':14 'mysql':20 'panorama':5 'piti':2 'secret':11 'teacher':17 'touch':4
427	Homeward Cider	A Taut Reflection of a Astronaut And a Squirrel who must Fight a Squirrel in A Manhattan Penthouse	2006	1	5	0.99	103	19.99	R	2013-05-26 14:50:58.951	{Trailers}	'astronaut':8 'cider':2 'fight':14 'homeward':1 'manhattan':19 'must':13 'penthous':20 'reflect':5 'squirrel':11,16 'taut':4
428	Homicide Peach	A Astounding Documentary of a Hunter And a Boy who must Confront a Boy in A MySQL Convention	2006	1	6	2.99	141	21.99	PG-13	2013-05-26 14:50:58.951	{Commentaries}	'astound':4 'boy':11,16 'confront':14 'convent':20 'documentari':5 'homicid':1 'hunter':8 'must':13 'mysql':19 'peach':2
429	Honey Ties	A Taut Story of a Waitress And a Crocodile who must Outrace a Lumberjack in A Shark Tank	2006	1	3	0.99	84	29.99	R	2013-05-26 14:50:58.951	{Trailers,Commentaries,"Deleted Scenes"}	'crocodil':11 'honey':1 'lumberjack':16 'must':13 'outrac':14 'shark':19 'stori':5 'tank':20 'taut':4 'tie':2 'waitress':8
430	Hook Chariots	A Insightful Story of a Boy And a Dog who must Redeem a Boy in Australia	2006	1	7	0.99	49	23.99	G	2013-05-26 14:50:58.951	{Trailers,Commentaries,"Behind the Scenes"}	'australia':18 'boy':8,16 'chariot':2 'dog':11 'hook':1 'insight':4 'must':13 'redeem':14 'stori':5
450	Idols Snatchers	A Insightful Drama of a Car And a Composer who must Fight a Man in A Monastery	2006	1	5	2.99	84	29.99	NC-17	2013-05-26 14:50:58.951	{Trailers}	'car':8 'compos':11 'drama':5 'fight':14 'idol':1 'insight':4 'man':16 'monasteri':19 'must':13 'snatcher':2
431	Hoosiers Birdcage	A Astounding Display of a Explorer And a Boat who must Vanquish a Car in The First Manned Space Station	2006	1	3	2.99	176	12.99	G	2013-05-26 14:50:58.951	{Trailers,Commentaries,"Deleted Scenes"}	'astound':4 'birdcag':2 'boat':11 'car':16 'display':5 'explor':8 'first':19 'hoosier':1 'man':20 'must':13 'space':21 'station':22 'vanquish':14
432	Hope Tootsie	A Amazing Documentary of a Student And a Sumo Wrestler who must Outgun a A Shark in A Shark Tank	2006	1	4	2.99	139	22.99	NC-17	2013-05-26 14:50:58.951	{Trailers,"Deleted Scenes","Behind the Scenes"}	'amaz':4 'documentari':5 'hope':1 'must':14 'outgun':15 'shark':18,21 'student':8 'sumo':11 'tank':22 'tootsi':2 'wrestler':12
433	Horn Working	A Stunning Display of a Mad Scientist And a Technical Writer who must Succumb a Monkey in A Shark Tank	2006	1	4	2.99	95	23.99	PG	2013-05-26 14:50:58.951	{Trailers}	'display':5 'horn':1 'mad':8 'monkey':18 'must':15 'scientist':9 'shark':21 'stun':4 'succumb':16 'tank':22 'technic':12 'work':2 'writer':13
434	Horror Reign	A Touching Documentary of a A Shark And a Car who must Build a Husband in Nigeria	2006	1	3	0.99	139	25.99	R	2013-05-26 14:50:58.951	{"Deleted Scenes","Behind the Scenes"}	'build':15 'car':12 'documentari':5 'horror':1 'husband':17 'must':14 'nigeria':19 'reign':2 'shark':9 'touch':4
435	Hotel Happiness	A Thrilling Yarn of a Pastry Chef And a A Shark who must Challenge a Mad Scientist in The Outback	2006	1	6	4.99	181	28.99	PG-13	2013-05-26 14:50:58.951	{"Behind the Scenes"}	'challeng':16 'chef':9 'happi':2 'hotel':1 'mad':18 'must':15 'outback':22 'pastri':8 'scientist':19 'shark':13 'thrill':4 'yarn':5
436	Hours Rage	A Fateful Story of a Explorer And a Feminist who must Meet a Technical Writer in Soviet Georgia	2006	1	4	0.99	122	14.99	NC-17	2013-05-26 14:50:58.951	{Trailers,"Deleted Scenes"}	'explor':8 'fate':4 'feminist':11 'georgia':20 'hour':1 'meet':14 'must':13 'rage':2 'soviet':19 'stori':5 'technic':16 'writer':17
437	House Dynamite	A Taut Story of a Pioneer And a Squirrel who must Battle a Student in Soviet Georgia	2006	1	7	2.99	109	13.99	R	2013-05-26 14:50:58.951	{Commentaries,"Deleted Scenes","Behind the Scenes"}	'battl':14 'dynamit':2 'georgia':19 'hous':1 'must':13 'pioneer':8 'soviet':18 'squirrel':11 'stori':5 'student':16 'taut':4
438	Human Graffiti	A Beautiful Reflection of a Womanizer And a Sumo Wrestler who must Chase a Database Administrator in The Gulf of Mexico	2006	1	3	2.99	68	22.99	NC-17	2013-05-26 14:50:58.951	{Trailers,"Behind the Scenes"}	'administr':18 'beauti':4 'chase':15 'databas':17 'graffiti':2 'gulf':21 'human':1 'mexico':23 'must':14 'reflect':5 'sumo':11 'woman':8 'wrestler':12
439	Hunchback Impossible	A Touching Yarn of a Frisbee And a Dentist who must Fight a Composer in Ancient Japan	2006	1	4	4.99	151	28.99	PG-13	2013-05-26 14:50:58.951	{Trailers,"Deleted Scenes"}	'ancient':18 'compos':16 'dentist':11 'fight':14 'frisbe':8 'hunchback':1 'imposs':2 'japan':19 'must':13 'touch':4 'yarn':5
440	Hunger Roof	A Unbelieveable Yarn of a Student And a Database Administrator who must Outgun a Husband in An Abandoned Mine Shaft	2006	1	6	0.99	105	21.99	G	2013-05-26 14:50:58.951	{"Deleted Scenes","Behind the Scenes"}	'abandon':20 'administr':12 'databas':11 'hunger':1 'husband':17 'mine':21 'must':14 'outgun':15 'roof':2 'shaft':22 'student':8 'unbeliev':4 'yarn':5
441	Hunter Alter	A Emotional Drama of a Mad Cow And a Boat who must Redeem a Secret Agent in A Shark Tank	2006	1	5	2.99	125	21.99	PG-13	2013-05-26 14:50:58.951	{Commentaries,"Deleted Scenes","Behind the Scenes"}	'agent':18 'alter':2 'boat':12 'cow':9 'drama':5 'emot':4 'hunter':1 'mad':8 'must':14 'redeem':15 'secret':17 'shark':21 'tank':22
442	Hunting Musketeers	A Thrilling Reflection of a Pioneer And a Dentist who must Outrace a Womanizer in An Abandoned Mine Shaft	2006	1	6	2.99	65	24.99	NC-17	2013-05-26 14:50:58.951	{Trailers,"Deleted Scenes"}	'abandon':19 'dentist':11 'hunt':1 'mine':20 'musket':2 'must':13 'outrac':14 'pioneer':8 'reflect':5 'shaft':21 'thrill':4 'woman':16
443	Hurricane Affair	A Lacklusture Epistle of a Database Administrator And a Woman who must Meet a Hunter in An Abandoned Mine Shaft	2006	1	6	2.99	49	11.99	PG	2013-05-26 14:50:58.951	{Trailers,Commentaries,"Behind the Scenes"}	'abandon':20 'administr':9 'affair':2 'databas':8 'epistl':5 'hunter':17 'hurrican':1 'lacklustur':4 'meet':15 'mine':21 'must':14 'shaft':22 'woman':12
444	Hustler Party	A Emotional Reflection of a Sumo Wrestler And a Monkey who must Conquer a Robot in The Sahara Desert	2006	1	3	4.99	83	22.99	NC-17	2013-05-26 14:50:58.951	{Trailers,Commentaries,"Behind the Scenes"}	'conquer':15 'desert':21 'emot':4 'hustler':1 'monkey':12 'must':14 'parti':2 'reflect':5 'robot':17 'sahara':20 'sumo':8 'wrestler':9
445	Hyde Doctor	A Fanciful Documentary of a Boy And a Woman who must Redeem a Womanizer in A Jet Boat	2006	1	5	2.99	100	11.99	G	2013-05-26 14:50:58.951	{Trailers,"Deleted Scenes"}	'boat':20 'boy':8 'doctor':2 'documentari':5 'fanci':4 'hyde':1 'jet':19 'must':13 'redeem':14 'woman':11,16
446	Hysterical Grail	A Amazing Saga of a Madman And a Dentist who must Build a Car in A Manhattan Penthouse	2006	1	5	4.99	150	19.99	PG	2013-05-26 14:50:58.951	{Trailers,Commentaries,"Deleted Scenes"}	'amaz':4 'build':14 'car':16 'dentist':11 'grail':2 'hyster':1 'madman':8 'manhattan':19 'must':13 'penthous':20 'saga':5
447	Ice Crossing	A Fast-Paced Tale of a Butler And a Moose who must Overcome a Pioneer in A Manhattan Penthouse	2006	1	5	2.99	131	28.99	R	2013-05-26 14:50:58.951	{"Deleted Scenes"}	'butler':10 'cross':2 'fast':5 'fast-pac':4 'ice':1 'manhattan':21 'moos':13 'must':15 'overcom':16 'pace':6 'penthous':22 'pioneer':18 'tale':7
448	Idaho Love	A Fast-Paced Drama of a Student And a Crocodile who must Meet a Database Administrator in The Outback	2006	1	3	2.99	172	25.99	PG-13	2013-05-26 14:50:58.951	{Trailers,Commentaries,"Deleted Scenes","Behind the Scenes"}	'administr':19 'crocodil':13 'databas':18 'drama':7 'fast':5 'fast-pac':4 'idaho':1 'love':2 'meet':16 'must':15 'outback':22 'pace':6 'student':10
452	Illusion Amelie	A Emotional Epistle of a Boat And a Mad Scientist who must Outrace a Robot in An Abandoned Mine Shaft	2006	1	4	0.99	122	15.99	R	2013-05-26 14:50:58.951	{Commentaries,"Behind the Scenes"}	'abandon':20 'ameli':2 'boat':8 'emot':4 'epistl':5 'illus':1 'mad':11 'mine':21 'must':14 'outrac':15 'robot':17 'scientist':12 'shaft':22
453	Image Princess	A Lacklusture Panorama of a Secret Agent And a Crocodile who must Discover a Madman in The Canadian Rockies	2006	1	3	2.99	178	17.99	PG-13	2013-05-26 14:50:58.951	{Trailers,Commentaries,"Deleted Scenes"}	'agent':9 'canadian':20 'crocodil':12 'discov':15 'imag':1 'lacklustur':4 'madman':17 'must':14 'panorama':5 'princess':2 'rocki':21 'secret':8
454	Impact Aladdin	A Epic Character Study of a Frisbee And a Moose who must Outgun a Technical Writer in A Shark Tank	2006	1	6	0.99	180	20.99	PG-13	2013-05-26 14:50:58.951	{Trailers,"Deleted Scenes"}	'aladdin':2 'charact':5 'epic':4 'frisbe':9 'impact':1 'moos':12 'must':14 'outgun':15 'shark':21 'studi':6 'tank':22 'technic':17 'writer':18
455	Impossible Prejudice	A Awe-Inspiring Yarn of a Monkey And a Hunter who must Chase a Teacher in Ancient China	2006	1	7	4.99	103	11.99	NC-17	2013-05-26 14:50:58.951	{"Deleted Scenes"}	'ancient':20 'awe':5 'awe-inspir':4 'chase':16 'china':21 'hunter':13 'imposs':1 'inspir':6 'monkey':10 'must':15 'prejudic':2 'teacher':18 'yarn':7
456	Inch Jet	A Fateful Saga of a Womanizer And a Student who must Defeat a Butler in A Monastery	2006	1	6	4.99	167	18.99	NC-17	2013-05-26 14:50:58.951	{"Deleted Scenes"}	'butler':16 'defeat':14 'fate':4 'inch':1 'jet':2 'monasteri':19 'must':13 'saga':5 'student':11 'woman':8
457	Independence Hotel	A Thrilling Tale of a Technical Writer And a Boy who must Face a Pioneer in A Monastery	2006	1	5	0.99	157	21.99	NC-17	2013-05-26 14:50:58.951	{Trailers,"Behind the Scenes"}	'boy':12 'face':15 'hotel':2 'independ':1 'monasteri':20 'must':14 'pioneer':17 'tale':5 'technic':8 'thrill':4 'writer':9
458	Indian Love	A Insightful Saga of a Mad Scientist And a Mad Scientist who must Kill a Astronaut in An Abandoned Fun House	2006	1	4	0.99	135	26.99	NC-17	2013-05-26 14:50:58.951	{Trailers,Commentaries,"Deleted Scenes","Behind the Scenes"}	'abandon':21 'astronaut':18 'fun':22 'hous':23 'indian':1 'insight':4 'kill':16 'love':2 'mad':8,12 'must':15 'saga':5 'scientist':9,13
459	Informer Double	A Action-Packed Display of a Woman And a Dentist who must Redeem a Forensic Psychologist in The Canadian Rockies	2006	1	4	4.99	74	23.99	NC-17	2013-05-26 14:50:58.951	{Trailers,Commentaries}	'action':5 'action-pack':4 'canadian':22 'dentist':13 'display':7 'doubl':2 'forens':18 'inform':1 'must':15 'pack':6 'psychologist':19 'redeem':16 'rocki':23 'woman':10
460	Innocent Usual	A Beautiful Drama of a Pioneer And a Crocodile who must Challenge a Student in The Outback	2006	1	3	4.99	178	26.99	PG-13	2013-05-26 14:50:58.951	{Trailers,"Deleted Scenes","Behind the Scenes"}	'beauti':4 'challeng':14 'crocodil':11 'drama':5 'innoc':1 'must':13 'outback':19 'pioneer':8 'student':16 'usual':2
461	Insects Stone	A Epic Display of a Butler And a Dog who must Vanquish a Crocodile in A Manhattan Penthouse	2006	1	3	0.99	123	14.99	NC-17	2013-05-26 14:50:58.951	{Trailers,Commentaries,"Behind the Scenes"}	'butler':8 'crocodil':16 'display':5 'dog':11 'epic':4 'insect':1 'manhattan':19 'must':13 'penthous':20 'stone':2 'vanquish':14
462	Insider Arizona	A Astounding Saga of a Mad Scientist And a Hunter who must Pursue a Robot in A Baloon Factory	2006	1	5	2.99	78	17.99	NC-17	2013-05-26 14:50:58.951	{Commentaries}	'arizona':2 'astound':4 'baloon':20 'factori':21 'hunter':12 'insid':1 'mad':8 'must':14 'pursu':15 'robot':17 'saga':5 'scientist':9
463	Instinct Airport	A Touching Documentary of a Mad Cow And a Explorer who must Confront a Butler in A Manhattan Penthouse	2006	1	4	2.99	116	21.99	PG	2013-05-26 14:50:58.951	{Commentaries,"Deleted Scenes"}	'airport':2 'butler':17 'confront':15 'cow':9 'documentari':5 'explor':12 'instinct':1 'mad':8 'manhattan':20 'must':14 'penthous':21 'touch':4
464	Intentions Empire	A Astounding Epistle of a Cat And a Cat who must Conquer a Mad Cow in A U-Boat	2006	1	3	2.99	107	13.99	PG-13	2013-05-26 14:50:58.951	{Trailers,"Behind the Scenes"}	'astound':4 'boat':22 'cat':8,11 'conquer':14 'cow':17 'empir':2 'epistl':5 'intent':1 'mad':16 'must':13 'u':21 'u-boat':20
465	Interview Liaisons	A Action-Packed Reflection of a Student And a Butler who must Discover a Database Administrator in A Manhattan Penthouse	2006	1	4	4.99	59	17.99	R	2013-05-26 14:50:58.951	{Commentaries,"Behind the Scenes"}	'action':5 'action-pack':4 'administr':19 'butler':13 'databas':18 'discov':16 'interview':1 'liaison':2 'manhattan':22 'must':15 'pack':6 'penthous':23 'reflect':7 'student':10
466	Intolerable Intentions	A Awe-Inspiring Story of a Monkey And a Pastry Chef who must Succumb a Womanizer in A MySQL Convention	2006	1	6	4.99	63	20.99	PG-13	2013-05-26 14:50:58.951	{Commentaries,"Behind the Scenes"}	'awe':5 'awe-inspir':4 'chef':14 'convent':23 'inspir':6 'intent':2 'intoler':1 'monkey':10 'must':16 'mysql':22 'pastri':13 'stori':7 'succumb':17 'woman':19
467	Intrigue Worst	A Fanciful Character Study of a Explorer And a Mad Scientist who must Vanquish a Squirrel in A Jet Boat	2006	1	6	0.99	181	10.99	G	2013-05-26 14:50:58.951	{"Deleted Scenes"}	'boat':22 'charact':5 'explor':9 'fanci':4 'intrigu':1 'jet':21 'mad':12 'must':15 'scientist':13 'squirrel':18 'studi':6 'vanquish':16 'worst':2
468	Invasion Cyclone	A Lacklusture Character Study of a Mad Scientist And a Womanizer who must Outrace a Explorer in A Monastery	2006	1	5	2.99	97	12.99	PG	2013-05-26 14:50:58.951	{Trailers,"Deleted Scenes"}	'charact':5 'cyclon':2 'explor':18 'invas':1 'lacklustur':4 'mad':9 'monasteri':21 'must':15 'outrac':16 'scientist':10 'studi':6 'woman':13
469	Iron Moon	A Fast-Paced Documentary of a Mad Cow And a Boy who must Pursue a Dentist in A Baloon	2006	1	7	4.99	46	27.99	PG	2013-05-26 14:50:58.951	{Commentaries,"Behind the Scenes"}	'baloon':22 'boy':14 'cow':11 'dentist':19 'documentari':7 'fast':5 'fast-pac':4 'iron':1 'mad':10 'moon':2 'must':16 'pace':6 'pursu':17
470	Ishtar Rocketeer	A Astounding Saga of a Dog And a Squirrel who must Conquer a Dog in An Abandoned Fun House	2006	1	4	4.99	79	24.99	R	2013-05-26 14:50:58.951	{Trailers,Commentaries,"Deleted Scenes"}	'abandon':19 'astound':4 'conquer':14 'dog':8,16 'fun':20 'hous':21 'ishtar':1 'must':13 'rocket':2 'saga':5 'squirrel':11
471	Island Exorcist	A Fanciful Panorama of a Technical Writer And a Boy who must Find a Dentist in An Abandoned Fun House	2006	1	7	2.99	84	23.99	NC-17	2013-05-26 14:50:58.951	{Trailers,Commentaries}	'abandon':20 'boy':12 'dentist':17 'exorcist':2 'fanci':4 'find':15 'fun':21 'hous':22 'island':1 'must':14 'panorama':5 'technic':8 'writer':9
472	Italian African	A Astounding Character Study of a Monkey And a Moose who must Outgun a Cat in A U-Boat	2006	1	3	4.99	174	24.99	G	2013-05-26 14:50:58.951	{Trailers,Commentaries,"Deleted Scenes"}	'african':2 'astound':4 'boat':22 'cat':17 'charact':5 'italian':1 'monkey':9 'moos':12 'must':14 'outgun':15 'studi':6 'u':21 'u-boat':20
473	Jacket Frisco	A Insightful Reflection of a Womanizer And a Husband who must Conquer a Pastry Chef in A Baloon	2006	1	5	2.99	181	16.99	PG-13	2013-05-26 14:50:58.951	{Trailers,"Deleted Scenes","Behind the Scenes"}	'baloon':20 'chef':17 'conquer':14 'frisco':2 'husband':11 'insight':4 'jacket':1 'must':13 'pastri':16 'reflect':5 'woman':8
474	Jade Bunch	A Insightful Panorama of a Squirrel And a Mad Cow who must Confront a Student in The First Manned Space Station	2006	1	6	2.99	174	21.99	NC-17	2013-05-26 14:50:58.951	{Trailers,Commentaries,"Behind the Scenes"}	'bunch':2 'confront':15 'cow':12 'first':20 'insight':4 'jade':1 'mad':11 'man':21 'must':14 'panorama':5 'space':22 'squirrel':8 'station':23 'student':17
475	Japanese Run	A Awe-Inspiring Epistle of a Feminist And a Girl who must Sink a Girl in The Outback	2006	1	6	0.99	135	29.99	G	2013-05-26 14:50:58.951	{"Deleted Scenes"}	'awe':5 'awe-inspir':4 'epistl':7 'feminist':10 'girl':13,18 'inspir':6 'japanes':1 'must':15 'outback':21 'run':2 'sink':16
476	Jason Trap	A Thoughtful Tale of a Woman And a A Shark who must Conquer a Dog in A Monastery	2006	1	5	2.99	130	9.99	NC-17	2013-05-26 14:50:58.951	{Trailers,"Deleted Scenes","Behind the Scenes"}	'conquer':15 'dog':17 'jason':1 'monasteri':20 'must':14 'shark':12 'tale':5 'thought':4 'trap':2 'woman':8
477	Jawbreaker Brooklyn	A Stunning Reflection of a Boat And a Pastry Chef who must Succumb a A Shark in A Jet Boat	2006	1	5	0.99	118	15.99	PG	2013-05-26 14:50:58.951	{Trailers,"Behind the Scenes"}	'boat':8,22 'brooklyn':2 'chef':12 'jawbreak':1 'jet':21 'must':14 'pastri':11 'reflect':5 'shark':18 'stun':4 'succumb':15
478	Jaws Harry	A Thrilling Display of a Database Administrator And a Monkey who must Overcome a Dog in An Abandoned Fun House	2006	1	4	2.99	112	10.99	G	2013-05-26 14:50:58.951	{"Deleted Scenes"}	'abandon':20 'administr':9 'databas':8 'display':5 'dog':17 'fun':21 'harri':2 'hous':22 'jaw':1 'monkey':12 'must':14 'overcom':15 'thrill':4
479	Jedi Beneath	A Astounding Reflection of a Explorer And a Dentist who must Pursue a Student in Nigeria	2006	1	7	0.99	128	12.99	PG	2013-05-26 14:50:58.951	{Trailers,Commentaries,"Deleted Scenes"}	'astound':4 'beneath':2 'dentist':11 'explor':8 'jedi':1 'must':13 'nigeria':18 'pursu':14 'reflect':5 'student':16
480	Jeepers Wedding	A Astounding Display of a Composer And a Dog who must Kill a Pastry Chef in Soviet Georgia	2006	1	3	2.99	84	29.99	R	2013-05-26 14:50:58.951	{Trailers,Commentaries,"Deleted Scenes"}	'astound':4 'chef':17 'compos':8 'display':5 'dog':11 'georgia':20 'jeeper':1 'kill':14 'must':13 'pastri':16 'soviet':19 'wed':2
481	Jekyll Frogmen	A Fanciful Epistle of a Student And a Astronaut who must Kill a Waitress in A Shark Tank	2006	1	4	2.99	58	22.99	PG	2013-05-26 14:50:58.951	{Commentaries,"Deleted Scenes","Behind the Scenes"}	'astronaut':11 'epistl':5 'fanci':4 'frogmen':2 'jekyl':1 'kill':14 'must':13 'shark':19 'student':8 'tank':20 'waitress':16
482	Jeopardy Encino	A Boring Panorama of a Man And a Mad Cow who must Face a Explorer in Ancient India	2006	1	3	0.99	102	12.99	R	2013-05-26 14:50:58.951	{Trailers,Commentaries}	'ancient':19 'bore':4 'cow':12 'encino':2 'explor':17 'face':15 'india':20 'jeopardi':1 'mad':11 'man':8 'must':14 'panorama':5
483	Jericho Mulan	A Amazing Yarn of a Hunter And a Butler who must Defeat a Boy in A Jet Boat	2006	1	3	2.99	171	29.99	NC-17	2013-05-26 14:50:58.951	{Commentaries}	'amaz':4 'boat':20 'boy':16 'butler':11 'defeat':14 'hunter':8 'jericho':1 'jet':19 'mulan':2 'must':13 'yarn':5
484	Jerk Paycheck	A Touching Character Study of a Pastry Chef And a Database Administrator who must Reach a A Shark in Ancient Japan	2006	1	3	2.99	172	13.99	NC-17	2013-05-26 14:50:58.951	{Trailers,Commentaries,"Deleted Scenes","Behind the Scenes"}	'administr':14 'ancient':22 'charact':5 'chef':10 'databas':13 'japan':23 'jerk':1 'must':16 'pastri':9 'paycheck':2 'reach':17 'shark':20 'studi':6 'touch':4
485	Jersey Sassy	A Lacklusture Documentary of a Madman And a Mad Cow who must Find a Feminist in Ancient Japan	2006	1	6	4.99	60	16.99	PG	2013-05-26 14:50:58.951	{"Deleted Scenes","Behind the Scenes"}	'ancient':19 'cow':12 'documentari':5 'feminist':17 'find':15 'japan':20 'jersey':1 'lacklustur':4 'mad':11 'madman':8 'must':14 'sassi':2
486	Jet Neighbors	A Amazing Display of a Lumberjack And a Teacher who must Outrace a Woman in A U-Boat	2006	1	7	4.99	59	14.99	R	2013-05-26 14:50:58.951	{Trailers,Commentaries,"Behind the Scenes"}	'amaz':4 'boat':21 'display':5 'jet':1 'lumberjack':8 'must':13 'neighbor':2 'outrac':14 'teacher':11 'u':20 'u-boat':19 'woman':16
487	Jingle Sagebrush	A Epic Character Study of a Feminist And a Student who must Meet a Woman in A Baloon	2006	1	6	4.99	124	29.99	PG-13	2013-05-26 14:50:58.951	{Trailers,Commentaries}	'baloon':20 'charact':5 'epic':4 'feminist':9 'jingl':1 'meet':15 'must':14 'sagebrush':2 'student':12 'studi':6 'woman':17
488	Joon Northwest	A Thrilling Panorama of a Technical Writer And a Car who must Discover a Forensic Psychologist in A Shark Tank	2006	1	3	0.99	105	23.99	NC-17	2013-05-26 14:50:58.951	{Trailers,Commentaries,"Behind the Scenes"}	'car':12 'discov':15 'forens':17 'joon':1 'must':14 'northwest':2 'panorama':5 'psychologist':18 'shark':21 'tank':22 'technic':8 'thrill':4 'writer':9
489	Juggler Hardly	A Epic Story of a Mad Cow And a Astronaut who must Challenge a Car in California	2006	1	4	0.99	54	14.99	PG-13	2013-05-26 14:50:58.951	{Trailers,Commentaries}	'astronaut':12 'california':19 'car':17 'challeng':15 'cow':9 'epic':4 'hard':2 'juggler':1 'mad':8 'must':14 'stori':5
490	Jumanji Blade	A Intrepid Yarn of a Husband And a Womanizer who must Pursue a Mad Scientist in New Orleans	2006	1	4	2.99	121	13.99	G	2013-05-26 14:50:58.951	{Commentaries,"Behind the Scenes"}	'blade':2 'husband':8 'intrepid':4 'jumanji':1 'mad':16 'must':13 'new':19 'orlean':20 'pursu':14 'scientist':17 'woman':11 'yarn':5
491	Jumping Wrath	A Touching Epistle of a Monkey And a Feminist who must Discover a Boat in Berlin	2006	1	4	0.99	74	18.99	NC-17	2013-05-26 14:50:58.951	{Commentaries,"Behind the Scenes"}	'berlin':18 'boat':16 'discov':14 'epistl':5 'feminist':11 'jump':1 'monkey':8 'must':13 'touch':4 'wrath':2
492	Jungle Closer	A Boring Character Study of a Boy And a Woman who must Battle a Astronaut in Australia	2006	1	6	0.99	134	11.99	NC-17	2013-05-26 14:50:58.951	{Trailers,Commentaries,"Deleted Scenes"}	'astronaut':17 'australia':19 'battl':15 'bore':4 'boy':9 'charact':5 'closer':2 'jungl':1 'must':14 'studi':6 'woman':12
493	Kane Exorcist	A Epic Documentary of a Composer And a Robot who must Overcome a Car in Berlin	2006	1	5	0.99	92	18.99	R	2013-05-26 14:50:58.951	{Trailers,Commentaries}	'berlin':18 'car':16 'compos':8 'documentari':5 'epic':4 'exorcist':2 'kane':1 'must':13 'overcom':14 'robot':11
494	Karate Moon	A Astounding Yarn of a Womanizer And a Dog who must Reach a Waitress in A MySQL Convention	2006	1	4	0.99	120	21.99	PG-13	2013-05-26 14:50:58.951	{"Behind the Scenes"}	'astound':4 'convent':20 'dog':11 'karat':1 'moon':2 'must':13 'mysql':19 'reach':14 'waitress':16 'woman':8 'yarn':5
495	Kentuckian Giant	A Stunning Yarn of a Woman And a Frisbee who must Escape a Waitress in A U-Boat	2006	1	5	2.99	169	10.99	PG	2013-05-26 14:50:58.951	{Trailers,Commentaries,"Deleted Scenes","Behind the Scenes"}	'boat':21 'escap':14 'frisbe':11 'giant':2 'kentuckian':1 'must':13 'stun':4 'u':20 'u-boat':19 'waitress':16 'woman':8 'yarn':5
496	Kick Savannah	A Emotional Drama of a Monkey And a Robot who must Defeat a Monkey in New Orleans	2006	1	3	0.99	179	10.99	PG-13	2013-05-26 14:50:58.951	{Trailers,Commentaries,"Deleted Scenes"}	'defeat':14 'drama':5 'emot':4 'kick':1 'monkey':8,16 'must':13 'new':18 'orlean':19 'robot':11 'savannah':2
497	Kill Brotherhood	A Touching Display of a Hunter And a Secret Agent who must Redeem a Husband in The Outback	2006	1	4	0.99	54	15.99	G	2013-05-26 14:50:58.951	{Trailers,Commentaries}	'agent':12 'brotherhood':2 'display':5 'hunter':8 'husband':17 'kill':1 'must':14 'outback':20 'redeem':15 'secret':11 'touch':4
498	Killer Innocent	A Fanciful Character Study of a Student And a Explorer who must Succumb a Composer in An Abandoned Mine Shaft	2006	1	7	2.99	161	11.99	R	2013-05-26 14:50:58.951	{Trailers,Commentaries,"Deleted Scenes"}	'abandon':20 'charact':5 'compos':17 'explor':12 'fanci':4 'innoc':2 'killer':1 'mine':21 'must':14 'shaft':22 'student':9 'studi':6 'succumb':15
499	King Evolution	A Action-Packed Tale of a Boy And a Lumberjack who must Chase a Madman in A Baloon	2006	1	3	4.99	184	24.99	NC-17	2013-05-26 14:50:58.951	{Trailers,"Deleted Scenes","Behind the Scenes"}	'action':5 'action-pack':4 'baloon':21 'boy':10 'chase':16 'evolut':2 'king':1 'lumberjack':13 'madman':18 'must':15 'pack':6 'tale':7
500	Kiss Glory	A Lacklusture Reflection of a Girl And a Husband who must Find a Robot in The Canadian Rockies	2006	1	5	4.99	163	11.99	PG-13	2013-05-26 14:50:58.951	{Trailers,Commentaries,"Behind the Scenes"}	'canadian':19 'find':14 'girl':8 'glori':2 'husband':11 'kiss':1 'lacklustur':4 'must':13 'reflect':5 'robot':16 'rocki':20
501	Kissing Dolls	A Insightful Reflection of a Pioneer And a Teacher who must Build a Composer in The First Manned Space Station	2006	1	3	4.99	141	9.99	R	2013-05-26 14:50:58.951	{Trailers}	'build':14 'compos':16 'doll':2 'first':19 'insight':4 'kiss':1 'man':20 'must':13 'pioneer':8 'reflect':5 'space':21 'station':22 'teacher':11
502	Knock Warlock	A Unbelieveable Story of a Teacher And a Boat who must Confront a Moose in A Baloon	2006	1	4	2.99	71	21.99	PG-13	2013-05-26 14:50:58.951	{Trailers}	'baloon':19 'boat':11 'confront':14 'knock':1 'moos':16 'must':13 'stori':5 'teacher':8 'unbeliev':4 'warlock':2
503	Kramer Chocolate	A Amazing Yarn of a Robot And a Pastry Chef who must Redeem a Mad Scientist in The Outback	2006	1	3	2.99	171	24.99	R	2013-05-26 14:50:58.951	{Trailers}	'amaz':4 'chef':12 'chocol':2 'kramer':1 'mad':17 'must':14 'outback':21 'pastri':11 'redeem':15 'robot':8 'scientist':18 'yarn':5
504	Kwai Homeward	A Amazing Drama of a Car And a Squirrel who must Pursue a Car in Soviet Georgia	2006	1	5	0.99	46	25.99	PG-13	2013-05-26 14:50:58.951	{Trailers,Commentaries}	'amaz':4 'car':8,16 'drama':5 'georgia':19 'homeward':2 'kwai':1 'must':13 'pursu':14 'soviet':18 'squirrel':11
505	Labyrinth League	A Awe-Inspiring Saga of a Composer And a Frisbee who must Succumb a Pioneer in The Sahara Desert	2006	1	6	2.99	46	24.99	PG-13	2013-05-26 14:50:58.951	{Commentaries,"Behind the Scenes"}	'awe':5 'awe-inspir':4 'compos':10 'desert':22 'frisbe':13 'inspir':6 'labyrinth':1 'leagu':2 'must':15 'pioneer':18 'saga':7 'sahara':21 'succumb':16
753	Rush Goodfellas	A Emotional Display of a Man And a Dentist who must Challenge a Squirrel in Australia	2006	1	3	0.99	48	20.99	PG	2013-05-26 14:50:58.951	{"Deleted Scenes"}	'australia':18 'challeng':14 'dentist':11 'display':5 'emot':4 'goodfella':2 'man':8 'must':13 'rush':1 'squirrel':16
506	Lady Stage	A Beautiful Character Study of a Woman And a Man who must Pursue a Explorer in A U-Boat	2006	1	4	4.99	67	14.99	PG	2013-05-26 14:50:58.951	{Trailers,"Deleted Scenes","Behind the Scenes"}	'beauti':4 'boat':22 'charact':5 'explor':17 'ladi':1 'man':12 'must':14 'pursu':15 'stage':2 'studi':6 'u':21 'u-boat':20 'woman':9
507	Ladybugs Armageddon	A Fateful Reflection of a Dog And a Mad Scientist who must Meet a Mad Scientist in New Orleans	2006	1	4	0.99	113	13.99	NC-17	2013-05-26 14:50:58.951	{"Deleted Scenes"}	'armageddon':2 'dog':8 'fate':4 'ladybug':1 'mad':11,17 'meet':15 'must':14 'new':20 'orlean':21 'reflect':5 'scientist':12,18
508	Lambs Cincinatti	A Insightful Story of a Man And a Feminist who must Fight a Composer in Australia	2006	1	6	4.99	144	18.99	PG-13	2013-05-26 14:50:58.951	{Trailers,"Behind the Scenes"}	'australia':18 'cincinatti':2 'compos':16 'feminist':11 'fight':14 'insight':4 'lamb':1 'man':8 'must':13 'stori':5
509	Language Cowboy	A Epic Yarn of a Cat And a Madman who must Vanquish a Dentist in An Abandoned Amusement Park	2006	1	5	0.99	78	26.99	NC-17	2013-05-26 14:50:58.951	{Trailers,"Deleted Scenes"}	'abandon':19 'amus':20 'cat':8 'cowboy':2 'dentist':16 'epic':4 'languag':1 'madman':11 'must':13 'park':21 'vanquish':14 'yarn':5
510	Lawless Vision	A Insightful Yarn of a Boy And a Sumo Wrestler who must Outgun a Car in The Outback	2006	1	6	4.99	181	29.99	G	2013-05-26 14:50:58.951	{"Deleted Scenes","Behind the Scenes"}	'boy':8 'car':17 'insight':4 'lawless':1 'must':14 'outback':20 'outgun':15 'sumo':11 'vision':2 'wrestler':12 'yarn':5
511	Lawrence Love	A Fanciful Yarn of a Database Administrator And a Mad Cow who must Pursue a Womanizer in Berlin	2006	1	7	0.99	175	23.99	NC-17	2013-05-26 14:50:58.951	{Commentaries,"Deleted Scenes","Behind the Scenes"}	'administr':9 'berlin':20 'cow':13 'databas':8 'fanci':4 'lawrenc':1 'love':2 'mad':12 'must':15 'pursu':16 'woman':18 'yarn':5
512	League Hellfighters	A Thoughtful Saga of a A Shark And a Monkey who must Outgun a Student in Ancient China	2006	1	5	4.99	110	25.99	PG-13	2013-05-26 14:50:58.951	{Trailers}	'ancient':19 'china':20 'hellfight':2 'leagu':1 'monkey':12 'must':14 'outgun':15 'saga':5 'shark':9 'student':17 'thought':4
513	Leathernecks Dwarfs	A Fateful Reflection of a Dog And a Mad Cow who must Outrace a Teacher in An Abandoned Mine Shaft	2006	1	6	2.99	153	21.99	PG-13	2013-05-26 14:50:58.951	{Trailers,Commentaries,"Behind the Scenes"}	'abandon':20 'cow':12 'dog':8 'dwarf':2 'fate':4 'leatherneck':1 'mad':11 'mine':21 'must':14 'outrac':15 'reflect':5 'shaft':22 'teacher':17
514	Lebowski Soldiers	A Beautiful Epistle of a Secret Agent And a Pioneer who must Chase a Astronaut in Ancient China	2006	1	6	2.99	69	17.99	PG-13	2013-05-26 14:50:58.951	{Commentaries,"Deleted Scenes"}	'agent':9 'ancient':19 'astronaut':17 'beauti':4 'chase':15 'china':20 'epistl':5 'lebowski':1 'must':14 'pioneer':12 'secret':8 'soldier':2
515	Legally Secretary	A Astounding Tale of a A Shark And a Moose who must Meet a Womanizer in The Sahara Desert	2006	1	7	4.99	113	14.99	PG	2013-05-26 14:50:58.951	{Trailers,Commentaries,"Behind the Scenes"}	'astound':4 'desert':21 'legal':1 'meet':15 'moos':12 'must':14 'sahara':20 'secretari':2 'shark':9 'tale':5 'woman':17
516	Legend Jedi	A Awe-Inspiring Epistle of a Pioneer And a Student who must Outgun a Crocodile in The Outback	2006	1	7	0.99	59	18.99	PG	2013-05-26 14:50:58.951	{Commentaries,"Deleted Scenes"}	'awe':5 'awe-inspir':4 'crocodil':18 'epistl':7 'inspir':6 'jedi':2 'legend':1 'must':15 'outback':21 'outgun':16 'pioneer':10 'student':13
517	Lesson Cleopatra	A Emotional Display of a Man And a Explorer who must Build a Boy in A Manhattan Penthouse	2006	1	3	0.99	167	28.99	NC-17	2013-05-26 14:50:58.951	{"Deleted Scenes","Behind the Scenes"}	'boy':16 'build':14 'cleopatra':2 'display':5 'emot':4 'explor':11 'lesson':1 'man':8 'manhattan':19 'must':13 'penthous':20
518	Liaisons Sweet	A Boring Drama of a A Shark And a Explorer who must Redeem a Waitress in The Canadian Rockies	2006	1	5	4.99	140	15.99	PG	2013-05-26 14:50:58.951	{Commentaries,"Behind the Scenes"}	'bore':4 'canadian':20 'drama':5 'explor':12 'liaison':1 'must':14 'redeem':15 'rocki':21 'shark':9 'sweet':2 'waitress':17
519	Liberty Magnificent	A Boring Drama of a Student And a Cat who must Sink a Technical Writer in A Baloon	2006	1	3	2.99	138	27.99	G	2013-05-26 14:50:58.951	{Commentaries,"Deleted Scenes","Behind the Scenes"}	'baloon':20 'bore':4 'cat':11 'drama':5 'liberti':1 'magnific':2 'must':13 'sink':14 'student':8 'technic':16 'writer':17
520	License Weekend	A Insightful Story of a Man And a Husband who must Overcome a Madman in A Monastery	2006	1	7	2.99	91	28.99	NC-17	2013-05-26 14:50:58.951	{"Deleted Scenes","Behind the Scenes"}	'husband':11 'insight':4 'licens':1 'madman':16 'man':8 'monasteri':19 'must':13 'overcom':14 'stori':5 'weekend':2
521	Lies Treatment	A Fast-Paced Character Study of a Dentist And a Moose who must Defeat a Composer in The First Manned Space Station	2006	1	7	4.99	147	28.99	NC-17	2013-05-26 14:50:58.951	{Commentaries,"Deleted Scenes","Behind the Scenes"}	'charact':7 'compos':19 'defeat':17 'dentist':11 'fast':5 'fast-pac':4 'first':22 'lie':1 'man':23 'moos':14 'must':16 'pace':6 'space':24 'station':25 'studi':8 'treatment':2
522	Life Twisted	A Thrilling Reflection of a Teacher And a Composer who must Find a Man in The First Manned Space Station	2006	1	4	2.99	137	9.99	NC-17	2013-05-26 14:50:58.951	{Commentaries,"Deleted Scenes"}	'compos':11 'find':14 'first':19 'life':1 'man':16,20 'must':13 'reflect':5 'space':21 'station':22 'teacher':8 'thrill':4 'twist':2
523	Lights Deer	A Unbelieveable Epistle of a Dog And a Woman who must Confront a Moose in The Gulf of Mexico	2006	1	7	0.99	174	21.99	R	2013-05-26 14:50:58.951	{Commentaries}	'confront':14 'deer':2 'dog':8 'epistl':5 'gulf':19 'light':1 'mexico':21 'moos':16 'must':13 'unbeliev':4 'woman':11
560	Mars Roman	A Boring Drama of a Car And a Dog who must Succumb a Madman in Soviet Georgia	2006	1	6	0.99	62	21.99	NC-17	2013-05-26 14:50:58.951	{Commentaries,"Deleted Scenes"}	'bore':4 'car':8 'dog':11 'drama':5 'georgia':19 'madman':16 'mar':1 'must':13 'roman':2 'soviet':18 'succumb':14
524	Lion Uncut	A Intrepid Display of a Pastry Chef And a Cat who must Kill a A Shark in Ancient China	2006	1	6	0.99	50	13.99	PG	2013-05-26 14:50:58.951	{Trailers,"Deleted Scenes"}	'ancient':20 'cat':12 'chef':9 'china':21 'display':5 'intrepid':4 'kill':15 'lion':1 'must':14 'pastri':8 'shark':18 'uncut':2
525	Loathing Legally	A Boring Epistle of a Pioneer And a Mad Scientist who must Escape a Frisbee in The Gulf of Mexico	2006	1	4	0.99	140	29.99	R	2013-05-26 14:50:58.951	{"Deleted Scenes"}	'bore':4 'epistl':5 'escap':15 'frisbe':17 'gulf':20 'legal':2 'loath':1 'mad':11 'mexico':22 'must':14 'pioneer':8 'scientist':12
526	Lock Rear	A Thoughtful Character Study of a Squirrel And a Technical Writer who must Outrace a Student in Ancient Japan	2006	1	7	2.99	120	10.99	R	2013-05-26 14:50:58.951	{Trailers,Commentaries}	'ancient':20 'charact':5 'japan':21 'lock':1 'must':15 'outrac':16 'rear':2 'squirrel':9 'student':18 'studi':6 'technic':12 'thought':4 'writer':13
527	Lola Agent	A Astounding Tale of a Mad Scientist And a Husband who must Redeem a Database Administrator in Ancient Japan	2006	1	4	4.99	85	24.99	PG	2013-05-26 14:50:58.951	{Trailers,Commentaries}	'administr':18 'agent':2 'ancient':20 'astound':4 'databas':17 'husband':12 'japan':21 'lola':1 'mad':8 'must':14 'redeem':15 'scientist':9 'tale':5
528	Lolita World	A Thrilling Drama of a Girl And a Robot who must Redeem a Waitress in An Abandoned Mine Shaft	2006	1	4	2.99	155	25.99	NC-17	2013-05-26 14:50:58.951	{Trailers,"Deleted Scenes"}	'abandon':19 'drama':5 'girl':8 'lolita':1 'mine':20 'must':13 'redeem':14 'robot':11 'shaft':21 'thrill':4 'waitress':16 'world':2
529	Lonely Elephant	A Intrepid Story of a Student And a Dog who must Challenge a Explorer in Soviet Georgia	2006	1	3	2.99	67	12.99	G	2013-05-26 14:50:58.951	{Trailers,Commentaries,"Deleted Scenes","Behind the Scenes"}	'challeng':14 'dog':11 'eleph':2 'explor':16 'georgia':19 'intrepid':4 'lone':1 'must':13 'soviet':18 'stori':5 'student':8
530	Lord Arizona	A Action-Packed Display of a Frisbee And a Pastry Chef who must Pursue a Crocodile in A Jet Boat	2006	1	5	2.99	108	27.99	PG-13	2013-05-26 14:50:58.951	{Trailers}	'action':5 'action-pack':4 'arizona':2 'boat':23 'chef':14 'crocodil':19 'display':7 'frisbe':10 'jet':22 'lord':1 'must':16 'pack':6 'pastri':13 'pursu':17
531	Lose Inch	A Stunning Reflection of a Student And a Technical Writer who must Battle a Butler in The First Manned Space Station	2006	1	3	0.99	137	18.99	R	2013-05-26 14:50:58.951	{Trailers,Commentaries}	'battl':15 'butler':17 'first':20 'inch':2 'lose':1 'man':21 'must':14 'reflect':5 'space':22 'station':23 'student':8 'stun':4 'technic':11 'writer':12
532	Loser Hustler	A Stunning Drama of a Robot And a Feminist who must Outgun a Butler in Nigeria	2006	1	5	4.99	80	28.99	PG	2013-05-26 14:50:58.951	{"Deleted Scenes","Behind the Scenes"}	'butler':16 'drama':5 'feminist':11 'hustler':2 'loser':1 'must':13 'nigeria':18 'outgun':14 'robot':8 'stun':4
533	Lost Bird	A Emotional Character Study of a Robot And a A Shark who must Defeat a Technical Writer in A Manhattan Penthouse	2006	1	4	2.99	98	21.99	PG-13	2013-05-26 14:50:58.951	{"Deleted Scenes"}	'bird':2 'charact':5 'defeat':16 'emot':4 'lost':1 'manhattan':22 'must':15 'penthous':23 'robot':9 'shark':13 'studi':6 'technic':18 'writer':19
534	Louisiana Harry	A Lacklusture Drama of a Girl And a Technical Writer who must Redeem a Monkey in A Shark Tank	2006	1	5	0.99	70	18.99	PG-13	2013-05-26 14:50:58.951	{Trailers}	'drama':5 'girl':8 'harri':2 'lacklustur':4 'louisiana':1 'monkey':17 'must':14 'redeem':15 'shark':20 'tank':21 'technic':11 'writer':12
535	Love Suicides	A Brilliant Panorama of a Hunter And a Explorer who must Pursue a Dentist in An Abandoned Fun House	2006	1	6	0.99	181	21.99	R	2013-05-26 14:50:58.951	{Trailers,"Behind the Scenes"}	'abandon':19 'brilliant':4 'dentist':16 'explor':11 'fun':20 'hous':21 'hunter':8 'love':1 'must':13 'panorama':5 'pursu':14 'suicid':2
536	Lovely Jingle	A Fanciful Yarn of a Crocodile And a Forensic Psychologist who must Discover a Crocodile in The Outback	2006	1	3	2.99	65	18.99	PG	2013-05-26 14:50:58.951	{Trailers,"Behind the Scenes"}	'crocodil':8,17 'discov':15 'fanci':4 'forens':11 'jingl':2 'love':1 'must':14 'outback':20 'psychologist':12 'yarn':5
537	Lover Truman	A Emotional Yarn of a Robot And a Boy who must Outgun a Technical Writer in A U-Boat	2006	1	3	2.99	75	29.99	G	2013-05-26 14:50:58.951	{Trailers}	'boat':22 'boy':11 'emot':4 'lover':1 'must':13 'outgun':14 'robot':8 'technic':16 'truman':2 'u':21 'u-boat':20 'writer':17 'yarn':5
538	Loverboy Attacks	A Boring Story of a Car And a Butler who must Build a Girl in Soviet Georgia	2006	1	7	0.99	162	19.99	PG-13	2013-05-26 14:50:58.951	{Trailers,"Behind the Scenes"}	'attack':2 'bore':4 'build':14 'butler':11 'car':8 'georgia':19 'girl':16 'loverboy':1 'must':13 'soviet':18 'stori':5
539	Luck Opus	A Boring Display of a Moose And a Squirrel who must Outrace a Teacher in A Shark Tank	2006	1	7	2.99	152	21.99	NC-17	2013-05-26 14:50:58.951	{Trailers,Commentaries,"Behind the Scenes"}	'bore':4 'display':5 'luck':1 'moos':8 'must':13 'opus':2 'outrac':14 'shark':19 'squirrel':11 'tank':20 'teacher':16
540	Lucky Flying	A Lacklusture Character Study of a A Shark And a Man who must Find a Forensic Psychologist in A U-Boat	2006	1	7	2.99	97	10.99	PG-13	2013-05-26 14:50:58.951	{Trailers,Commentaries,"Behind the Scenes"}	'boat':24 'charact':5 'find':16 'fli':2 'forens':18 'lacklustur':4 'lucki':1 'man':13 'must':15 'psychologist':19 'shark':10 'studi':6 'u':23 'u-boat':22
541	Luke Mummy	A Taut Character Study of a Boy And a Robot who must Redeem a Mad Scientist in Ancient India	2006	1	5	2.99	74	21.99	NC-17	2013-05-26 14:50:58.951	{Trailers,"Behind the Scenes"}	'ancient':20 'boy':9 'charact':5 'india':21 'luke':1 'mad':17 'mummi':2 'must':14 'redeem':15 'robot':12 'scientist':18 'studi':6 'taut':4
561	Mask Peach	A Boring Character Study of a Student And a Robot who must Meet a Woman in California	2006	1	6	2.99	123	26.99	NC-17	2013-05-26 14:50:58.951	{Commentaries,"Deleted Scenes"}	'bore':4 'california':19 'charact':5 'mask':1 'meet':15 'must':14 'peach':2 'robot':12 'student':9 'studi':6 'woman':17
542	Lust Lock	A Fanciful Panorama of a Hunter And a Dentist who must Meet a Secret Agent in The Sahara Desert	2006	1	3	2.99	52	28.99	G	2013-05-26 14:50:58.951	{Trailers,Commentaries,"Behind the Scenes"}	'agent':17 'dentist':11 'desert':21 'fanci':4 'hunter':8 'lock':2 'lust':1 'meet':14 'must':13 'panorama':5 'sahara':20 'secret':16
543	Madigan Dorado	A Astounding Character Study of a A Shark And a A Shark who must Discover a Crocodile in The Outback	2006	1	5	4.99	116	20.99	R	2013-05-26 14:50:58.951	{"Deleted Scenes","Behind the Scenes"}	'astound':4 'charact':5 'crocodil':19 'discov':17 'dorado':2 'madigan':1 'must':16 'outback':22 'shark':10,14 'studi':6
544	Madison Trap	A Awe-Inspiring Reflection of a Monkey And a Dentist who must Overcome a Pioneer in A U-Boat	2006	1	4	2.99	147	11.99	R	2013-05-26 14:50:58.951	{Commentaries,"Deleted Scenes","Behind the Scenes"}	'awe':5 'awe-inspir':4 'boat':23 'dentist':13 'inspir':6 'madison':1 'monkey':10 'must':15 'overcom':16 'pioneer':18 'reflect':7 'trap':2 'u':22 'u-boat':21
545	Madness Attacks	A Fanciful Tale of a Squirrel And a Boat who must Defeat a Crocodile in The Gulf of Mexico	2006	1	4	0.99	178	14.99	PG-13	2013-05-26 14:50:58.951	{Trailers}	'attack':2 'boat':11 'crocodil':16 'defeat':14 'fanci':4 'gulf':19 'mad':1 'mexico':21 'must':13 'squirrel':8 'tale':5
546	Madre Gables	A Intrepid Panorama of a Sumo Wrestler And a Forensic Psychologist who must Discover a Moose in The First Manned Space Station	2006	1	7	2.99	98	27.99	PG-13	2013-05-26 14:50:58.951	{Trailers,Commentaries,"Deleted Scenes"}	'discov':16 'first':21 'forens':12 'gabl':2 'intrepid':4 'madr':1 'man':22 'moos':18 'must':15 'panorama':5 'psychologist':13 'space':23 'station':24 'sumo':8 'wrestler':9
547	Magic Mallrats	A Touching Documentary of a Pastry Chef And a Pastry Chef who must Build a Mad Scientist in California	2006	1	3	0.99	117	19.99	PG	2013-05-26 14:50:58.951	{Trailers,Commentaries}	'build':16 'california':21 'chef':9,13 'documentari':5 'mad':18 'magic':1 'mallrat':2 'must':15 'pastri':8,12 'scientist':19 'touch':4
548	Magnificent Chitty	A Insightful Story of a Teacher And a Hunter who must Face a Mad Cow in California	2006	1	3	2.99	53	27.99	R	2013-05-26 14:50:58.951	{Commentaries,"Deleted Scenes"}	'california':19 'chitti':2 'cow':17 'face':14 'hunter':11 'insight':4 'mad':16 'magnific':1 'must':13 'stori':5 'teacher':8
549	Magnolia Forrester	A Thoughtful Documentary of a Composer And a Explorer who must Conquer a Dentist in New Orleans	2006	1	4	0.99	171	28.99	PG-13	2013-05-26 14:50:58.951	{Trailers,Commentaries,"Deleted Scenes"}	'compos':8 'conquer':14 'dentist':16 'documentari':5 'explor':11 'forrest':2 'magnolia':1 'must':13 'new':18 'orlean':19 'thought':4
550	Maguire Apache	A Fast-Paced Reflection of a Waitress And a Hunter who must Defeat a Forensic Psychologist in A Baloon	2006	1	6	2.99	74	22.99	NC-17	2013-05-26 14:50:58.951	{Trailers,Commentaries}	'apach':2 'baloon':22 'defeat':16 'fast':5 'fast-pac':4 'forens':18 'hunter':13 'maguir':1 'must':15 'pace':6 'psychologist':19 'reflect':7 'waitress':10
551	Maiden Home	A Lacklusture Saga of a Moose And a Teacher who must Kill a Forensic Psychologist in A MySQL Convention	2006	1	3	4.99	138	9.99	PG	2013-05-26 14:50:58.951	{"Behind the Scenes"}	'convent':21 'forens':16 'home':2 'kill':14 'lacklustur':4 'maiden':1 'moos':8 'must':13 'mysql':20 'psychologist':17 'saga':5 'teacher':11
552	Majestic Floats	A Thrilling Character Study of a Moose And a Student who must Escape a Butler in The First Manned Space Station	2006	1	5	0.99	130	15.99	PG	2013-05-26 14:50:58.951	{Trailers}	'butler':17 'charact':5 'escap':15 'first':20 'float':2 'majest':1 'man':21 'moos':9 'must':14 'space':22 'station':23 'student':12 'studi':6 'thrill':4
553	Maker Gables	A Stunning Display of a Moose And a Database Administrator who must Pursue a Composer in A Jet Boat	2006	1	4	0.99	136	12.99	PG-13	2013-05-26 14:50:58.951	{"Deleted Scenes","Behind the Scenes"}	'administr':12 'boat':21 'compos':17 'databas':11 'display':5 'gabl':2 'jet':20 'maker':1 'moos':8 'must':14 'pursu':15 'stun':4
554	Malkovich Pet	A Intrepid Reflection of a Waitress And a A Shark who must Kill a Squirrel in The Outback	2006	1	6	2.99	159	22.99	G	2013-05-26 14:50:58.951	{"Behind the Scenes"}	'intrepid':4 'kill':15 'malkovich':1 'must':14 'outback':20 'pet':2 'reflect':5 'shark':12 'squirrel':17 'waitress':8
555	Mallrats United	A Thrilling Yarn of a Waitress And a Dentist who must Find a Hunter in A Monastery	2006	1	4	0.99	133	25.99	PG	2013-05-26 14:50:58.951	{Trailers,Commentaries,"Deleted Scenes"}	'dentist':11 'find':14 'hunter':16 'mallrat':1 'monasteri':19 'must':13 'thrill':4 'unit':2 'waitress':8 'yarn':5
556	Maltese Hope	A Fast-Paced Documentary of a Crocodile And a Sumo Wrestler who must Conquer a Explorer in California	2006	1	6	4.99	127	26.99	PG-13	2013-05-26 14:50:58.951	{"Behind the Scenes"}	'california':21 'conquer':17 'crocodil':10 'documentari':7 'explor':19 'fast':5 'fast-pac':4 'hope':2 'maltes':1 'must':16 'pace':6 'sumo':13 'wrestler':14
557	Manchurian Curtain	A Stunning Tale of a Mad Cow And a Boy who must Battle a Boy in Berlin	2006	1	5	2.99	177	27.99	PG	2013-05-26 14:50:58.951	{Trailers,Commentaries}	'battl':15 'berlin':19 'boy':12,17 'cow':9 'curtain':2 'mad':8 'manchurian':1 'must':14 'stun':4 'tale':5
558	Mannequin Worst	A Astounding Saga of a Mad Cow And a Pastry Chef who must Discover a Husband in Ancient India	2006	1	3	2.99	71	18.99	PG-13	2013-05-26 14:50:58.951	{Trailers,Commentaries,"Deleted Scenes"}	'ancient':20 'astound':4 'chef':13 'cow':9 'discov':16 'husband':18 'india':21 'mad':8 'mannequin':1 'must':15 'pastri':12 'saga':5 'worst':2
559	Married Go	A Fanciful Story of a Womanizer And a Dog who must Face a Forensic Psychologist in The Sahara Desert	2006	1	7	2.99	114	22.99	G	2013-05-26 14:50:58.951	{"Behind the Scenes"}	'desert':21 'dog':11 'face':14 'fanci':4 'forens':16 'go':2 'marri':1 'must':13 'psychologist':17 'sahara':20 'stori':5 'woman':8
562	Masked Bubble	A Fanciful Documentary of a Pioneer And a Boat who must Pursue a Pioneer in An Abandoned Mine Shaft	2006	1	6	0.99	151	12.99	PG-13	2013-05-26 14:50:58.951	{Commentaries,"Behind the Scenes"}	'abandon':19 'boat':11 'bubbl':2 'documentari':5 'fanci':4 'mask':1 'mine':20 'must':13 'pioneer':8,16 'pursu':14 'shaft':21
563	Massacre Usual	A Fateful Reflection of a Waitress And a Crocodile who must Challenge a Forensic Psychologist in California	2006	1	6	4.99	165	16.99	R	2013-05-26 14:50:58.951	{Commentaries}	'california':19 'challeng':14 'crocodil':11 'fate':4 'forens':16 'massacr':1 'must':13 'psychologist':17 'reflect':5 'usual':2 'waitress':8
564	Massage Image	A Fateful Drama of a Frisbee And a Crocodile who must Vanquish a Dog in The First Manned Space Station	2006	1	4	2.99	161	11.99	PG	2013-05-26 14:50:58.951	{Commentaries,"Behind the Scenes"}	'crocodil':11 'dog':16 'drama':5 'fate':4 'first':19 'frisbe':8 'imag':2 'man':20 'massag':1 'must':13 'space':21 'station':22 'vanquish':14
565	Matrix Snowman	A Action-Packed Saga of a Womanizer And a Woman who must Overcome a Student in California	2006	1	6	4.99	56	9.99	PG-13	2013-05-26 14:50:58.951	{Commentaries,"Deleted Scenes","Behind the Scenes"}	'action':5 'action-pack':4 'california':20 'matrix':1 'must':15 'overcom':16 'pack':6 'saga':7 'snowman':2 'student':18 'woman':10,13
566	Maude Mod	A Beautiful Documentary of a Forensic Psychologist And a Cat who must Reach a Astronaut in Nigeria	2006	1	6	0.99	72	20.99	R	2013-05-26 14:50:58.951	{Trailers,"Behind the Scenes"}	'astronaut':17 'beauti':4 'cat':12 'documentari':5 'forens':8 'maud':1 'mod':2 'must':14 'nigeria':19 'psychologist':9 'reach':15
567	Meet Chocolate	A Boring Documentary of a Dentist And a Butler who must Confront a Monkey in A MySQL Convention	2006	1	3	2.99	80	26.99	G	2013-05-26 14:50:58.951	{Trailers}	'bore':4 'butler':11 'chocol':2 'confront':14 'convent':20 'dentist':8 'documentari':5 'meet':1 'monkey':16 'must':13 'mysql':19
568	Memento Zoolander	A Touching Epistle of a Squirrel And a Explorer who must Redeem a Pastry Chef in The Sahara Desert	2006	1	4	4.99	77	11.99	NC-17	2013-05-26 14:50:58.951	{"Behind the Scenes"}	'chef':17 'desert':21 'epistl':5 'explor':11 'memento':1 'must':13 'pastri':16 'redeem':14 'sahara':20 'squirrel':8 'touch':4 'zooland':2
569	Menagerie Rushmore	A Unbelieveable Panorama of a Composer And a Butler who must Overcome a Database Administrator in The First Manned Space Station	2006	1	7	2.99	147	18.99	G	2013-05-26 14:50:58.951	{Trailers,Commentaries,"Deleted Scenes"}	'administr':17 'butler':11 'compos':8 'databas':16 'first':20 'man':21 'menageri':1 'must':13 'overcom':14 'panorama':5 'rushmor':2 'space':22 'station':23 'unbeliev':4
570	Mermaid Insects	A Lacklusture Drama of a Waitress And a Husband who must Fight a Husband in California	2006	1	5	4.99	104	20.99	NC-17	2013-05-26 14:50:58.951	{Trailers,"Behind the Scenes"}	'california':18 'drama':5 'fight':14 'husband':11,16 'insect':2 'lacklustur':4 'mermaid':1 'must':13 'waitress':8
571	Metal Armageddon	A Thrilling Display of a Lumberjack And a Crocodile who must Meet a Monkey in A Baloon Factory	2006	1	6	2.99	161	26.99	PG-13	2013-05-26 14:50:58.951	{Trailers,Commentaries,"Deleted Scenes"}	'armageddon':2 'baloon':19 'crocodil':11 'display':5 'factori':20 'lumberjack':8 'meet':14 'metal':1 'monkey':16 'must':13 'thrill':4
572	Metropolis Coma	A Emotional Saga of a Database Administrator And a Pastry Chef who must Confront a Teacher in A Baloon Factory	2006	1	4	2.99	64	9.99	PG-13	2013-05-26 14:50:58.951	{Trailers,Commentaries,"Behind the Scenes"}	'administr':9 'baloon':21 'chef':13 'coma':2 'confront':16 'databas':8 'emot':4 'factori':22 'metropoli':1 'must':15 'pastri':12 'saga':5 'teacher':18
573	Microcosmos Paradise	A Touching Character Study of a Boat And a Student who must Sink a A Shark in Nigeria	2006	1	6	2.99	105	22.99	PG-13	2013-05-26 14:50:58.951	{Commentaries}	'boat':9 'charact':5 'microcosmo':1 'must':14 'nigeria':20 'paradis':2 'shark':18 'sink':15 'student':12 'studi':6 'touch':4
574	Midnight Westward	A Taut Reflection of a Husband And a A Shark who must Redeem a Pastry Chef in A Monastery	2006	1	3	0.99	86	19.99	G	2013-05-26 14:50:58.951	{Trailers,"Deleted Scenes"}	'chef':18 'husband':8 'midnight':1 'monasteri':21 'must':14 'pastri':17 'redeem':15 'reflect':5 'shark':12 'taut':4 'westward':2
575	Midsummer Groundhog	A Fateful Panorama of a Moose And a Dog who must Chase a Crocodile in Ancient Japan	2006	1	3	4.99	48	27.99	G	2013-05-26 14:50:58.951	{Trailers,"Deleted Scenes"}	'ancient':18 'chase':14 'crocodil':16 'dog':11 'fate':4 'groundhog':2 'japan':19 'midsumm':1 'moos':8 'must':13 'panorama':5
576	Mighty Luck	A Astounding Epistle of a Mad Scientist And a Pioneer who must Escape a Database Administrator in A MySQL Convention	2006	1	7	2.99	122	13.99	PG	2013-05-26 14:50:58.951	{"Behind the Scenes"}	'administr':18 'astound':4 'convent':22 'databas':17 'epistl':5 'escap':15 'luck':2 'mad':8 'mighti':1 'must':14 'mysql':21 'pioneer':12 'scientist':9
577	Mile Mulan	A Lacklusture Epistle of a Cat And a Husband who must Confront a Boy in A MySQL Convention	2006	1	4	0.99	64	10.99	PG	2013-05-26 14:50:58.951	{"Deleted Scenes","Behind the Scenes"}	'boy':16 'cat':8 'confront':14 'convent':20 'epistl':5 'husband':11 'lacklustur':4 'mile':1 'mulan':2 'must':13 'mysql':19
578	Million Ace	A Brilliant Documentary of a Womanizer And a Squirrel who must Find a Technical Writer in The Sahara Desert	2006	1	4	4.99	142	16.99	PG-13	2013-05-26 14:50:58.951	{"Deleted Scenes"}	'ace':2 'brilliant':4 'desert':21 'documentari':5 'find':14 'million':1 'must':13 'sahara':20 'squirrel':11 'technic':16 'woman':8 'writer':17
579	Minds Truman	A Taut Yarn of a Mad Scientist And a Crocodile who must Outgun a Database Administrator in A Monastery	2006	1	3	4.99	149	22.99	PG-13	2013-05-26 14:50:58.951	{"Deleted Scenes","Behind the Scenes"}	'administr':18 'crocodil':12 'databas':17 'mad':8 'mind':1 'monasteri':21 'must':14 'outgun':15 'scientist':9 'taut':4 'truman':2 'yarn':5
580	Mine Titans	A Amazing Yarn of a Robot And a Womanizer who must Discover a Forensic Psychologist in Berlin	2006	1	3	4.99	166	12.99	PG-13	2013-05-26 14:50:58.951	{Trailers,"Deleted Scenes"}	'amaz':4 'berlin':19 'discov':14 'forens':16 'mine':1 'must':13 'psychologist':17 'robot':8 'titan':2 'woman':11 'yarn':5
581	Minority Kiss	A Insightful Display of a Lumberjack And a Sumo Wrestler who must Meet a Man in The Outback	2006	1	4	0.99	59	16.99	G	2013-05-26 14:50:58.951	{Trailers}	'display':5 'insight':4 'kiss':2 'lumberjack':8 'man':17 'meet':15 'minor':1 'must':14 'outback':20 'sumo':11 'wrestler':12
582	Miracle Virtual	A Touching Epistle of a Butler And a Boy who must Find a Mad Scientist in The Sahara Desert	2006	1	3	2.99	162	19.99	PG-13	2013-05-26 14:50:58.951	{Trailers,"Deleted Scenes"}	'boy':11 'butler':8 'desert':21 'epistl':5 'find':14 'mad':16 'miracl':1 'must':13 'sahara':20 'scientist':17 'touch':4 'virtual':2
583	Mission Zoolander	A Intrepid Story of a Sumo Wrestler And a Teacher who must Meet a A Shark in An Abandoned Fun House	2006	1	3	4.99	164	26.99	PG-13	2013-05-26 14:50:58.951	{"Behind the Scenes"}	'abandon':21 'fun':22 'hous':23 'intrepid':4 'meet':15 'mission':1 'must':14 'shark':18 'stori':5 'sumo':8 'teacher':12 'wrestler':9 'zooland':2
584	Mixed Doors	A Taut Drama of a Womanizer And a Lumberjack who must Succumb a Pioneer in Ancient India	2006	1	6	2.99	180	26.99	PG-13	2013-05-26 14:50:58.951	{"Behind the Scenes"}	'ancient':18 'door':2 'drama':5 'india':19 'lumberjack':11 'mix':1 'must':13 'pioneer':16 'succumb':14 'taut':4 'woman':8
585	Mob Duffel	A Unbelieveable Documentary of a Frisbee And a Boat who must Meet a Boy in The Canadian Rockies	2006	1	4	0.99	105	25.99	G	2013-05-26 14:50:58.951	{Trailers}	'boat':11 'boy':16 'canadian':19 'documentari':5 'duffel':2 'frisbe':8 'meet':14 'mob':1 'must':13 'rocki':20 'unbeliev':4
586	Mockingbird Hollywood	A Thoughtful Panorama of a Man And a Car who must Sink a Composer in Berlin	2006	1	4	0.99	60	27.99	PG	2013-05-26 14:50:58.951	{"Behind the Scenes"}	'berlin':18 'car':11 'compos':16 'hollywood':2 'man':8 'mockingbird':1 'must':13 'panorama':5 'sink':14 'thought':4
587	Mod Secretary	A Boring Documentary of a Mad Cow And a Cat who must Build a Lumberjack in New Orleans	2006	1	6	4.99	77	20.99	NC-17	2013-05-26 14:50:58.951	{Commentaries,"Behind the Scenes"}	'bore':4 'build':15 'cat':12 'cow':9 'documentari':5 'lumberjack':17 'mad':8 'mod':1 'must':14 'new':19 'orlean':20 'secretari':2
588	Model Fish	A Beautiful Panorama of a Boat And a Crocodile who must Outrace a Dog in Australia	2006	1	4	4.99	175	11.99	NC-17	2013-05-26 14:50:58.951	{Trailers,Commentaries,"Behind the Scenes"}	'australia':18 'beauti':4 'boat':8 'crocodil':11 'dog':16 'fish':2 'model':1 'must':13 'outrac':14 'panorama':5
589	Modern Dorado	A Awe-Inspiring Story of a Butler And a Sumo Wrestler who must Redeem a Boy in New Orleans	2006	1	3	0.99	74	20.99	PG	2013-05-26 14:50:58.951	{Trailers,Commentaries,"Deleted Scenes"}	'awe':5 'awe-inspir':4 'boy':19 'butler':10 'dorado':2 'inspir':6 'modern':1 'must':16 'new':21 'orlean':22 'redeem':17 'stori':7 'sumo':13 'wrestler':14
590	Money Harold	A Touching Tale of a Explorer And a Boat who must Defeat a Robot in Australia	2006	1	3	2.99	135	17.99	PG	2013-05-26 14:50:58.951	{Trailers,Commentaries}	'australia':18 'boat':11 'defeat':14 'explor':8 'harold':2 'money':1 'must':13 'robot':16 'tale':5 'touch':4
591	Monsoon Cause	A Astounding Tale of a Crocodile And a Car who must Outrace a Squirrel in A U-Boat	2006	1	6	4.99	182	20.99	PG	2013-05-26 14:50:58.951	{Commentaries,"Behind the Scenes"}	'astound':4 'boat':21 'car':11 'caus':2 'crocodil':8 'monsoon':1 'must':13 'outrac':14 'squirrel':16 'tale':5 'u':20 'u-boat':19
592	Monster Spartacus	A Fast-Paced Story of a Waitress And a Cat who must Fight a Girl in Australia	2006	1	6	2.99	107	28.99	PG	2013-05-26 14:50:58.951	{Commentaries,"Behind the Scenes"}	'australia':20 'cat':13 'fast':5 'fast-pac':4 'fight':16 'girl':18 'monster':1 'must':15 'pace':6 'spartacus':2 'stori':7 'waitress':10
593	Monterey Labyrinth	A Awe-Inspiring Drama of a Monkey And a Composer who must Escape a Feminist in A U-Boat	2006	1	6	0.99	158	13.99	G	2013-05-26 14:50:58.951	{Trailers,Commentaries}	'awe':5 'awe-inspir':4 'boat':23 'compos':13 'drama':7 'escap':16 'feminist':18 'inspir':6 'labyrinth':2 'monkey':10 'monterey':1 'must':15 'u':22 'u-boat':21
594	Montezuma Command	A Thrilling Reflection of a Waitress And a Butler who must Battle a Butler in A Jet Boat	2006	1	6	0.99	126	22.99	NC-17	2013-05-26 14:50:58.951	{Trailers}	'battl':14 'boat':20 'butler':11,16 'command':2 'jet':19 'montezuma':1 'must':13 'reflect':5 'thrill':4 'waitress':8
595	Moon Bunch	A Beautiful Tale of a Astronaut And a Mad Cow who must Challenge a Cat in A Baloon Factory	2006	1	7	0.99	83	20.99	PG	2013-05-26 14:50:58.951	{"Deleted Scenes","Behind the Scenes"}	'astronaut':8 'baloon':20 'beauti':4 'bunch':2 'cat':17 'challeng':15 'cow':12 'factori':21 'mad':11 'moon':1 'must':14 'tale':5
596	Moonshine Cabin	A Thoughtful Display of a Astronaut And a Feminist who must Chase a Frisbee in A Jet Boat	2006	1	4	4.99	171	25.99	PG-13	2013-05-26 14:50:58.951	{"Behind the Scenes"}	'astronaut':8 'boat':20 'cabin':2 'chase':14 'display':5 'feminist':11 'frisbe':16 'jet':19 'moonshin':1 'must':13 'thought':4
597	Moonwalker Fool	A Epic Drama of a Feminist And a Pioneer who must Sink a Composer in New Orleans	2006	1	5	4.99	184	12.99	G	2013-05-26 14:50:58.951	{Trailers,"Deleted Scenes"}	'compos':16 'drama':5 'epic':4 'feminist':8 'fool':2 'moonwalk':1 'must':13 'new':18 'orlean':19 'pioneer':11 'sink':14
598	Mosquito Armageddon	A Thoughtful Character Study of a Waitress And a Feminist who must Build a Teacher in Ancient Japan	2006	1	6	0.99	57	22.99	G	2013-05-26 14:50:58.951	{Trailers}	'ancient':19 'armageddon':2 'build':15 'charact':5 'feminist':12 'japan':20 'mosquito':1 'must':14 'studi':6 'teacher':17 'thought':4 'waitress':9
599	Mother Oleander	A Boring Tale of a Husband And a Boy who must Fight a Squirrel in Ancient China	2006	1	3	0.99	103	20.99	R	2013-05-26 14:50:58.951	{Trailers,Commentaries}	'ancient':18 'bore':4 'boy':11 'china':19 'fight':14 'husband':8 'mother':1 'must':13 'oleand':2 'squirrel':16 'tale':5
600	Motions Details	A Awe-Inspiring Reflection of a Dog And a Student who must Kill a Car in An Abandoned Fun House	2006	1	5	0.99	166	16.99	PG	2013-05-26 14:50:58.951	{Trailers,Commentaries,"Behind the Scenes"}	'abandon':21 'awe':5 'awe-inspir':4 'car':18 'detail':2 'dog':10 'fun':22 'hous':23 'inspir':6 'kill':16 'motion':1 'must':15 'reflect':7 'student':13
601	Moulin Wake	A Astounding Story of a Forensic Psychologist And a Cat who must Battle a Teacher in An Abandoned Mine Shaft	2006	1	4	0.99	79	20.99	PG-13	2013-05-26 14:50:58.951	{Trailers}	'abandon':20 'astound':4 'battl':15 'cat':12 'forens':8 'mine':21 'moulin':1 'must':14 'psychologist':9 'shaft':22 'stori':5 'teacher':17 'wake':2
602	Mourning Purple	A Lacklusture Display of a Waitress And a Lumberjack who must Chase a Pioneer in New Orleans	2006	1	5	0.99	146	14.99	PG	2013-05-26 14:50:58.951	{Trailers,Commentaries,"Deleted Scenes","Behind the Scenes"}	'chase':14 'display':5 'lacklustur':4 'lumberjack':11 'mourn':1 'must':13 'new':18 'orlean':19 'pioneer':16 'purpl':2 'waitress':8
736	Robbery Bright	A Taut Reflection of a Robot And a Squirrel who must Fight a Boat in Ancient Japan	2006	1	4	0.99	134	21.99	R	2013-05-26 14:50:58.951	{Trailers}	'ancient':18 'boat':16 'bright':2 'fight':14 'japan':19 'must':13 'reflect':5 'robberi':1 'robot':8 'squirrel':11 'taut':4
603	Movie Shakespeare	A Insightful Display of a Database Administrator And a Student who must Build a Hunter in Berlin	2006	1	6	4.99	53	27.99	PG	2013-05-26 14:50:58.951	{Commentaries,"Deleted Scenes","Behind the Scenes"}	'administr':9 'berlin':19 'build':15 'databas':8 'display':5 'hunter':17 'insight':4 'movi':1 'must':14 'shakespear':2 'student':12
604	Mulan Moon	A Emotional Saga of a Womanizer And a Pioneer who must Overcome a Dentist in A Baloon	2006	1	4	0.99	160	10.99	G	2013-05-26 14:50:58.951	{"Behind the Scenes"}	'baloon':19 'dentist':16 'emot':4 'moon':2 'mulan':1 'must':13 'overcom':14 'pioneer':11 'saga':5 'woman':8
605	Mulholland Beast	A Awe-Inspiring Display of a Husband And a Squirrel who must Battle a Sumo Wrestler in A Jet Boat	2006	1	7	2.99	157	13.99	PG	2013-05-26 14:50:58.951	{Trailers,"Deleted Scenes","Behind the Scenes"}	'awe':5 'awe-inspir':4 'battl':16 'beast':2 'boat':23 'display':7 'husband':10 'inspir':6 'jet':22 'mulholland':1 'must':15 'squirrel':13 'sumo':18 'wrestler':19
606	Mummy Creatures	A Fateful Character Study of a Crocodile And a Monkey who must Meet a Dentist in Australia	2006	1	3	0.99	160	15.99	NC-17	2013-05-26 14:50:58.951	{Trailers,"Behind the Scenes"}	'australia':19 'charact':5 'creatur':2 'crocodil':9 'dentist':17 'fate':4 'meet':15 'monkey':12 'mummi':1 'must':14 'studi':6
607	Muppet Mile	A Lacklusture Story of a Madman And a Teacher who must Kill a Frisbee in The Gulf of Mexico	2006	1	5	4.99	50	18.99	PG	2013-05-26 14:50:58.951	{Trailers,"Deleted Scenes"}	'frisbe':16 'gulf':19 'kill':14 'lacklustur':4 'madman':8 'mexico':21 'mile':2 'muppet':1 'must':13 'stori':5 'teacher':11
608	Murder Antitrust	A Brilliant Yarn of a Car And a Database Administrator who must Escape a Boy in A MySQL Convention	2006	1	6	2.99	166	11.99	PG	2013-05-26 14:50:58.951	{Trailers,"Deleted Scenes","Behind the Scenes"}	'administr':12 'antitrust':2 'boy':17 'brilliant':4 'car':8 'convent':21 'databas':11 'escap':15 'murder':1 'must':14 'mysql':20 'yarn':5
609	Muscle Bright	A Stunning Panorama of a Sumo Wrestler And a Husband who must Redeem a Madman in Ancient India	2006	1	7	2.99	185	23.99	G	2013-05-26 14:50:58.951	{"Deleted Scenes"}	'ancient':19 'bright':2 'husband':12 'india':20 'madman':17 'muscl':1 'must':14 'panorama':5 'redeem':15 'stun':4 'sumo':8 'wrestler':9
610	Music Boondock	A Thrilling Tale of a Butler And a Astronaut who must Battle a Explorer in The First Manned Space Station	2006	1	7	0.99	129	17.99	R	2013-05-26 14:50:58.951	{Trailers,Commentaries,"Behind the Scenes"}	'astronaut':11 'battl':14 'boondock':2 'butler':8 'explor':16 'first':19 'man':20 'music':1 'must':13 'space':21 'station':22 'tale':5 'thrill':4
611	Musketeers Wait	A Touching Yarn of a Student And a Moose who must Fight a Mad Cow in Australia	2006	1	7	4.99	73	17.99	PG	2013-05-26 14:50:58.951	{"Deleted Scenes","Behind the Scenes"}	'australia':19 'cow':17 'fight':14 'mad':16 'moos':11 'musket':1 'must':13 'student':8 'touch':4 'wait':2 'yarn':5
612	Mussolini Spoilers	A Thrilling Display of a Boat And a Monkey who must Meet a Composer in Ancient China	2006	1	6	2.99	180	10.99	G	2013-05-26 14:50:58.951	{"Deleted Scenes","Behind the Scenes"}	'ancient':18 'boat':8 'china':19 'compos':16 'display':5 'meet':14 'monkey':11 'mussolini':1 'must':13 'spoiler':2 'thrill':4
613	Mystic Truman	A Epic Yarn of a Teacher And a Hunter who must Outgun a Explorer in Soviet Georgia	2006	1	5	0.99	92	19.99	NC-17	2013-05-26 14:50:58.951	{Commentaries,"Behind the Scenes"}	'epic':4 'explor':16 'georgia':19 'hunter':11 'must':13 'mystic':1 'outgun':14 'soviet':18 'teacher':8 'truman':2 'yarn':5
614	Name Detective	A Touching Saga of a Sumo Wrestler And a Cat who must Pursue a Mad Scientist in Nigeria	2006	1	5	4.99	178	11.99	PG-13	2013-05-26 14:50:58.951	{Trailers,Commentaries,"Behind the Scenes"}	'cat':12 'detect':2 'mad':17 'must':14 'name':1 'nigeria':20 'pursu':15 'saga':5 'scientist':18 'sumo':8 'touch':4 'wrestler':9
615	Nash Chocolat	A Epic Reflection of a Monkey And a Mad Cow who must Kill a Forensic Psychologist in An Abandoned Mine Shaft	2006	1	6	2.99	180	21.99	PG-13	2013-05-26 14:50:58.951	{Commentaries,"Behind the Scenes"}	'abandon':21 'chocolat':2 'cow':12 'epic':4 'forens':17 'kill':15 'mad':11 'mine':22 'monkey':8 'must':14 'nash':1 'psychologist':18 'reflect':5 'shaft':23
616	National Story	A Taut Epistle of a Mad Scientist And a Girl who must Escape a Monkey in California	2006	1	4	2.99	92	19.99	NC-17	2013-05-26 14:50:58.951	{Trailers}	'california':19 'epistl':5 'escap':15 'girl':12 'mad':8 'monkey':17 'must':14 'nation':1 'scientist':9 'stori':2 'taut':4
617	Natural Stock	A Fast-Paced Story of a Sumo Wrestler And a Girl who must Defeat a Car in A Baloon Factory	2006	1	4	0.99	50	24.99	PG-13	2013-05-26 14:50:58.951	{Commentaries,"Deleted Scenes"}	'baloon':22 'car':19 'defeat':17 'factori':23 'fast':5 'fast-pac':4 'girl':14 'must':16 'natur':1 'pace':6 'stock':2 'stori':7 'sumo':10 'wrestler':11
618	Necklace Outbreak	A Astounding Epistle of a Database Administrator And a Mad Scientist who must Pursue a Cat in California	2006	1	3	0.99	132	21.99	PG	2013-05-26 14:50:58.951	{Trailers,Commentaries,"Behind the Scenes"}	'administr':9 'astound':4 'california':20 'cat':18 'databas':8 'epistl':5 'mad':12 'must':15 'necklac':1 'outbreak':2 'pursu':16 'scientist':13
619	Neighbors Charade	A Fanciful Reflection of a Crocodile And a Astronaut who must Outrace a Feminist in An Abandoned Amusement Park	2006	1	3	0.99	161	20.99	R	2013-05-26 14:50:58.951	{Trailers,Commentaries,"Deleted Scenes"}	'abandon':19 'amus':20 'astronaut':11 'charad':2 'crocodil':8 'fanci':4 'feminist':16 'must':13 'neighbor':1 'outrac':14 'park':21 'reflect':5
620	Nemo Campus	A Lacklusture Reflection of a Monkey And a Squirrel who must Outrace a Womanizer in A Manhattan Penthouse	2006	1	5	2.99	131	23.99	NC-17	2013-05-26 14:50:58.951	{Trailers}	'campus':2 'lacklustur':4 'manhattan':19 'monkey':8 'must':13 'nemo':1 'outrac':14 'penthous':20 'reflect':5 'squirrel':11 'woman':16
621	Network Peak	A Unbelieveable Reflection of a Butler And a Boat who must Outgun a Mad Scientist in California	2006	1	5	2.99	75	23.99	PG-13	2013-05-26 14:50:58.951	{Commentaries,"Deleted Scenes","Behind the Scenes"}	'boat':11 'butler':8 'california':19 'mad':16 'must':13 'network':1 'outgun':14 'peak':2 'reflect':5 'scientist':17 'unbeliev':4
622	Newsies Story	A Action-Packed Character Study of a Dog And a Lumberjack who must Outrace a Moose in The Gulf of Mexico	2006	1	4	0.99	159	25.99	G	2013-05-26 14:50:58.951	{Trailers,"Deleted Scenes"}	'action':5 'action-pack':4 'charact':7 'dog':11 'gulf':22 'lumberjack':14 'mexico':24 'moos':19 'must':16 'newsi':1 'outrac':17 'pack':6 'stori':2 'studi':8
623	Newton Labyrinth	A Intrepid Character Study of a Moose And a Waitress who must Find a A Shark in Ancient India	2006	1	4	0.99	75	9.99	PG	2013-05-26 14:50:58.951	{Trailers,Commentaries,"Deleted Scenes","Behind the Scenes"}	'ancient':20 'charact':5 'find':15 'india':21 'intrepid':4 'labyrinth':2 'moos':9 'must':14 'newton':1 'shark':18 'studi':6 'waitress':12
624	Nightmare Chill	A Brilliant Display of a Robot And a Butler who must Fight a Waitress in An Abandoned Mine Shaft	2006	1	3	4.99	149	25.99	PG	2013-05-26 14:50:58.951	{Trailers,"Deleted Scenes","Behind the Scenes"}	'abandon':19 'brilliant':4 'butler':11 'chill':2 'display':5 'fight':14 'mine':20 'must':13 'nightmar':1 'robot':8 'shaft':21 'waitress':16
625	None Spiking	A Boring Reflection of a Secret Agent And a Astronaut who must Face a Composer in A Manhattan Penthouse	2006	1	3	0.99	83	18.99	NC-17	2013-05-26 14:50:58.951	{Trailers,Commentaries}	'agent':9 'astronaut':12 'bore':4 'compos':17 'face':15 'manhattan':20 'must':14 'none':1 'penthous':21 'reflect':5 'secret':8 'spike':2
626	Noon Papi	A Unbelieveable Character Study of a Mad Scientist And a Astronaut who must Find a Pioneer in A Manhattan Penthouse	2006	1	5	2.99	57	12.99	G	2013-05-26 14:50:58.951	{"Behind the Scenes"}	'astronaut':13 'charact':5 'find':16 'mad':9 'manhattan':21 'must':15 'noon':1 'papi':2 'penthous':22 'pioneer':18 'scientist':10 'studi':6 'unbeliev':4
627	North Tequila	A Beautiful Character Study of a Mad Cow And a Robot who must Reach a Womanizer in New Orleans	2006	1	4	4.99	67	9.99	NC-17	2013-05-26 14:50:58.951	{Commentaries,"Deleted Scenes","Behind the Scenes"}	'beauti':4 'charact':5 'cow':10 'mad':9 'must':15 'new':20 'north':1 'orlean':21 'reach':16 'robot':13 'studi':6 'tequila':2 'woman':18
628	Northwest Polish	A Boring Character Study of a Boy And a A Shark who must Outrace a Womanizer in The Outback	2006	1	5	2.99	172	24.99	PG	2013-05-26 14:50:58.951	{Trailers}	'bore':4 'boy':9 'charact':5 'must':15 'northwest':1 'outback':21 'outrac':16 'polish':2 'shark':13 'studi':6 'woman':18
629	Notorious Reunion	A Amazing Epistle of a Woman And a Squirrel who must Fight a Hunter in A Baloon	2006	1	7	0.99	128	9.99	NC-17	2013-05-26 14:50:58.951	{Trailers,Commentaries,"Deleted Scenes"}	'amaz':4 'baloon':19 'epistl':5 'fight':14 'hunter':16 'must':13 'notori':1 'reunion':2 'squirrel':11 'woman':8
630	Notting Speakeasy	A Thoughtful Display of a Butler And a Womanizer who must Find a Waitress in The Canadian Rockies	2006	1	7	0.99	48	19.99	PG-13	2013-05-26 14:50:58.951	{Trailers,Commentaries}	'butler':8 'canadian':19 'display':5 'find':14 'must':13 'not':1 'rocki':20 'speakeasi':2 'thought':4 'waitress':16 'woman':11
631	Novocaine Flight	A Fanciful Display of a Student And a Teacher who must Outgun a Crocodile in Nigeria	2006	1	4	0.99	64	11.99	G	2013-05-26 14:50:58.951	{Trailers,Commentaries,"Deleted Scenes"}	'crocodil':16 'display':5 'fanci':4 'flight':2 'must':13 'nigeria':18 'novocain':1 'outgun':14 'student':8 'teacher':11
632	Nuts Ties	A Thoughtful Drama of a Explorer And a Womanizer who must Meet a Teacher in California	2006	1	5	4.99	145	10.99	NC-17	2013-05-26 14:50:58.951	{Trailers,"Behind the Scenes"}	'california':18 'drama':5 'explor':8 'meet':14 'must':13 'nut':1 'teacher':16 'thought':4 'tie':2 'woman':11
633	October Submarine	A Taut Epistle of a Monkey And a Boy who must Confront a Husband in A Jet Boat	2006	1	6	4.99	54	10.99	PG-13	2013-05-26 14:50:58.951	{Trailers,Commentaries,"Behind the Scenes"}	'boat':20 'boy':11 'confront':14 'epistl':5 'husband':16 'jet':19 'monkey':8 'must':13 'octob':1 'submarin':2 'taut':4
634	Odds Boogie	A Thrilling Yarn of a Feminist And a Madman who must Battle a Hunter in Berlin	2006	1	6	0.99	48	14.99	NC-17	2013-05-26 14:50:58.951	{Trailers,Commentaries,"Behind the Scenes"}	'battl':14 'berlin':18 'boogi':2 'feminist':8 'hunter':16 'madman':11 'must':13 'odd':1 'thrill':4 'yarn':5
635	Oklahoma Jumanji	A Thoughtful Drama of a Dentist And a Womanizer who must Meet a Husband in The Sahara Desert	2006	1	7	0.99	58	15.99	PG	2013-05-26 14:50:58.951	{"Behind the Scenes"}	'dentist':8 'desert':20 'drama':5 'husband':16 'jumanji':2 'meet':14 'must':13 'oklahoma':1 'sahara':19 'thought':4 'woman':11
636	Oleander Clue	A Boring Story of a Teacher And a Monkey who must Succumb a Forensic Psychologist in A Jet Boat	2006	1	5	0.99	161	12.99	PG	2013-05-26 14:50:58.951	{Commentaries,"Deleted Scenes"}	'boat':21 'bore':4 'clue':2 'forens':16 'jet':20 'monkey':11 'must':13 'oleand':1 'psychologist':17 'stori':5 'succumb':14 'teacher':8
637	Open African	A Lacklusture Drama of a Secret Agent And a Explorer who must Discover a Car in A U-Boat	2006	1	7	4.99	131	16.99	PG	2013-05-26 14:50:58.951	{Trailers,Commentaries}	'african':2 'agent':9 'boat':22 'car':17 'discov':15 'drama':5 'explor':12 'lacklustur':4 'must':14 'open':1 'secret':8 'u':21 'u-boat':20
638	Operation Operation	A Intrepid Character Study of a Man And a Frisbee who must Overcome a Madman in Ancient China	2006	1	7	2.99	156	23.99	G	2013-05-26 14:50:58.951	{Trailers,Commentaries,"Deleted Scenes","Behind the Scenes"}	'ancient':19 'charact':5 'china':20 'frisbe':12 'intrepid':4 'madman':17 'man':9 'must':14 'oper':1,2 'overcom':15 'studi':6
639	Opposite Necklace	A Fateful Epistle of a Crocodile And a Moose who must Kill a Explorer in Nigeria	2006	1	7	4.99	92	9.99	PG	2013-05-26 14:50:58.951	{"Deleted Scenes"}	'crocodil':8 'epistl':5 'explor':16 'fate':4 'kill':14 'moos':11 'must':13 'necklac':2 'nigeria':18 'opposit':1
640	Opus Ice	A Fast-Paced Drama of a Hunter And a Boy who must Discover a Feminist in The Sahara Desert	2006	1	5	4.99	102	21.99	R	2013-05-26 14:50:58.951	{Commentaries,"Deleted Scenes"}	'boy':13 'desert':22 'discov':16 'drama':7 'fast':5 'fast-pac':4 'feminist':18 'hunter':10 'ice':2 'must':15 'opus':1 'pace':6 'sahara':21
641	Orange Grapes	A Astounding Documentary of a Butler And a Womanizer who must Face a Dog in A U-Boat	2006	1	4	0.99	76	21.99	PG-13	2013-05-26 14:50:58.951	{Trailers,Commentaries}	'astound':4 'boat':21 'butler':8 'documentari':5 'dog':16 'face':14 'grape':2 'must':13 'orang':1 'u':20 'u-boat':19 'woman':11
642	Order Betrayed	A Amazing Saga of a Dog And a A Shark who must Challenge a Cat in The Sahara Desert	2006	1	7	2.99	120	13.99	PG-13	2013-05-26 14:50:58.951	{"Deleted Scenes","Behind the Scenes"}	'amaz':4 'betray':2 'cat':17 'challeng':15 'desert':21 'dog':8 'must':14 'order':1 'saga':5 'sahara':20 'shark':12
643	Orient Closer	A Astounding Epistle of a Technical Writer And a Teacher who must Fight a Squirrel in The Sahara Desert	2006	1	3	2.99	118	22.99	R	2013-05-26 14:50:58.951	{Commentaries,"Deleted Scenes"}	'astound':4 'closer':2 'desert':21 'epistl':5 'fight':15 'must':14 'orient':1 'sahara':20 'squirrel':17 'teacher':12 'technic':8 'writer':9
644	Oscar Gold	A Insightful Tale of a Database Administrator And a Dog who must Face a Madman in Soviet Georgia	2006	1	7	2.99	115	29.99	PG	2013-05-26 14:50:58.951	{"Behind the Scenes"}	'administr':9 'databas':8 'dog':12 'face':15 'georgia':20 'gold':2 'insight':4 'madman':17 'must':14 'oscar':1 'soviet':19 'tale':5
645	Others Soup	A Lacklusture Documentary of a Mad Cow And a Madman who must Sink a Moose in The Gulf of Mexico	2006	1	7	2.99	118	18.99	PG	2013-05-26 14:50:58.951	{"Deleted Scenes"}	'cow':9 'documentari':5 'gulf':20 'lacklustur':4 'mad':8 'madman':12 'mexico':22 'moos':17 'must':14 'other':1 'sink':15 'soup':2
646	Outbreak Divine	A Unbelieveable Yarn of a Database Administrator And a Woman who must Succumb a A Shark in A U-Boat	2006	1	6	0.99	169	12.99	NC-17	2013-05-26 14:50:58.951	{Trailers,"Deleted Scenes","Behind the Scenes"}	'administr':9 'boat':23 'databas':8 'divin':2 'must':14 'outbreak':1 'shark':18 'succumb':15 'u':22 'u-boat':21 'unbeliev':4 'woman':12 'yarn':5
647	Outfield Massacre	A Thoughtful Drama of a Husband And a Secret Agent who must Pursue a Database Administrator in Ancient India	2006	1	4	0.99	129	18.99	NC-17	2013-05-26 14:50:58.951	{Trailers,"Deleted Scenes"}	'administr':18 'agent':12 'ancient':20 'databas':17 'drama':5 'husband':8 'india':21 'massacr':2 'must':14 'outfield':1 'pursu':15 'secret':11 'thought':4
648	Outlaw Hanky	A Thoughtful Story of a Astronaut And a Composer who must Conquer a Dog in The Sahara Desert	2006	1	7	4.99	148	17.99	PG-13	2013-05-26 14:50:58.951	{Trailers,Commentaries}	'astronaut':8 'compos':11 'conquer':14 'desert':20 'dog':16 'hanki':2 'must':13 'outlaw':1 'sahara':19 'stori':5 'thought':4
649	Oz Liaisons	A Epic Yarn of a Mad Scientist And a Cat who must Confront a Womanizer in A Baloon Factory	2006	1	4	2.99	85	14.99	R	2013-05-26 14:50:58.951	{Commentaries,"Deleted Scenes","Behind the Scenes"}	'baloon':20 'cat':12 'confront':15 'epic':4 'factori':21 'liaison':2 'mad':8 'must':14 'oz':1 'scientist':9 'woman':17 'yarn':5
650	Pacific Amistad	A Thrilling Yarn of a Dog And a Moose who must Kill a Pastry Chef in A Manhattan Penthouse	2006	1	3	0.99	144	27.99	G	2013-05-26 14:50:58.951	{Trailers,Commentaries,"Deleted Scenes","Behind the Scenes"}	'amistad':2 'chef':17 'dog':8 'kill':14 'manhattan':20 'moos':11 'must':13 'pacif':1 'pastri':16 'penthous':21 'thrill':4 'yarn':5
651	Packer Madigan	A Epic Display of a Sumo Wrestler And a Forensic Psychologist who must Build a Woman in An Abandoned Amusement Park	2006	1	3	0.99	84	20.99	PG-13	2013-05-26 14:50:58.951	{Trailers}	'abandon':21 'amus':22 'build':16 'display':5 'epic':4 'forens':12 'madigan':2 'must':15 'packer':1 'park':23 'psychologist':13 'sumo':8 'woman':18 'wrestler':9
652	Pajama Jawbreaker	A Emotional Drama of a Boy And a Technical Writer who must Redeem a Sumo Wrestler in California	2006	1	3	0.99	126	14.99	R	2013-05-26 14:50:58.951	{Trailers,"Deleted Scenes"}	'boy':8 'california':20 'drama':5 'emot':4 'jawbreak':2 'must':14 'pajama':1 'redeem':15 'sumo':17 'technic':11 'wrestler':18 'writer':12
653	Panic Club	A Fanciful Display of a Teacher And a Crocodile who must Succumb a Girl in A Baloon	2006	1	3	4.99	102	15.99	G	2013-05-26 14:50:58.951	{Commentaries,"Deleted Scenes"}	'baloon':19 'club':2 'crocodil':11 'display':5 'fanci':4 'girl':16 'must':13 'panic':1 'succumb':14 'teacher':8
654	Panky Submarine	A Touching Documentary of a Dentist And a Sumo Wrestler who must Overcome a Boy in The Gulf of Mexico	2006	1	4	4.99	93	19.99	G	2013-05-26 14:50:58.951	{Trailers,Commentaries,"Deleted Scenes","Behind the Scenes"}	'boy':17 'dentist':8 'documentari':5 'gulf':20 'mexico':22 'must':14 'overcom':15 'panki':1 'submarin':2 'sumo':11 'touch':4 'wrestler':12
655	Panther Reds	A Brilliant Panorama of a Moose And a Man who must Reach a Teacher in The Gulf of Mexico	2006	1	5	4.99	109	22.99	NC-17	2013-05-26 14:50:58.951	{"Deleted Scenes","Behind the Scenes"}	'brilliant':4 'gulf':19 'man':11 'mexico':21 'moos':8 'must':13 'panorama':5 'panther':1 'reach':14 'red':2 'teacher':16
656	Papi Necklace	A Fanciful Display of a Car And a Monkey who must Escape a Squirrel in Ancient Japan	2006	1	3	0.99	128	9.99	PG	2013-05-26 14:50:58.951	{Trailers,"Deleted Scenes","Behind the Scenes"}	'ancient':18 'car':8 'display':5 'escap':14 'fanci':4 'japan':19 'monkey':11 'must':13 'necklac':2 'papi':1 'squirrel':16
657	Paradise Sabrina	A Intrepid Yarn of a Car And a Moose who must Outrace a Crocodile in A Manhattan Penthouse	2006	1	5	2.99	48	12.99	PG-13	2013-05-26 14:50:58.951	{Commentaries,"Deleted Scenes","Behind the Scenes"}	'car':8 'crocodil':16 'intrepid':4 'manhattan':19 'moos':11 'must':13 'outrac':14 'paradis':1 'penthous':20 'sabrina':2 'yarn':5
658	Paris Weekend	A Intrepid Story of a Squirrel And a Crocodile who must Defeat a Monkey in The Outback	2006	1	7	2.99	121	19.99	PG-13	2013-05-26 14:50:58.951	{Trailers,Commentaries,"Deleted Scenes","Behind the Scenes"}	'crocodil':11 'defeat':14 'intrepid':4 'monkey':16 'must':13 'outback':19 'pari':1 'squirrel':8 'stori':5 'weekend':2
659	Park Citizen	A Taut Epistle of a Sumo Wrestler And a Girl who must Face a Husband in Ancient Japan	2006	1	3	4.99	109	14.99	PG-13	2013-05-26 14:50:58.951	{Trailers,"Deleted Scenes"}	'ancient':19 'citizen':2 'epistl':5 'face':15 'girl':12 'husband':17 'japan':20 'must':14 'park':1 'sumo':8 'taut':4 'wrestler':9
660	Party Knock	A Fateful Display of a Technical Writer And a Butler who must Battle a Sumo Wrestler in An Abandoned Mine Shaft	2006	1	7	2.99	107	11.99	PG	2013-05-26 14:50:58.951	{Trailers,"Behind the Scenes"}	'abandon':21 'battl':15 'butler':12 'display':5 'fate':4 'knock':2 'mine':22 'must':14 'parti':1 'shaft':23 'sumo':17 'technic':8 'wrestler':18 'writer':9
661	Past Suicides	A Intrepid Tale of a Madman And a Astronaut who must Challenge a Hunter in A Monastery	2006	1	5	4.99	157	17.99	PG-13	2013-05-26 14:50:58.951	{Trailers,"Deleted Scenes","Behind the Scenes"}	'astronaut':11 'challeng':14 'hunter':16 'intrepid':4 'madman':8 'monasteri':19 'must':13 'past':1 'suicid':2 'tale':5
662	Paths Control	A Astounding Documentary of a Butler And a Cat who must Find a Frisbee in Ancient China	2006	1	3	4.99	118	9.99	PG	2013-05-26 14:50:58.951	{Trailers,"Behind the Scenes"}	'ancient':18 'astound':4 'butler':8 'cat':11 'china':19 'control':2 'documentari':5 'find':14 'frisbe':16 'must':13 'path':1
663	Patient Sister	A Emotional Epistle of a Squirrel And a Robot who must Confront a Lumberjack in Soviet Georgia	2006	1	7	0.99	99	29.99	NC-17	2013-05-26 14:50:58.951	{Trailers,Commentaries}	'confront':14 'emot':4 'epistl':5 'georgia':19 'lumberjack':16 'must':13 'patient':1 'robot':11 'sister':2 'soviet':18 'squirrel':8
664	Patriot Roman	A Taut Saga of a Robot And a Database Administrator who must Challenge a Astronaut in California	2006	1	6	2.99	65	12.99	PG	2013-05-26 14:50:58.951	{Trailers,"Deleted Scenes"}	'administr':12 'astronaut':17 'california':19 'challeng':15 'databas':11 'must':14 'patriot':1 'robot':8 'roman':2 'saga':5 'taut':4
665	Patton Interview	A Thrilling Documentary of a Composer And a Secret Agent who must Succumb a Cat in Berlin	2006	1	4	2.99	175	22.99	PG	2013-05-26 14:50:58.951	{Commentaries}	'agent':12 'berlin':19 'cat':17 'compos':8 'documentari':5 'interview':2 'must':14 'patton':1 'secret':11 'succumb':15 'thrill':4
666	Paycheck Wait	A Awe-Inspiring Reflection of a Boy And a Man who must Discover a Moose in The Sahara Desert	2006	1	4	4.99	145	27.99	PG-13	2013-05-26 14:50:58.951	{Commentaries,"Deleted Scenes"}	'awe':5 'awe-inspir':4 'boy':10 'desert':22 'discov':16 'inspir':6 'man':13 'moos':18 'must':15 'paycheck':1 'reflect':7 'sahara':21 'wait':2
667	Peach Innocent	A Action-Packed Drama of a Monkey And a Dentist who must Chase a Butler in Berlin	2006	1	3	2.99	160	20.99	PG-13	2013-05-26 14:50:58.951	{Commentaries,"Behind the Scenes"}	'action':5 'action-pack':4 'berlin':20 'butler':18 'chase':16 'dentist':13 'drama':7 'innoc':2 'monkey':10 'must':15 'pack':6 'peach':1
668	Peak Forever	A Insightful Reflection of a Boat And a Secret Agent who must Vanquish a Astronaut in An Abandoned Mine Shaft	2006	1	7	4.99	80	25.99	PG	2013-05-26 14:50:58.951	{Trailers,Commentaries,"Deleted Scenes","Behind the Scenes"}	'abandon':20 'agent':12 'astronaut':17 'boat':8 'forev':2 'insight':4 'mine':21 'must':14 'peak':1 'reflect':5 'secret':11 'shaft':22 'vanquish':15
669	Pearl Destiny	A Lacklusture Yarn of a Astronaut And a Pastry Chef who must Sink a Dog in A U-Boat	2006	1	3	2.99	74	10.99	NC-17	2013-05-26 14:50:58.951	{Trailers}	'astronaut':8 'boat':22 'chef':12 'destini':2 'dog':17 'lacklustur':4 'must':14 'pastri':11 'pearl':1 'sink':15 'u':21 'u-boat':20 'yarn':5
670	Pelican Comforts	A Epic Documentary of a Boy And a Monkey who must Pursue a Astronaut in Berlin	2006	1	4	4.99	48	17.99	PG	2013-05-26 14:50:58.951	{Commentaries,"Deleted Scenes"}	'astronaut':16 'berlin':18 'boy':8 'comfort':2 'documentari':5 'epic':4 'monkey':11 'must':13 'pelican':1 'pursu':14
671	Perdition Fargo	A Fast-Paced Story of a Car And a Cat who must Outgun a Hunter in Berlin	2006	1	7	4.99	99	27.99	NC-17	2013-05-26 14:50:58.951	{Trailers,"Behind the Scenes"}	'berlin':20 'car':10 'cat':13 'fargo':2 'fast':5 'fast-pac':4 'hunter':18 'must':15 'outgun':16 'pace':6 'perdit':1 'stori':7
672	Perfect Groove	A Thrilling Yarn of a Dog And a Dog who must Build a Husband in A Baloon	2006	1	7	2.99	82	17.99	PG-13	2013-05-26 14:50:58.951	{Commentaries,"Deleted Scenes","Behind the Scenes"}	'baloon':19 'build':14 'dog':8,11 'groov':2 'husband':16 'must':13 'perfect':1 'thrill':4 'yarn':5
673	Personal Ladybugs	A Epic Saga of a Hunter And a Technical Writer who must Conquer a Cat in Ancient Japan	2006	1	3	0.99	118	19.99	PG-13	2013-05-26 14:50:58.951	{"Deleted Scenes","Behind the Scenes"}	'ancient':19 'cat':17 'conquer':15 'epic':4 'hunter':8 'japan':20 'ladybug':2 'must':14 'person':1 'saga':5 'technic':11 'writer':12
674	Pet Haunting	A Unbelieveable Reflection of a Explorer And a Boat who must Conquer a Woman in California	2006	1	3	0.99	99	11.99	PG	2013-05-26 14:50:58.951	{Trailers,Commentaries}	'boat':11 'california':18 'conquer':14 'explor':8 'haunt':2 'must':13 'pet':1 'reflect':5 'unbeliev':4 'woman':16
675	Phantom Glory	A Beautiful Documentary of a Astronaut And a Crocodile who must Discover a Madman in A Monastery	2006	1	6	2.99	60	17.99	NC-17	2013-05-26 14:50:58.951	{Commentaries,"Behind the Scenes"}	'astronaut':8 'beauti':4 'crocodil':11 'discov':14 'documentari':5 'glori':2 'madman':16 'monasteri':19 'must':13 'phantom':1
676	Philadelphia Wife	A Taut Yarn of a Hunter And a Astronaut who must Conquer a Database Administrator in The Sahara Desert	2006	1	7	4.99	137	16.99	PG-13	2013-05-26 14:50:58.951	{Trailers,Commentaries,"Deleted Scenes"}	'administr':17 'astronaut':11 'conquer':14 'databas':16 'desert':21 'hunter':8 'must':13 'philadelphia':1 'sahara':20 'taut':4 'wife':2 'yarn':5
677	Pianist Outfield	A Intrepid Story of a Boy And a Technical Writer who must Pursue a Lumberjack in A Monastery	2006	1	6	0.99	136	25.99	NC-17	2013-05-26 14:50:58.951	{Trailers,Commentaries,"Deleted Scenes"}	'boy':8 'intrepid':4 'lumberjack':17 'monasteri':20 'must':14 'outfield':2 'pianist':1 'pursu':15 'stori':5 'technic':11 'writer':12
678	Pickup Driving	A Touching Documentary of a Husband And a Boat who must Meet a Pastry Chef in A Baloon Factory	2006	1	3	2.99	77	23.99	G	2013-05-26 14:50:58.951	{Trailers,Commentaries,"Deleted Scenes","Behind the Scenes"}	'baloon':20 'boat':11 'chef':17 'documentari':5 'drive':2 'factori':21 'husband':8 'meet':14 'must':13 'pastri':16 'pickup':1 'touch':4
679	Pilot Hoosiers	A Awe-Inspiring Reflection of a Crocodile And a Sumo Wrestler who must Meet a Forensic Psychologist in An Abandoned Mine Shaft	2006	1	6	2.99	50	17.99	PG	2013-05-26 14:50:58.951	{Trailers,"Deleted Scenes"}	'abandon':23 'awe':5 'awe-inspir':4 'crocodil':10 'forens':19 'hoosier':2 'inspir':6 'meet':17 'mine':24 'must':16 'pilot':1 'psychologist':20 'reflect':7 'shaft':25 'sumo':13 'wrestler':14
680	Pinocchio Simon	A Action-Packed Reflection of a Mad Scientist And a A Shark who must Find a Feminist in California	2006	1	4	4.99	103	21.99	PG	2013-05-26 14:50:58.951	{Commentaries,"Behind the Scenes"}	'action':5 'action-pack':4 'california':22 'feminist':20 'find':18 'mad':10 'must':17 'pack':6 'pinocchio':1 'reflect':7 'scientist':11 'shark':15 'simon':2
681	Pirates Roxanne	A Stunning Drama of a Woman And a Lumberjack who must Overcome a A Shark in The Canadian Rockies	2006	1	4	0.99	100	20.99	PG	2013-05-26 14:50:58.951	{Commentaries,"Deleted Scenes"}	'canadian':20 'drama':5 'lumberjack':11 'must':13 'overcom':14 'pirat':1 'rocki':21 'roxann':2 'shark':17 'stun':4 'woman':8
682	Pittsburgh Hunchback	A Thrilling Epistle of a Boy And a Boat who must Find a Student in Soviet Georgia	2006	1	4	4.99	134	17.99	PG-13	2013-05-26 14:50:58.951	{Trailers,"Deleted Scenes","Behind the Scenes"}	'boat':11 'boy':8 'epistl':5 'find':14 'georgia':19 'hunchback':2 'must':13 'pittsburgh':1 'soviet':18 'student':16 'thrill':4
683	Pity Bound	A Boring Panorama of a Feminist And a Moose who must Defeat a Database Administrator in Nigeria	2006	1	5	4.99	60	19.99	NC-17	2013-05-26 14:50:58.951	{Commentaries}	'administr':17 'bore':4 'bound':2 'databas':16 'defeat':14 'feminist':8 'moos':11 'must':13 'nigeria':19 'panorama':5 'piti':1
684	Pizza Jumanji	A Epic Saga of a Cat And a Squirrel who must Outgun a Robot in A U-Boat	2006	1	4	2.99	173	11.99	NC-17	2013-05-26 14:50:58.951	{Commentaries}	'boat':21 'cat':8 'epic':4 'jumanji':2 'must':13 'outgun':14 'pizza':1 'robot':16 'saga':5 'squirrel':11 'u':20 'u-boat':19
685	Platoon Instinct	A Thrilling Panorama of a Man And a Woman who must Reach a Woman in Australia	2006	1	6	4.99	132	10.99	PG-13	2013-05-26 14:50:58.951	{Trailers,Commentaries}	'australia':18 'instinct':2 'man':8 'must':13 'panorama':5 'platoon':1 'reach':14 'thrill':4 'woman':11,16
686	Pluto Oleander	A Action-Packed Reflection of a Car And a Moose who must Outgun a Car in A Shark Tank	2006	1	5	4.99	84	9.99	R	2013-05-26 14:50:58.951	{"Behind the Scenes"}	'action':5 'action-pack':4 'car':10,18 'moos':13 'must':15 'oleand':2 'outgun':16 'pack':6 'pluto':1 'reflect':7 'shark':21 'tank':22
687	Pocus Pulp	A Intrepid Yarn of a Frisbee And a Dog who must Build a Astronaut in A Baloon Factory	2006	1	6	0.99	138	15.99	NC-17	2013-05-26 14:50:58.951	{Commentaries,"Deleted Scenes","Behind the Scenes"}	'astronaut':16 'baloon':19 'build':14 'dog':11 'factori':20 'frisbe':8 'intrepid':4 'must':13 'pocus':1 'pulp':2 'yarn':5
688	Polish Brooklyn	A Boring Character Study of a Database Administrator And a Lumberjack who must Reach a Madman in The Outback	2006	1	6	0.99	61	12.99	PG	2013-05-26 14:50:58.951	{Trailers,Commentaries,"Deleted Scenes","Behind the Scenes"}	'administr':10 'bore':4 'brooklyn':2 'charact':5 'databas':9 'lumberjack':13 'madman':18 'must':15 'outback':21 'polish':1 'reach':16 'studi':6
689	Pollock Deliverance	A Intrepid Story of a Madman And a Frisbee who must Outgun a Boat in The Sahara Desert	2006	1	5	2.99	137	14.99	PG	2013-05-26 14:50:58.951	{Commentaries}	'boat':16 'deliver':2 'desert':20 'frisbe':11 'intrepid':4 'madman':8 'must':13 'outgun':14 'pollock':1 'sahara':19 'stori':5
690	Pond Seattle	A Stunning Drama of a Teacher And a Boat who must Battle a Feminist in Ancient China	2006	1	7	2.99	185	25.99	PG-13	2013-05-26 14:50:58.951	{Trailers,Commentaries,"Behind the Scenes"}	'ancient':18 'battl':14 'boat':11 'china':19 'drama':5 'feminist':16 'must':13 'pond':1 'seattl':2 'stun':4 'teacher':8
691	Poseidon Forever	A Thoughtful Epistle of a Womanizer And a Monkey who must Vanquish a Dentist in A Monastery	2006	1	6	4.99	159	29.99	PG-13	2013-05-26 14:50:58.951	{Commentaries}	'dentist':16 'epistl':5 'forev':2 'monasteri':19 'monkey':11 'must':13 'poseidon':1 'thought':4 'vanquish':14 'woman':8
692	Potluck Mixed	A Beautiful Story of a Dog And a Technical Writer who must Outgun a Student in A Baloon	2006	1	3	2.99	179	10.99	G	2013-05-26 14:50:58.951	{"Behind the Scenes"}	'baloon':20 'beauti':4 'dog':8 'mix':2 'must':14 'outgun':15 'potluck':1 'stori':5 'student':17 'technic':11 'writer':12
693	Potter Connecticut	A Thrilling Epistle of a Frisbee And a Cat who must Fight a Technical Writer in Berlin	2006	1	5	2.99	115	16.99	PG	2013-05-26 14:50:58.951	{Trailers,Commentaries}	'berlin':19 'cat':11 'connecticut':2 'epistl':5 'fight':14 'frisbe':8 'must':13 'potter':1 'technic':16 'thrill':4 'writer':17
694	Prejudice Oleander	A Epic Saga of a Boy And a Dentist who must Outrace a Madman in A U-Boat	2006	1	6	4.99	98	15.99	PG-13	2013-05-26 14:50:58.951	{Trailers,Commentaries,"Deleted Scenes"}	'boat':21 'boy':8 'dentist':11 'epic':4 'madman':16 'must':13 'oleand':2 'outrac':14 'prejudic':1 'saga':5 'u':20 'u-boat':19
695	President Bang	A Fateful Panorama of a Technical Writer And a Moose who must Battle a Robot in Soviet Georgia	2006	1	6	4.99	144	12.99	PG	2013-05-26 14:50:58.951	{"Behind the Scenes"}	'bang':2 'battl':15 'fate':4 'georgia':20 'moos':12 'must':14 'panorama':5 'presid':1 'robot':17 'soviet':19 'technic':8 'writer':9
696	Pride Alamo	A Thoughtful Drama of a A Shark And a Forensic Psychologist who must Vanquish a Student in Ancient India	2006	1	6	0.99	114	20.99	NC-17	2013-05-26 14:50:58.951	{"Deleted Scenes"}	'alamo':2 'ancient':20 'drama':5 'forens':12 'india':21 'must':15 'pride':1 'psychologist':13 'shark':9 'student':18 'thought':4 'vanquish':16
697	Primary Glass	A Fateful Documentary of a Pastry Chef And a Butler who must Build a Dog in The Canadian Rockies	2006	1	7	0.99	53	16.99	G	2013-05-26 14:50:58.951	{Trailers,"Deleted Scenes","Behind the Scenes"}	'build':15 'butler':12 'canadian':20 'chef':9 'documentari':5 'dog':17 'fate':4 'glass':2 'must':14 'pastri':8 'primari':1 'rocki':21
698	Princess Giant	A Thrilling Yarn of a Pastry Chef And a Monkey who must Battle a Monkey in A Shark Tank	2006	1	3	2.99	71	29.99	NC-17	2013-05-26 14:50:58.951	{Trailers,"Deleted Scenes"}	'battl':15 'chef':9 'giant':2 'monkey':12,17 'must':14 'pastri':8 'princess':1 'shark':20 'tank':21 'thrill':4 'yarn':5
699	Private Drop	A Stunning Story of a Technical Writer And a Hunter who must Succumb a Secret Agent in A Baloon	2006	1	7	4.99	106	26.99	PG	2013-05-26 14:50:58.951	{Trailers}	'agent':18 'baloon':21 'drop':2 'hunter':12 'must':14 'privat':1 'secret':17 'stori':5 'stun':4 'succumb':15 'technic':8 'writer':9
700	Prix Undefeated	A Stunning Saga of a Mad Scientist And a Boat who must Overcome a Dentist in Ancient China	2006	1	4	2.99	115	13.99	R	2013-05-26 14:50:58.951	{Trailers,"Deleted Scenes"}	'ancient':19 'boat':12 'china':20 'dentist':17 'mad':8 'must':14 'overcom':15 'prix':1 'saga':5 'scientist':9 'stun':4 'undef':2
701	Psycho Shrunk	A Amazing Panorama of a Crocodile And a Explorer who must Fight a Husband in Nigeria	2006	1	5	2.99	155	11.99	PG-13	2013-05-26 14:50:58.951	{"Behind the Scenes"}	'amaz':4 'crocodil':8 'explor':11 'fight':14 'husband':16 'must':13 'nigeria':18 'panorama':5 'psycho':1 'shrunk':2
702	Pulp Beverly	A Unbelieveable Display of a Dog And a Crocodile who must Outrace a Man in Nigeria	2006	1	4	2.99	89	12.99	G	2013-05-26 14:50:58.951	{Trailers,"Behind the Scenes"}	'bever':2 'crocodil':11 'display':5 'dog':8 'man':16 'must':13 'nigeria':18 'outrac':14 'pulp':1 'unbeliev':4
703	Punk Divorce	A Fast-Paced Tale of a Pastry Chef And a Boat who must Face a Frisbee in The Canadian Rockies	2006	1	6	4.99	100	18.99	PG	2013-05-26 14:50:58.951	{Trailers,Commentaries,"Deleted Scenes"}	'boat':14 'canadian':22 'chef':11 'divorc':2 'face':17 'fast':5 'fast-pac':4 'frisbe':19 'must':16 'pace':6 'pastri':10 'punk':1 'rocki':23 'tale':7
704	Pure Runner	A Thoughtful Documentary of a Student And a Madman who must Challenge a Squirrel in A Manhattan Penthouse	2006	1	3	2.99	121	25.99	NC-17	2013-05-26 14:50:58.951	{Trailers,"Deleted Scenes"}	'challeng':14 'documentari':5 'madman':11 'manhattan':19 'must':13 'penthous':20 'pure':1 'runner':2 'squirrel':16 'student':8 'thought':4
705	Purple Movie	A Boring Display of a Pastry Chef And a Sumo Wrestler who must Discover a Frisbee in An Abandoned Amusement Park	2006	1	4	2.99	88	9.99	R	2013-05-26 14:50:58.951	{Commentaries,"Deleted Scenes"}	'abandon':21 'amus':22 'bore':4 'chef':9 'discov':16 'display':5 'frisbe':18 'movi':2 'must':15 'park':23 'pastri':8 'purpl':1 'sumo':12 'wrestler':13
706	Queen Luke	A Astounding Story of a Girl And a Boy who must Challenge a Composer in New Orleans	2006	1	5	4.99	163	22.99	PG	2013-05-26 14:50:58.951	{Commentaries,"Deleted Scenes","Behind the Scenes"}	'astound':4 'boy':11 'challeng':14 'compos':16 'girl':8 'luke':2 'must':13 'new':18 'orlean':19 'queen':1 'stori':5
707	Quest Mussolini	A Fateful Drama of a Husband And a Sumo Wrestler who must Battle a Pastry Chef in A Baloon Factory	2006	1	5	2.99	177	29.99	R	2013-05-26 14:50:58.951	{"Behind the Scenes"}	'baloon':21 'battl':15 'chef':18 'drama':5 'factori':22 'fate':4 'husband':8 'mussolini':2 'must':14 'pastri':17 'quest':1 'sumo':11 'wrestler':12
708	Quills Bull	A Thoughtful Story of a Pioneer And a Woman who must Reach a Moose in Australia	2006	1	4	4.99	112	19.99	R	2013-05-26 14:50:58.951	{Trailers,"Behind the Scenes"}	'australia':18 'bull':2 'moos':16 'must':13 'pioneer':8 'quill':1 'reach':14 'stori':5 'thought':4 'woman':11
709	Racer Egg	A Emotional Display of a Monkey And a Waitress who must Reach a Secret Agent in California	2006	1	7	2.99	147	19.99	NC-17	2013-05-26 14:50:58.951	{Trailers,Commentaries,"Deleted Scenes"}	'agent':17 'california':19 'display':5 'egg':2 'emot':4 'monkey':8 'must':13 'racer':1 'reach':14 'secret':16 'waitress':11
710	Rage Games	A Fast-Paced Saga of a Astronaut And a Secret Agent who must Escape a Hunter in An Abandoned Amusement Park	2006	1	4	4.99	120	18.99	R	2013-05-26 14:50:58.951	{Trailers,"Behind the Scenes"}	'abandon':22 'agent':14 'amus':23 'astronaut':10 'escap':17 'fast':5 'fast-pac':4 'game':2 'hunter':19 'must':16 'pace':6 'park':24 'rage':1 'saga':7 'secret':13
711	Raging Airplane	A Astounding Display of a Secret Agent And a Technical Writer who must Escape a Mad Scientist in A Jet Boat	2006	1	4	4.99	154	18.99	R	2013-05-26 14:50:58.951	{Commentaries,"Deleted Scenes"}	'agent':9 'airplan':2 'astound':4 'boat':23 'display':5 'escap':16 'jet':22 'mad':18 'must':15 'rage':1 'scientist':19 'secret':8 'technic':12 'writer':13
712	Raiders Antitrust	A Amazing Drama of a Teacher And a Feminist who must Meet a Woman in The First Manned Space Station	2006	1	4	0.99	82	11.99	PG-13	2013-05-26 14:50:58.951	{"Deleted Scenes"}	'amaz':4 'antitrust':2 'drama':5 'feminist':11 'first':19 'man':20 'meet':14 'must':13 'raider':1 'space':21 'station':22 'teacher':8 'woman':16
713	Rainbow Shock	A Action-Packed Story of a Hunter And a Boy who must Discover a Lumberjack in Ancient India	2006	1	3	4.99	74	14.99	PG	2013-05-26 14:50:58.951	{Trailers,Commentaries,"Deleted Scenes","Behind the Scenes"}	'action':5 'action-pack':4 'ancient':20 'boy':13 'discov':16 'hunter':10 'india':21 'lumberjack':18 'must':15 'pack':6 'rainbow':1 'shock':2 'stori':7
714	Random Go	A Fateful Drama of a Frisbee And a Student who must Confront a Cat in A Shark Tank	2006	1	6	2.99	73	29.99	NC-17	2013-05-26 14:50:58.951	{Trailers}	'cat':16 'confront':14 'drama':5 'fate':4 'frisbe':8 'go':2 'must':13 'random':1 'shark':19 'student':11 'tank':20
715	Range Moonwalker	A Insightful Documentary of a Hunter And a Dentist who must Confront a Crocodile in A Baloon	2006	1	3	4.99	147	25.99	PG	2013-05-26 14:50:58.951	{Trailers,Commentaries,"Deleted Scenes"}	'baloon':19 'confront':14 'crocodil':16 'dentist':11 'documentari':5 'hunter':8 'insight':4 'moonwalk':2 'must':13 'rang':1
716	Reap Unfaithful	A Thrilling Epistle of a Composer And a Sumo Wrestler who must Challenge a Mad Cow in A MySQL Convention	2006	1	6	2.99	136	26.99	PG-13	2013-05-26 14:50:58.951	{Trailers,Commentaries}	'challeng':15 'compos':8 'convent':22 'cow':18 'epistl':5 'mad':17 'must':14 'mysql':21 'reap':1 'sumo':11 'thrill':4 'unfaith':2 'wrestler':12
717	Rear Trading	A Awe-Inspiring Reflection of a Forensic Psychologist And a Secret Agent who must Succumb a Pastry Chef in Soviet Georgia	2006	1	6	0.99	97	23.99	NC-17	2013-05-26 14:50:58.951	{Trailers,Commentaries,"Deleted Scenes"}	'agent':15 'awe':5 'awe-inspir':4 'chef':21 'forens':10 'georgia':24 'inspir':6 'must':17 'pastri':20 'psychologist':11 'rear':1 'reflect':7 'secret':14 'soviet':23 'succumb':18 'trade':2
718	Rebel Airport	A Intrepid Yarn of a Database Administrator And a Boat who must Outrace a Husband in Ancient India	2006	1	7	0.99	73	24.99	G	2013-05-26 14:50:58.951	{Trailers,"Behind the Scenes"}	'administr':9 'airport':2 'ancient':19 'boat':12 'databas':8 'husband':17 'india':20 'intrepid':4 'must':14 'outrac':15 'rebel':1 'yarn':5
719	Records Zorro	A Amazing Drama of a Mad Scientist And a Composer who must Build a Husband in The Outback	2006	1	7	4.99	182	11.99	PG	2013-05-26 14:50:58.951	{"Behind the Scenes"}	'amaz':4 'build':15 'compos':12 'drama':5 'husband':17 'mad':8 'must':14 'outback':20 'record':1 'scientist':9 'zorro':2
720	Redemption Comforts	A Emotional Documentary of a Dentist And a Woman who must Battle a Mad Scientist in Ancient China	2006	1	3	2.99	179	20.99	NC-17	2013-05-26 14:50:58.951	{Trailers,"Deleted Scenes","Behind the Scenes"}	'ancient':19 'battl':14 'china':20 'comfort':2 'dentist':8 'documentari':5 'emot':4 'mad':16 'must':13 'redempt':1 'scientist':17 'woman':11
721	Reds Pocus	A Lacklusture Yarn of a Sumo Wrestler And a Squirrel who must Redeem a Monkey in Soviet Georgia	2006	1	7	4.99	182	23.99	PG-13	2013-05-26 14:50:58.951	{Trailers,"Behind the Scenes"}	'georgia':20 'lacklustur':4 'monkey':17 'must':14 'pocus':2 'red':1 'redeem':15 'soviet':19 'squirrel':12 'sumo':8 'wrestler':9 'yarn':5
722	Reef Salute	A Action-Packed Saga of a Teacher And a Lumberjack who must Battle a Dentist in A Baloon	2006	1	5	0.99	123	26.99	NC-17	2013-05-26 14:50:58.951	{"Behind the Scenes"}	'action':5 'action-pack':4 'baloon':21 'battl':16 'dentist':18 'lumberjack':13 'must':15 'pack':6 'reef':1 'saga':7 'salut':2 'teacher':10
723	Reign Gentlemen	A Emotional Yarn of a Composer And a Man who must Escape a Butler in The Gulf of Mexico	2006	1	3	2.99	82	29.99	PG-13	2013-05-26 14:50:58.951	{"Deleted Scenes","Behind the Scenes"}	'butler':16 'compos':8 'emot':4 'escap':14 'gentlemen':2 'gulf':19 'man':11 'mexico':21 'must':13 'reign':1 'yarn':5
724	Remember Diary	A Insightful Tale of a Technical Writer And a Waitress who must Conquer a Monkey in Ancient India	2006	1	5	2.99	110	15.99	R	2013-05-26 14:50:58.951	{Trailers,Commentaries}	'ancient':19 'conquer':15 'diari':2 'india':20 'insight':4 'monkey':17 'must':14 'rememb':1 'tale':5 'technic':8 'waitress':12 'writer':9
725	Requiem Tycoon	A Unbelieveable Character Study of a Cat And a Database Administrator who must Pursue a Teacher in A Monastery	2006	1	6	4.99	167	25.99	R	2013-05-26 14:50:58.951	{Trailers,Commentaries,"Behind the Scenes"}	'administr':13 'cat':9 'charact':5 'databas':12 'monasteri':21 'must':15 'pursu':16 'requiem':1 'studi':6 'teacher':18 'tycoon':2 'unbeliev':4
726	Reservoir Adaptation	A Intrepid Drama of a Teacher And a Moose who must Kill a Car in California	2006	1	7	2.99	61	29.99	PG-13	2013-05-26 14:50:58.951	{Commentaries}	'adapt':2 'california':18 'car':16 'drama':5 'intrepid':4 'kill':14 'moos':11 'must':13 'reservoir':1 'teacher':8
727	Resurrection Silverado	A Epic Yarn of a Robot And a Explorer who must Challenge a Girl in A MySQL Convention	2006	1	6	0.99	117	12.99	PG	2013-05-26 14:50:58.951	{Trailers,"Deleted Scenes"}	'challeng':14 'convent':20 'epic':4 'explor':11 'girl':16 'must':13 'mysql':19 'resurrect':1 'robot':8 'silverado':2 'yarn':5
728	Reunion Witches	A Unbelieveable Documentary of a Database Administrator And a Frisbee who must Redeem a Mad Scientist in A Baloon Factory	2006	1	3	0.99	63	26.99	R	2013-05-26 14:50:58.951	{Commentaries}	'administr':9 'baloon':21 'databas':8 'documentari':5 'factori':22 'frisbe':12 'mad':17 'must':14 'redeem':15 'reunion':1 'scientist':18 'unbeliev':4 'witch':2
729	Rider Caddyshack	A Taut Reflection of a Monkey And a Womanizer who must Chase a Moose in Nigeria	2006	1	5	2.99	177	28.99	PG	2013-05-26 14:50:58.951	{Commentaries,"Behind the Scenes"}	'caddyshack':2 'chase':14 'monkey':8 'moos':16 'must':13 'nigeria':18 'reflect':5 'rider':1 'taut':4 'woman':11
730	Ridgemont Submarine	A Unbelieveable Drama of a Waitress And a Composer who must Sink a Mad Cow in Ancient Japan	2006	1	3	0.99	46	28.99	PG-13	2013-05-26 14:50:58.951	{Commentaries,"Deleted Scenes","Behind the Scenes"}	'ancient':19 'compos':11 'cow':17 'drama':5 'japan':20 'mad':16 'must':13 'ridgemont':1 'sink':14 'submarin':2 'unbeliev':4 'waitress':8
731	Right Cranes	A Fateful Character Study of a Boat And a Cat who must Find a Database Administrator in A Jet Boat	2006	1	7	4.99	153	29.99	PG-13	2013-05-26 14:50:58.951	{Trailers,Commentaries,"Deleted Scenes"}	'administr':18 'boat':9,22 'cat':12 'charact':5 'crane':2 'databas':17 'fate':4 'find':15 'jet':21 'must':14 'right':1 'studi':6
732	Rings Heartbreakers	A Amazing Yarn of a Sumo Wrestler And a Boat who must Conquer a Waitress in New Orleans	2006	1	5	0.99	58	17.99	G	2013-05-26 14:50:58.951	{Trailers,Commentaries,"Behind the Scenes"}	'amaz':4 'boat':12 'conquer':15 'heartbreak':2 'must':14 'new':19 'orlean':20 'ring':1 'sumo':8 'waitress':17 'wrestler':9 'yarn':5
733	River Outlaw	A Thrilling Character Study of a Squirrel And a Lumberjack who must Face a Hunter in A MySQL Convention	2006	1	4	0.99	149	29.99	PG-13	2013-05-26 14:50:58.951	{Commentaries}	'charact':5 'convent':21 'face':15 'hunter':17 'lumberjack':12 'must':14 'mysql':20 'outlaw':2 'river':1 'squirrel':9 'studi':6 'thrill':4
734	Road Roxanne	A Boring Character Study of a Waitress And a Astronaut who must Fight a Crocodile in Ancient Japan	2006	1	4	4.99	158	12.99	R	2013-05-26 14:50:58.951	{"Behind the Scenes"}	'ancient':19 'astronaut':12 'bore':4 'charact':5 'crocodil':17 'fight':15 'japan':20 'must':14 'road':1 'roxann':2 'studi':6 'waitress':9
735	Robbers Joon	A Thoughtful Story of a Mad Scientist And a Waitress who must Confront a Forensic Psychologist in Soviet Georgia	2006	1	7	2.99	102	26.99	PG-13	2013-05-26 14:50:58.951	{Commentaries}	'confront':15 'forens':17 'georgia':21 'joon':2 'mad':8 'must':14 'psychologist':18 'robber':1 'scientist':9 'soviet':20 'stori':5 'thought':4 'waitress':12
737	Rock Instinct	A Astounding Character Study of a Robot And a Moose who must Overcome a Astronaut in Ancient India	2006	1	4	0.99	102	28.99	G	2013-05-26 14:50:58.951	{Trailers,Commentaries,"Deleted Scenes","Behind the Scenes"}	'ancient':19 'astound':4 'astronaut':17 'charact':5 'india':20 'instinct':2 'moos':12 'must':14 'overcom':15 'robot':9 'rock':1 'studi':6
738	Rocketeer Mother	A Awe-Inspiring Character Study of a Robot And a Sumo Wrestler who must Discover a Womanizer in A Shark Tank	2006	1	3	0.99	178	27.99	PG-13	2013-05-26 14:50:58.951	{"Deleted Scenes","Behind the Scenes"}	'awe':5 'awe-inspir':4 'charact':7 'discov':18 'inspir':6 'mother':2 'must':17 'robot':11 'rocket':1 'shark':23 'studi':8 'sumo':14 'tank':24 'woman':20 'wrestler':15
739	Rocky War	A Fast-Paced Display of a Squirrel And a Explorer who must Outgun a Mad Scientist in Nigeria	2006	1	4	4.99	145	17.99	PG-13	2013-05-26 14:50:58.951	{Trailers,Commentaries,"Behind the Scenes"}	'display':7 'explor':13 'fast':5 'fast-pac':4 'mad':18 'must':15 'nigeria':21 'outgun':16 'pace':6 'rocki':1 'scientist':19 'squirrel':10 'war':2
740	Rollercoaster Bringing	A Beautiful Drama of a Robot And a Lumberjack who must Discover a Technical Writer in A Shark Tank	2006	1	5	2.99	153	13.99	PG-13	2013-05-26 14:50:58.951	{Trailers,Commentaries,"Deleted Scenes"}	'beauti':4 'bring':2 'discov':14 'drama':5 'lumberjack':11 'must':13 'robot':8 'rollercoast':1 'shark':20 'tank':21 'technic':16 'writer':17
741	Roman Punk	A Thoughtful Panorama of a Mad Cow And a Student who must Battle a Forensic Psychologist in Berlin	2006	1	7	0.99	81	28.99	NC-17	2013-05-26 14:50:58.951	{Trailers}	'battl':15 'berlin':20 'cow':9 'forens':17 'mad':8 'must':14 'panorama':5 'psychologist':18 'punk':2 'roman':1 'student':12 'thought':4
742	Roof Champion	A Lacklusture Reflection of a Car And a Explorer who must Find a Monkey in A Baloon	2006	1	7	0.99	101	25.99	R	2013-05-26 14:50:58.951	{"Deleted Scenes","Behind the Scenes"}	'baloon':19 'car':8 'champion':2 'explor':11 'find':14 'lacklustur':4 'monkey':16 'must':13 'reflect':5 'roof':1
743	Room Roman	A Awe-Inspiring Panorama of a Composer And a Secret Agent who must Sink a Composer in A Shark Tank	2006	1	7	0.99	60	27.99	PG	2013-05-26 14:50:58.951	{Trailers,"Deleted Scenes","Behind the Scenes"}	'agent':14 'awe':5 'awe-inspir':4 'compos':10,19 'inspir':6 'must':16 'panorama':7 'roman':2 'room':1 'secret':13 'shark':22 'sink':17 'tank':23
744	Roots Remember	A Brilliant Drama of a Mad Cow And a Hunter who must Escape a Hunter in Berlin	2006	1	4	0.99	89	23.99	PG-13	2013-05-26 14:50:58.951	{Commentaries,"Deleted Scenes","Behind the Scenes"}	'berlin':19 'brilliant':4 'cow':9 'drama':5 'escap':15 'hunter':12,17 'mad':8 'must':14 'rememb':2 'root':1
745	Roses Treasure	A Astounding Panorama of a Monkey And a Secret Agent who must Defeat a Woman in The First Manned Space Station	2006	1	5	4.99	162	23.99	PG-13	2013-05-26 14:50:58.951	{Commentaries,"Deleted Scenes","Behind the Scenes"}	'agent':12 'astound':4 'defeat':15 'first':20 'man':21 'monkey':8 'must':14 'panorama':5 'rose':1 'secret':11 'space':22 'station':23 'treasur':2 'woman':17
746	Rouge Squad	A Awe-Inspiring Drama of a Astronaut And a Frisbee who must Conquer a Mad Scientist in Australia	2006	1	3	0.99	118	10.99	NC-17	2013-05-26 14:50:58.951	{Commentaries,"Deleted Scenes","Behind the Scenes"}	'astronaut':10 'australia':21 'awe':5 'awe-inspir':4 'conquer':16 'drama':7 'frisbe':13 'inspir':6 'mad':18 'must':15 'roug':1 'scientist':19 'squad':2
747	Roxanne Rebel	A Astounding Story of a Pastry Chef And a Database Administrator who must Fight a Man in The Outback	2006	1	5	0.99	171	9.99	R	2013-05-26 14:50:58.951	{"Deleted Scenes","Behind the Scenes"}	'administr':13 'astound':4 'chef':9 'databas':12 'fight':16 'man':18 'must':15 'outback':21 'pastri':8 'rebel':2 'roxann':1 'stori':5
748	Rugrats Shakespeare	A Touching Saga of a Crocodile And a Crocodile who must Discover a Technical Writer in Nigeria	2006	1	4	0.99	109	16.99	PG-13	2013-05-26 14:50:58.951	{Trailers,Commentaries,"Deleted Scenes","Behind the Scenes"}	'crocodil':8,11 'discov':14 'must':13 'nigeria':19 'rugrat':1 'saga':5 'shakespear':2 'technic':16 'touch':4 'writer':17
749	Rules Human	A Beautiful Epistle of a Astronaut And a Student who must Confront a Monkey in An Abandoned Fun House	2006	1	6	4.99	153	19.99	R	2013-05-26 14:50:58.951	{"Deleted Scenes","Behind the Scenes"}	'abandon':19 'astronaut':8 'beauti':4 'confront':14 'epistl':5 'fun':20 'hous':21 'human':2 'monkey':16 'must':13 'rule':1 'student':11
750	Run Pacific	A Touching Tale of a Cat And a Pastry Chef who must Conquer a Pastry Chef in A MySQL Convention	2006	1	3	0.99	145	25.99	R	2013-05-26 14:50:58.951	{Commentaries,"Deleted Scenes","Behind the Scenes"}	'cat':8 'chef':12,18 'conquer':15 'convent':22 'must':14 'mysql':21 'pacif':2 'pastri':11,17 'run':1 'tale':5 'touch':4
751	Runaway Tenenbaums	A Thoughtful Documentary of a Boat And a Man who must Meet a Boat in An Abandoned Fun House	2006	1	6	0.99	181	17.99	NC-17	2013-05-26 14:50:58.951	{Commentaries}	'abandon':19 'boat':8,16 'documentari':5 'fun':20 'hous':21 'man':11 'meet':14 'must':13 'runaway':1 'tenenbaum':2 'thought':4
752	Runner Madigan	A Thoughtful Documentary of a Crocodile And a Robot who must Outrace a Womanizer in The Outback	2006	1	6	0.99	101	27.99	NC-17	2013-05-26 14:50:58.951	{Commentaries,"Deleted Scenes","Behind the Scenes"}	'crocodil':8 'documentari':5 'madigan':2 'must':13 'outback':19 'outrac':14 'robot':11 'runner':1 'thought':4 'woman':16
754	Rushmore Mermaid	A Boring Story of a Woman And a Moose who must Reach a Husband in A Shark Tank	2006	1	6	2.99	150	17.99	PG-13	2013-05-26 14:50:58.951	{Trailers,Commentaries,"Deleted Scenes"}	'bore':4 'husband':16 'mermaid':2 'moos':11 'must':13 'reach':14 'rushmor':1 'shark':19 'stori':5 'tank':20 'woman':8
755	Sabrina Midnight	A Emotional Story of a Squirrel And a Crocodile who must Succumb a Husband in The Sahara Desert	2006	1	5	4.99	99	11.99	PG	2013-05-26 14:50:58.951	{Trailers,"Behind the Scenes"}	'crocodil':11 'desert':20 'emot':4 'husband':16 'midnight':2 'must':13 'sabrina':1 'sahara':19 'squirrel':8 'stori':5 'succumb':14
756	Saddle Antitrust	A Stunning Epistle of a Feminist And a A Shark who must Battle a Woman in An Abandoned Fun House	2006	1	7	2.99	80	10.99	PG-13	2013-05-26 14:50:58.951	{Trailers,"Deleted Scenes"}	'abandon':20 'antitrust':2 'battl':15 'epistl':5 'feminist':8 'fun':21 'hous':22 'must':14 'saddl':1 'shark':12 'stun':4 'woman':17
757	Sagebrush Clueless	A Insightful Story of a Lumberjack And a Hunter who must Kill a Boy in Ancient Japan	2006	1	4	2.99	106	28.99	G	2013-05-26 14:50:58.951	{Trailers}	'ancient':18 'boy':16 'clueless':2 'hunter':11 'insight':4 'japan':19 'kill':14 'lumberjack':8 'must':13 'sagebrush':1 'stori':5
758	Saints Bride	A Fateful Tale of a Technical Writer And a Composer who must Pursue a Explorer in The Gulf of Mexico	2006	1	5	2.99	125	11.99	G	2013-05-26 14:50:58.951	{"Deleted Scenes"}	'bride':2 'compos':12 'explor':17 'fate':4 'gulf':20 'mexico':22 'must':14 'pursu':15 'saint':1 'tale':5 'technic':8 'writer':9
759	Salute Apollo	A Awe-Inspiring Character Study of a Boy And a Feminist who must Sink a Crocodile in Ancient China	2006	1	4	2.99	73	29.99	R	2013-05-26 14:50:58.951	{Trailers,Commentaries,"Deleted Scenes","Behind the Scenes"}	'ancient':21 'apollo':2 'awe':5 'awe-inspir':4 'boy':11 'charact':7 'china':22 'crocodil':19 'feminist':14 'inspir':6 'must':16 'salut':1 'sink':17 'studi':8
760	Samurai Lion	A Fast-Paced Story of a Pioneer And a Astronaut who must Reach a Boat in A Baloon	2006	1	5	2.99	110	21.99	G	2013-05-26 14:50:58.951	{Commentaries}	'astronaut':13 'baloon':21 'boat':18 'fast':5 'fast-pac':4 'lion':2 'must':15 'pace':6 'pioneer':10 'reach':16 'samurai':1 'stori':7
761	Santa Paris	A Emotional Documentary of a Moose And a Car who must Redeem a Mad Cow in A Baloon Factory	2006	1	7	2.99	154	23.99	PG	2013-05-26 14:50:58.951	{Commentaries,"Behind the Scenes"}	'baloon':20 'car':11 'cow':17 'documentari':5 'emot':4 'factori':21 'mad':16 'moos':8 'must':13 'pari':2 'redeem':14 'santa':1
762	Sassy Packer	A Fast-Paced Documentary of a Dog And a Teacher who must Find a Moose in A Manhattan Penthouse	2006	1	6	0.99	154	29.99	G	2013-05-26 14:50:58.951	{"Deleted Scenes","Behind the Scenes"}	'documentari':7 'dog':10 'fast':5 'fast-pac':4 'find':16 'manhattan':21 'moos':18 'must':15 'pace':6 'packer':2 'penthous':22 'sassi':1 'teacher':13
763	Satisfaction Confidential	A Lacklusture Yarn of a Dentist And a Butler who must Meet a Secret Agent in Ancient China	2006	1	3	4.99	75	26.99	G	2013-05-26 14:50:58.951	{Commentaries,"Deleted Scenes","Behind the Scenes"}	'agent':17 'ancient':19 'butler':11 'china':20 'confidenti':2 'dentist':8 'lacklustur':4 'meet':14 'must':13 'satisfact':1 'secret':16 'yarn':5
764	Saturday Lambs	A Thoughtful Reflection of a Mad Scientist And a Moose who must Kill a Husband in A Baloon	2006	1	3	4.99	150	28.99	G	2013-05-26 14:50:58.951	{Commentaries,"Deleted Scenes"}	'baloon':20 'husband':17 'kill':15 'lamb':2 'mad':8 'moos':12 'must':14 'reflect':5 'saturday':1 'scientist':9 'thought':4
765	Saturn Name	A Fateful Epistle of a Butler And a Boy who must Redeem a Teacher in Berlin	2006	1	7	4.99	182	18.99	R	2013-05-26 14:50:58.951	{Trailers,Commentaries,"Deleted Scenes","Behind the Scenes"}	'berlin':18 'boy':11 'butler':8 'epistl':5 'fate':4 'must':13 'name':2 'redeem':14 'saturn':1 'teacher':16
766	Savannah Town	A Awe-Inspiring Tale of a Astronaut And a Database Administrator who must Chase a Secret Agent in The Gulf of Mexico	2006	1	5	0.99	84	25.99	PG-13	2013-05-26 14:50:58.951	{Commentaries,"Deleted Scenes","Behind the Scenes"}	'administr':14 'agent':20 'astronaut':10 'awe':5 'awe-inspir':4 'chase':17 'databas':13 'gulf':23 'inspir':6 'mexico':25 'must':16 'savannah':1 'secret':19 'tale':7 'town':2
767	Scalawag Duck	A Fateful Reflection of a Car And a Teacher who must Confront a Waitress in A Monastery	2006	1	6	4.99	183	13.99	NC-17	2013-05-26 14:50:58.951	{Commentaries,"Behind the Scenes"}	'car':8 'confront':14 'duck':2 'fate':4 'monasteri':19 'must':13 'reflect':5 'scalawag':1 'teacher':11 'waitress':16
768	Scarface Bang	A Emotional Yarn of a Teacher And a Girl who must Find a Teacher in A Baloon Factory	2006	1	3	4.99	102	11.99	PG-13	2013-05-26 14:50:58.951	{Commentaries,"Deleted Scenes"}	'baloon':19 'bang':2 'emot':4 'factori':20 'find':14 'girl':11 'must':13 'scarfac':1 'teacher':8,16 'yarn':5
769	School Jacket	A Intrepid Yarn of a Monkey And a Boy who must Fight a Composer in A Manhattan Penthouse	2006	1	5	4.99	151	21.99	PG-13	2013-05-26 14:50:58.951	{Trailers}	'boy':11 'compos':16 'fight':14 'intrepid':4 'jacket':2 'manhattan':19 'monkey':8 'must':13 'penthous':20 'school':1 'yarn':5
770	Scissorhands Slums	A Awe-Inspiring Drama of a Girl And a Technical Writer who must Meet a Feminist in The Canadian Rockies	2006	1	5	2.99	147	13.99	G	2013-05-26 14:50:58.951	{Commentaries,"Deleted Scenes","Behind the Scenes"}	'awe':5 'awe-inspir':4 'canadian':22 'drama':7 'feminist':19 'girl':10 'inspir':6 'meet':17 'must':16 'rocki':23 'scissorhand':1 'slum':2 'technic':13 'writer':14
788	Ship Wonderland	A Thrilling Saga of a Monkey And a Frisbee who must Escape a Explorer in The Outback	2006	1	5	2.99	104	15.99	R	2013-05-26 14:50:58.951	{Commentaries}	'escap':14 'explor':16 'frisbe':11 'monkey':8 'must':13 'outback':19 'saga':5 'ship':1 'thrill':4 'wonderland':2
771	Scorpion Apollo	A Awe-Inspiring Documentary of a Technical Writer And a Husband who must Meet a Monkey in An Abandoned Fun House	2006	1	3	4.99	137	23.99	NC-17	2013-05-26 14:50:58.951	{Commentaries,"Deleted Scenes"}	'abandon':22 'apollo':2 'awe':5 'awe-inspir':4 'documentari':7 'fun':23 'hous':24 'husband':14 'inspir':6 'meet':17 'monkey':19 'must':16 'scorpion':1 'technic':10 'writer':11
772	Sea Virgin	A Fast-Paced Documentary of a Technical Writer And a Pastry Chef who must Escape a Moose in A U-Boat	2006	1	4	2.99	80	24.99	PG	2013-05-26 14:50:58.951	{"Deleted Scenes"}	'boat':25 'chef':15 'documentari':7 'escap':18 'fast':5 'fast-pac':4 'moos':20 'must':17 'pace':6 'pastri':14 'sea':1 'technic':10 'u':24 'u-boat':23 'virgin':2 'writer':11
773	Seabiscuit Punk	A Insightful Saga of a Man And a Forensic Psychologist who must Discover a Mad Cow in A MySQL Convention	2006	1	6	2.99	112	28.99	NC-17	2013-05-26 14:50:58.951	{Commentaries,"Deleted Scenes","Behind the Scenes"}	'convent':22 'cow':18 'discov':15 'forens':11 'insight':4 'mad':17 'man':8 'must':14 'mysql':21 'psychologist':12 'punk':2 'saga':5 'seabiscuit':1
774	Searchers Wait	A Fast-Paced Tale of a Car And a Mad Scientist who must Kill a Womanizer in Ancient Japan	2006	1	3	2.99	182	22.99	NC-17	2013-05-26 14:50:58.951	{Trailers,Commentaries,"Deleted Scenes","Behind the Scenes"}	'ancient':21 'car':10 'fast':5 'fast-pac':4 'japan':22 'kill':17 'mad':13 'must':16 'pace':6 'scientist':14 'searcher':1 'tale':7 'wait':2 'woman':19
775	Seattle Expecations	A Insightful Reflection of a Crocodile And a Sumo Wrestler who must Meet a Technical Writer in The Sahara Desert	2006	1	4	4.99	110	18.99	PG-13	2013-05-26 14:50:58.951	{Trailers}	'crocodil':8 'desert':22 'expec':2 'insight':4 'meet':15 'must':14 'reflect':5 'sahara':21 'seattl':1 'sumo':11 'technic':17 'wrestler':12 'writer':18
776	Secret Groundhog	A Astounding Story of a Cat And a Database Administrator who must Build a Technical Writer in New Orleans	2006	1	6	4.99	90	11.99	PG	2013-05-26 14:50:58.951	{Commentaries,"Deleted Scenes"}	'administr':12 'astound':4 'build':15 'cat':8 'databas':11 'groundhog':2 'must':14 'new':20 'orlean':21 'secret':1 'stori':5 'technic':17 'writer':18
777	Secretary Rouge	A Action-Packed Panorama of a Mad Cow And a Composer who must Discover a Robot in A Baloon Factory	2006	1	5	4.99	158	10.99	PG	2013-05-26 14:50:58.951	{Commentaries,"Behind the Scenes"}	'action':5 'action-pack':4 'baloon':22 'compos':14 'cow':11 'discov':17 'factori':23 'mad':10 'must':16 'pack':6 'panorama':7 'robot':19 'roug':2 'secretari':1
778	Secrets Paradise	A Fateful Saga of a Cat And a Frisbee who must Kill a Girl in A Manhattan Penthouse	2006	1	3	4.99	109	24.99	G	2013-05-26 14:50:58.951	{Trailers,Commentaries}	'cat':8 'fate':4 'frisbe':11 'girl':16 'kill':14 'manhattan':19 'must':13 'paradis':2 'penthous':20 'saga':5 'secret':1
779	Sense Greek	A Taut Saga of a Lumberjack And a Pastry Chef who must Escape a Sumo Wrestler in An Abandoned Fun House	2006	1	4	4.99	54	23.99	R	2013-05-26 14:50:58.951	{"Deleted Scenes","Behind the Scenes"}	'abandon':21 'chef':12 'escap':15 'fun':22 'greek':2 'hous':23 'lumberjack':8 'must':14 'pastri':11 'saga':5 'sens':1 'sumo':17 'taut':4 'wrestler':18
780	Sensibility Rear	A Emotional Tale of a Robot And a Sumo Wrestler who must Redeem a Pastry Chef in A Baloon Factory	2006	1	7	4.99	98	15.99	PG	2013-05-26 14:50:58.951	{"Behind the Scenes"}	'baloon':21 'chef':18 'emot':4 'factori':22 'must':14 'pastri':17 'rear':2 'redeem':15 'robot':8 'sensibl':1 'sumo':11 'tale':5 'wrestler':12
781	Seven Swarm	A Unbelieveable Character Study of a Dog And a Mad Cow who must Kill a Monkey in Berlin	2006	1	4	4.99	127	15.99	R	2013-05-26 14:50:58.951	{"Deleted Scenes"}	'berlin':20 'charact':5 'cow':13 'dog':9 'kill':16 'mad':12 'monkey':18 'must':15 'seven':1 'studi':6 'swarm':2 'unbeliev':4
782	Shakespeare Saddle	A Fast-Paced Panorama of a Lumberjack And a Database Administrator who must Defeat a Madman in A MySQL Convention	2006	1	6	2.99	60	26.99	PG-13	2013-05-26 14:50:58.951	{Commentaries,"Behind the Scenes"}	'administr':14 'convent':23 'databas':13 'defeat':17 'fast':5 'fast-pac':4 'lumberjack':10 'madman':19 'must':16 'mysql':22 'pace':6 'panorama':7 'saddl':2 'shakespear':1
783	Shane Darkness	A Action-Packed Saga of a Moose And a Lumberjack who must Find a Woman in Berlin	2006	1	5	2.99	93	22.99	PG	2013-05-26 14:50:58.951	{Commentaries,"Deleted Scenes"}	'action':5 'action-pack':4 'berlin':20 'dark':2 'find':16 'lumberjack':13 'moos':10 'must':15 'pack':6 'saga':7 'shane':1 'woman':18
784	Shanghai Tycoon	A Fast-Paced Character Study of a Crocodile And a Lumberjack who must Build a Husband in An Abandoned Fun House	2006	1	7	2.99	47	20.99	PG	2013-05-26 14:50:58.951	{Commentaries,"Deleted Scenes","Behind the Scenes"}	'abandon':22 'build':17 'charact':7 'crocodil':11 'fast':5 'fast-pac':4 'fun':23 'hous':24 'husband':19 'lumberjack':14 'must':16 'pace':6 'shanghai':1 'studi':8 'tycoon':2
785	Shawshank Bubble	A Lacklusture Story of a Moose And a Monkey who must Confront a Butler in An Abandoned Amusement Park	2006	1	6	4.99	80	20.99	PG	2013-05-26 14:50:58.951	{Commentaries,"Deleted Scenes"}	'abandon':19 'amus':20 'bubbl':2 'butler':16 'confront':14 'lacklustur':4 'monkey':11 'moos':8 'must':13 'park':21 'shawshank':1 'stori':5
786	Shepherd Midsummer	A Thoughtful Drama of a Robot And a Womanizer who must Kill a Lumberjack in A Baloon	2006	1	7	0.99	113	14.99	R	2013-05-26 14:50:58.951	{"Deleted Scenes"}	'baloon':19 'drama':5 'kill':14 'lumberjack':16 'midsumm':2 'must':13 'robot':8 'shepherd':1 'thought':4 'woman':11
787	Shining Roses	A Awe-Inspiring Character Study of a Astronaut And a Forensic Psychologist who must Challenge a Madman in Ancient India	2006	1	4	0.99	125	12.99	G	2013-05-26 14:50:58.951	{Trailers,Commentaries,"Deleted Scenes","Behind the Scenes"}	'ancient':22 'astronaut':11 'awe':5 'awe-inspir':4 'challeng':18 'charact':7 'forens':14 'india':23 'inspir':6 'madman':20 'must':17 'psychologist':15 'rose':2 'shine':1 'studi':8
789	Shock Cabin	A Fateful Tale of a Mad Cow And a Crocodile who must Meet a Husband in New Orleans	2006	1	7	2.99	79	15.99	PG-13	2013-05-26 14:50:58.951	{Trailers,Commentaries,"Behind the Scenes"}	'cabin':2 'cow':9 'crocodil':12 'fate':4 'husband':17 'mad':8 'meet':15 'must':14 'new':19 'orlean':20 'shock':1 'tale':5
790	Shootist Superfly	A Fast-Paced Story of a Crocodile And a A Shark who must Sink a Pioneer in Berlin	2006	1	6	0.99	67	22.99	PG-13	2013-05-26 14:50:58.951	{Trailers}	'berlin':21 'crocodil':10 'fast':5 'fast-pac':4 'must':16 'pace':6 'pioneer':19 'shark':14 'shootist':1 'sink':17 'stori':7 'superfli':2
791	Show Lord	A Fanciful Saga of a Student And a Girl who must Find a Butler in Ancient Japan	2006	1	3	4.99	167	24.99	PG-13	2013-05-26 14:50:58.951	{"Deleted Scenes"}	'ancient':18 'butler':16 'fanci':4 'find':14 'girl':11 'japan':19 'lord':2 'must':13 'saga':5 'show':1 'student':8
792	Shrek License	A Fateful Yarn of a Secret Agent And a Feminist who must Find a Feminist in A Jet Boat	2006	1	7	2.99	154	15.99	PG-13	2013-05-26 14:50:58.951	{Commentaries}	'agent':9 'boat':21 'fate':4 'feminist':12,17 'find':15 'jet':20 'licens':2 'must':14 'secret':8 'shrek':1 'yarn':5
793	Shrunk Divine	A Fateful Character Study of a Waitress And a Technical Writer who must Battle a Hunter in A Baloon	2006	1	6	2.99	139	14.99	R	2013-05-26 14:50:58.951	{Trailers,"Deleted Scenes","Behind the Scenes"}	'baloon':21 'battl':16 'charact':5 'divin':2 'fate':4 'hunter':18 'must':15 'shrunk':1 'studi':6 'technic':12 'waitress':9 'writer':13
794	Side Ark	A Stunning Panorama of a Crocodile And a Womanizer who must Meet a Feminist in The Canadian Rockies	2006	1	5	0.99	52	28.99	G	2013-05-26 14:50:58.951	{"Deleted Scenes","Behind the Scenes"}	'ark':2 'canadian':19 'crocodil':8 'feminist':16 'meet':14 'must':13 'panorama':5 'rocki':20 'side':1 'stun':4 'woman':11
795	Siege Madre	A Boring Tale of a Frisbee And a Crocodile who must Vanquish a Moose in An Abandoned Mine Shaft	2006	1	7	0.99	111	23.99	R	2013-05-26 14:50:58.951	{Trailers,"Deleted Scenes"}	'abandon':19 'bore':4 'crocodil':11 'frisbe':8 'madr':2 'mine':20 'moos':16 'must':13 'shaft':21 'sieg':1 'tale':5 'vanquish':14
796	Sierra Divide	A Emotional Character Study of a Frisbee And a Mad Scientist who must Build a Madman in California	2006	1	3	0.99	135	12.99	NC-17	2013-05-26 14:50:58.951	{Commentaries,"Deleted Scenes"}	'build':16 'california':20 'charact':5 'divid':2 'emot':4 'frisbe':9 'mad':12 'madman':18 'must':15 'scientist':13 'sierra':1 'studi':6
797	Silence Kane	A Emotional Drama of a Sumo Wrestler And a Dentist who must Confront a Sumo Wrestler in A Baloon	2006	1	7	0.99	67	23.99	R	2013-05-26 14:50:58.951	{Trailers,"Deleted Scenes","Behind the Scenes"}	'baloon':21 'confront':15 'dentist':12 'drama':5 'emot':4 'kane':2 'must':14 'silenc':1 'sumo':8,17 'wrestler':9,18
798	Silverado Goldfinger	A Stunning Epistle of a Sumo Wrestler And a Man who must Challenge a Waitress in Ancient India	2006	1	4	4.99	74	11.99	PG	2013-05-26 14:50:58.951	{Trailers,Commentaries}	'ancient':19 'challeng':15 'epistl':5 'goldfing':2 'india':20 'man':12 'must':14 'silverado':1 'stun':4 'sumo':8 'waitress':17 'wrestler':9
799	Simon North	A Thrilling Documentary of a Technical Writer And a A Shark who must Face a Pioneer in A Shark Tank	2006	1	3	0.99	51	26.99	NC-17	2013-05-26 14:50:58.951	{Trailers,Commentaries}	'documentari':5 'face':16 'must':15 'north':2 'pioneer':18 'shark':13,21 'simon':1 'tank':22 'technic':8 'thrill':4 'writer':9
800	Sinners Atlantis	A Epic Display of a Dog And a Boat who must Succumb a Mad Scientist in An Abandoned Mine Shaft	2006	1	7	2.99	126	19.99	PG-13	2013-05-26 14:50:58.951	{Trailers,Commentaries,"Deleted Scenes"}	'abandon':20 'atlanti':2 'boat':11 'display':5 'dog':8 'epic':4 'mad':16 'mine':21 'must':13 'scientist':17 'shaft':22 'sinner':1 'succumb':14
801	Sister Freddy	A Stunning Saga of a Butler And a Woman who must Pursue a Explorer in Australia	2006	1	5	4.99	152	19.99	PG-13	2013-05-26 14:50:58.951	{Trailers,"Behind the Scenes"}	'australia':18 'butler':8 'explor':16 'freddi':2 'must':13 'pursu':14 'saga':5 'sister':1 'stun':4 'woman':11
802	Sky Miracle	A Epic Drama of a Mad Scientist And a Explorer who must Succumb a Waitress in An Abandoned Fun House	2006	1	7	2.99	132	15.99	PG	2013-05-26 14:50:58.951	{Trailers,Commentaries,"Deleted Scenes"}	'abandon':20 'drama':5 'epic':4 'explor':12 'fun':21 'hous':22 'mad':8 'miracl':2 'must':14 'scientist':9 'sky':1 'succumb':15 'waitress':17
803	Slacker Liaisons	A Fast-Paced Tale of a A Shark And a Student who must Meet a Crocodile in Ancient China	2006	1	7	4.99	179	29.99	R	2013-05-26 14:50:58.951	{Trailers,Commentaries,"Behind the Scenes"}	'ancient':21 'china':22 'crocodil':19 'fast':5 'fast-pac':4 'liaison':2 'meet':17 'must':16 'pace':6 'shark':11 'slacker':1 'student':14 'tale':7
804	Sleeping Suspects	A Stunning Reflection of a Sumo Wrestler And a Explorer who must Sink a Frisbee in A MySQL Convention	2006	1	7	4.99	129	13.99	PG-13	2013-05-26 14:50:58.951	{Trailers,Commentaries}	'convent':21 'explor':12 'frisbe':17 'must':14 'mysql':20 'reflect':5 'sink':15 'sleep':1 'stun':4 'sumo':8 'suspect':2 'wrestler':9
805	Sleepless Monsoon	A Amazing Saga of a Moose And a Pastry Chef who must Escape a Butler in Australia	2006	1	5	4.99	64	12.99	G	2013-05-26 14:50:58.951	{Trailers,"Deleted Scenes","Behind the Scenes"}	'amaz':4 'australia':19 'butler':17 'chef':12 'escap':15 'monsoon':2 'moos':8 'must':14 'pastri':11 'saga':5 'sleepless':1
806	Sleepy Japanese	A Emotional Epistle of a Moose And a Composer who must Fight a Technical Writer in The Outback	2006	1	4	2.99	137	25.99	PG	2013-05-26 14:50:58.951	{Trailers,Commentaries,"Deleted Scenes"}	'compos':11 'emot':4 'epistl':5 'fight':14 'japanes':2 'moos':8 'must':13 'outback':20 'sleepi':1 'technic':16 'writer':17
807	Sleuth Orient	A Fateful Character Study of a Husband And a Dog who must Find a Feminist in Ancient India	2006	1	4	0.99	87	25.99	NC-17	2013-05-26 14:50:58.951	{"Deleted Scenes","Behind the Scenes"}	'ancient':19 'charact':5 'dog':12 'fate':4 'feminist':17 'find':15 'husband':9 'india':20 'must':14 'orient':2 'sleuth':1 'studi':6
808	Sling Luke	A Intrepid Character Study of a Robot And a Monkey who must Reach a Secret Agent in An Abandoned Amusement Park	2006	1	5	0.99	84	10.99	R	2013-05-26 14:50:58.951	{"Behind the Scenes"}	'abandon':21 'agent':18 'amus':22 'charact':5 'intrepid':4 'luke':2 'monkey':12 'must':14 'park':23 'reach':15 'robot':9 'secret':17 'sling':1 'studi':6
809	Slipper Fidelity	A Taut Reflection of a Secret Agent And a Man who must Redeem a Explorer in A MySQL Convention	2006	1	5	0.99	156	14.99	PG-13	2013-05-26 14:50:58.951	{Trailers,"Deleted Scenes"}	'agent':9 'convent':21 'explor':17 'fidel':2 'man':12 'must':14 'mysql':20 'redeem':15 'reflect':5 'secret':8 'slipper':1 'taut':4
810	Slums Duck	A Amazing Character Study of a Teacher And a Database Administrator who must Defeat a Waitress in A Jet Boat	2006	1	5	0.99	147	21.99	PG	2013-05-26 14:50:58.951	{Commentaries,"Deleted Scenes","Behind the Scenes"}	'administr':13 'amaz':4 'boat':22 'charact':5 'databas':12 'defeat':16 'duck':2 'jet':21 'must':15 'slum':1 'studi':6 'teacher':9 'waitress':18
811	Smile Earring	A Intrepid Drama of a Teacher And a Butler who must Build a Pastry Chef in Berlin	2006	1	4	2.99	60	29.99	G	2013-05-26 14:50:58.951	{Commentaries,"Behind the Scenes"}	'berlin':19 'build':14 'butler':11 'chef':17 'drama':5 'earring':2 'intrepid':4 'must':13 'pastri':16 'smile':1 'teacher':8
812	Smoking Barbarella	A Lacklusture Saga of a Mad Cow And a Mad Scientist who must Sink a Cat in A MySQL Convention	2006	1	7	0.99	50	13.99	PG-13	2013-05-26 14:50:58.951	{"Behind the Scenes"}	'barbarella':2 'cat':18 'convent':22 'cow':9 'lacklustur':4 'mad':8,12 'must':15 'mysql':21 'saga':5 'scientist':13 'sink':16 'smoke':1
813	Smoochy Control	A Thrilling Documentary of a Husband And a Feminist who must Face a Mad Scientist in Ancient China	2006	1	7	0.99	184	18.99	R	2013-05-26 14:50:58.951	{"Behind the Scenes"}	'ancient':19 'china':20 'control':2 'documentari':5 'face':14 'feminist':11 'husband':8 'mad':16 'must':13 'scientist':17 'smoochi':1 'thrill':4
814	Snatch Slipper	A Insightful Panorama of a Woman And a Feminist who must Defeat a Forensic Psychologist in Berlin	2006	1	6	4.99	110	15.99	PG	2013-05-26 14:50:58.951	{Commentaries}	'berlin':19 'defeat':14 'feminist':11 'forens':16 'insight':4 'must':13 'panorama':5 'psychologist':17 'slipper':2 'snatch':1 'woman':8
815	Snatchers Montezuma	A Boring Epistle of a Sumo Wrestler And a Woman who must Escape a Man in The Canadian Rockies	2006	1	4	2.99	74	14.99	PG-13	2013-05-26 14:50:58.951	{Commentaries}	'bore':4 'canadian':20 'epistl':5 'escap':15 'man':17 'montezuma':2 'must':14 'rocki':21 'snatcher':1 'sumo':8 'woman':12 'wrestler':9
816	Snowman Rollercoaster	A Fateful Display of a Lumberjack And a Girl who must Succumb a Mad Cow in A Manhattan Penthouse	2006	1	3	0.99	62	27.99	G	2013-05-26 14:50:58.951	{Trailers}	'cow':17 'display':5 'fate':4 'girl':11 'lumberjack':8 'mad':16 'manhattan':20 'must':13 'penthous':21 'rollercoast':2 'snowman':1 'succumb':14
817	Soldiers Evolution	A Lacklusture Panorama of a A Shark And a Pioneer who must Confront a Student in The First Manned Space Station	2006	1	7	4.99	185	27.99	R	2013-05-26 14:50:58.951	{Trailers,Commentaries,"Deleted Scenes","Behind the Scenes"}	'confront':15 'evolut':2 'first':20 'lacklustur':4 'man':21 'must':14 'panorama':5 'pioneer':12 'shark':9 'soldier':1 'space':22 'station':23 'student':17
818	Something Duck	A Boring Character Study of a Car And a Husband who must Outgun a Frisbee in The First Manned Space Station	2006	1	4	4.99	180	17.99	NC-17	2013-05-26 14:50:58.951	{Commentaries,"Behind the Scenes"}	'bore':4 'car':9 'charact':5 'duck':2 'first':20 'frisbe':17 'husband':12 'man':21 'must':14 'outgun':15 'someth':1 'space':22 'station':23 'studi':6
819	Song Hedwig	A Amazing Documentary of a Man And a Husband who must Confront a Squirrel in A MySQL Convention	2006	1	3	0.99	165	29.99	PG-13	2013-05-26 14:50:58.951	{Trailers,"Deleted Scenes"}	'amaz':4 'confront':14 'convent':20 'documentari':5 'hedwig':2 'husband':11 'man':8 'must':13 'mysql':19 'song':1 'squirrel':16
820	Sons Interview	A Taut Character Study of a Explorer And a Mad Cow who must Battle a Hunter in Ancient China	2006	1	3	2.99	184	11.99	NC-17	2013-05-26 14:50:58.951	{Commentaries,"Behind the Scenes"}	'ancient':20 'battl':16 'charact':5 'china':21 'cow':13 'explor':9 'hunter':18 'interview':2 'mad':12 'must':15 'son':1 'studi':6 'taut':4
821	Sorority Queen	A Fast-Paced Display of a Squirrel And a Composer who must Fight a Forensic Psychologist in A Jet Boat	2006	1	6	0.99	184	17.99	NC-17	2013-05-26 14:50:58.951	{Trailers,"Deleted Scenes"}	'boat':23 'compos':13 'display':7 'fast':5 'fast-pac':4 'fight':16 'forens':18 'jet':22 'must':15 'pace':6 'psychologist':19 'queen':2 'soror':1 'squirrel':10
822	Soup Wisdom	A Fast-Paced Display of a Robot And a Butler who must Defeat a Butler in A MySQL Convention	2006	1	6	0.99	169	12.99	R	2013-05-26 14:50:58.951	{"Behind the Scenes"}	'butler':13,18 'convent':22 'defeat':16 'display':7 'fast':5 'fast-pac':4 'must':15 'mysql':21 'pace':6 'robot':10 'soup':1 'wisdom':2
823	South Wait	A Amazing Documentary of a Car And a Robot who must Escape a Lumberjack in An Abandoned Amusement Park	2006	1	4	2.99	143	21.99	R	2013-05-26 14:50:58.951	{Commentaries,"Behind the Scenes"}	'abandon':19 'amaz':4 'amus':20 'car':8 'documentari':5 'escap':14 'lumberjack':16 'must':13 'park':21 'robot':11 'south':1 'wait':2
824	Spartacus Cheaper	A Thrilling Panorama of a Pastry Chef And a Secret Agent who must Overcome a Student in A Manhattan Penthouse	2006	1	4	4.99	52	19.99	NC-17	2013-05-26 14:50:58.951	{"Deleted Scenes","Behind the Scenes"}	'agent':13 'cheaper':2 'chef':9 'manhattan':21 'must':15 'overcom':16 'panorama':5 'pastri':8 'penthous':22 'secret':12 'spartacus':1 'student':18 'thrill':4
825	Speakeasy Date	A Lacklusture Drama of a Forensic Psychologist And a Car who must Redeem a Man in A Manhattan Penthouse	2006	1	6	2.99	165	22.99	PG-13	2013-05-26 14:50:58.951	{"Deleted Scenes","Behind the Scenes"}	'car':12 'date':2 'drama':5 'forens':8 'lacklustur':4 'man':17 'manhattan':20 'must':14 'penthous':21 'psychologist':9 'redeem':15 'speakeasi':1
826	Speed Suit	A Brilliant Display of a Frisbee And a Mad Scientist who must Succumb a Robot in Ancient China	2006	1	7	4.99	124	19.99	PG-13	2013-05-26 14:50:58.951	{Commentaries,"Behind the Scenes"}	'ancient':19 'brilliant':4 'china':20 'display':5 'frisbe':8 'mad':11 'must':14 'robot':17 'scientist':12 'speed':1 'succumb':15 'suit':2
827	Spice Sorority	A Fateful Display of a Pioneer And a Hunter who must Defeat a Husband in An Abandoned Mine Shaft	2006	1	5	4.99	141	22.99	NC-17	2013-05-26 14:50:58.951	{Trailers,Commentaries,"Deleted Scenes","Behind the Scenes"}	'abandon':19 'defeat':14 'display':5 'fate':4 'hunter':11 'husband':16 'mine':20 'must':13 'pioneer':8 'shaft':21 'soror':2 'spice':1
828	Spiking Element	A Lacklusture Epistle of a Dentist And a Technical Writer who must Find a Dog in A Monastery	2006	1	7	2.99	79	12.99	G	2013-05-26 14:50:58.951	{Trailers,"Deleted Scenes","Behind the Scenes"}	'dentist':8 'dog':17 'element':2 'epistl':5 'find':15 'lacklustur':4 'monasteri':20 'must':14 'spike':1 'technic':11 'writer':12
829	Spinal Rocky	A Lacklusture Epistle of a Sumo Wrestler And a Squirrel who must Defeat a Explorer in California	2006	1	7	2.99	138	12.99	PG-13	2013-05-26 14:50:58.951	{Commentaries,"Deleted Scenes"}	'california':19 'defeat':15 'epistl':5 'explor':17 'lacklustur':4 'must':14 'rocki':2 'spinal':1 'squirrel':12 'sumo':8 'wrestler':9
830	Spirit Flintstones	A Brilliant Yarn of a Cat And a Car who must Confront a Explorer in Ancient Japan	2006	1	7	0.99	149	23.99	R	2013-05-26 14:50:58.951	{Commentaries,"Deleted Scenes"}	'ancient':18 'brilliant':4 'car':11 'cat':8 'confront':14 'explor':16 'flintston':2 'japan':19 'must':13 'spirit':1 'yarn':5
831	Spirited Casualties	A Taut Story of a Waitress And a Man who must Face a Car in A Baloon Factory	2006	1	5	0.99	138	20.99	PG-13	2013-05-26 14:50:58.951	{Commentaries,"Behind the Scenes"}	'baloon':19 'car':16 'casualti':2 'face':14 'factori':20 'man':11 'must':13 'spirit':1 'stori':5 'taut':4 'waitress':8
832	Splash Gump	A Taut Saga of a Crocodile And a Boat who must Conquer a Hunter in A Shark Tank	2006	1	5	0.99	175	16.99	PG	2013-05-26 14:50:58.951	{Trailers,Commentaries,"Deleted Scenes","Behind the Scenes"}	'boat':11 'conquer':14 'crocodil':8 'gump':2 'hunter':16 'must':13 'saga':5 'shark':19 'splash':1 'tank':20 'taut':4
833	Splendor Patton	A Taut Story of a Dog And a Explorer who must Find a Astronaut in Berlin	2006	1	5	0.99	134	20.99	R	2013-05-26 14:50:58.951	{Trailers,Commentaries,"Deleted Scenes","Behind the Scenes"}	'astronaut':16 'berlin':18 'dog':8 'explor':11 'find':14 'must':13 'patton':2 'splendor':1 'stori':5 'taut':4
834	Spoilers Hellfighters	A Fanciful Story of a Technical Writer And a Squirrel who must Defeat a Dog in The Gulf of Mexico	2006	1	4	0.99	151	26.99	G	2013-05-26 14:50:58.951	{Trailers,Commentaries,"Deleted Scenes","Behind the Scenes"}	'defeat':15 'dog':17 'fanci':4 'gulf':20 'hellfight':2 'mexico':22 'must':14 'spoiler':1 'squirrel':12 'stori':5 'technic':8 'writer':9
835	Spy Mile	A Thrilling Documentary of a Feminist And a Feminist who must Confront a Feminist in A Baloon	2006	1	6	2.99	112	13.99	PG-13	2013-05-26 14:50:58.951	{Trailers,Commentaries,"Deleted Scenes","Behind the Scenes"}	'baloon':19 'confront':14 'documentari':5 'feminist':8,11,16 'mile':2 'must':13 'spi':1 'thrill':4
836	Squad Fish	A Fast-Paced Display of a Pastry Chef And a Dog who must Kill a Teacher in Berlin	2006	1	3	2.99	136	14.99	PG	2013-05-26 14:50:58.951	{Commentaries,"Deleted Scenes","Behind the Scenes"}	'berlin':21 'chef':11 'display':7 'dog':14 'fast':5 'fast-pac':4 'fish':2 'kill':17 'must':16 'pace':6 'pastri':10 'squad':1 'teacher':19
837	Stage World	A Lacklusture Panorama of a Woman And a Frisbee who must Chase a Crocodile in A Jet Boat	2006	1	4	2.99	85	19.99	PG	2013-05-26 14:50:58.951	{Commentaries,"Behind the Scenes"}	'boat':20 'chase':14 'crocodil':16 'frisbe':11 'jet':19 'lacklustur':4 'must':13 'panorama':5 'stage':1 'woman':8 'world':2
838	Stagecoach Armageddon	A Touching Display of a Pioneer And a Butler who must Chase a Car in California	2006	1	5	4.99	112	25.99	R	2013-05-26 14:50:58.951	{Trailers,"Deleted Scenes"}	'armageddon':2 'butler':11 'california':18 'car':16 'chase':14 'display':5 'must':13 'pioneer':8 'stagecoach':1 'touch':4
839	Stallion Sundance	A Fast-Paced Tale of a Car And a Dog who must Outgun a A Shark in Australia	2006	1	5	0.99	130	23.99	PG-13	2013-05-26 14:50:58.951	{"Deleted Scenes","Behind the Scenes"}	'australia':21 'car':10 'dog':13 'fast':5 'fast-pac':4 'must':15 'outgun':16 'pace':6 'shark':19 'stallion':1 'sundanc':2 'tale':7
840	Stampede Disturbing	A Unbelieveable Tale of a Woman And a Lumberjack who must Fight a Frisbee in A U-Boat	2006	1	5	0.99	75	26.99	R	2013-05-26 14:50:58.951	{Commentaries,"Deleted Scenes","Behind the Scenes"}	'boat':21 'disturb':2 'fight':14 'frisbe':16 'lumberjack':11 'must':13 'stamped':1 'tale':5 'u':20 'u-boat':19 'unbeliev':4 'woman':8
841	Star Operation	A Insightful Character Study of a Girl And a Car who must Pursue a Mad Cow in A Shark Tank	2006	1	5	2.99	181	9.99	PG	2013-05-26 14:50:58.951	{Commentaries}	'car':12 'charact':5 'cow':18 'girl':9 'insight':4 'mad':17 'must':14 'oper':2 'pursu':15 'shark':21 'star':1 'studi':6 'tank':22
842	State Wasteland	A Beautiful Display of a Cat And a Pastry Chef who must Outrace a Mad Cow in A Jet Boat	2006	1	4	2.99	113	13.99	NC-17	2013-05-26 14:50:58.951	{Trailers,Commentaries,"Deleted Scenes","Behind the Scenes"}	'beauti':4 'boat':22 'cat':8 'chef':12 'cow':18 'display':5 'jet':21 'mad':17 'must':14 'outrac':15 'pastri':11 'state':1 'wasteland':2
843	Steel Santa	A Fast-Paced Yarn of a Composer And a Frisbee who must Face a Moose in Nigeria	2006	1	4	4.99	143	15.99	NC-17	2013-05-26 14:50:58.951	{Commentaries,"Deleted Scenes"}	'compos':10 'face':16 'fast':5 'fast-pac':4 'frisbe':13 'moos':18 'must':15 'nigeria':20 'pace':6 'santa':2 'steel':1 'yarn':7
844	Steers Armageddon	A Stunning Character Study of a Car And a Girl who must Succumb a Car in A MySQL Convention	2006	1	6	4.99	140	16.99	PG	2013-05-26 14:50:58.951	{Trailers,Commentaries,"Deleted Scenes","Behind the Scenes"}	'armageddon':2 'car':9,17 'charact':5 'convent':21 'girl':12 'must':14 'mysql':20 'steer':1 'studi':6 'stun':4 'succumb':15
845	Stepmom Dream	A Touching Epistle of a Crocodile And a Teacher who must Build a Forensic Psychologist in A MySQL Convention	2006	1	7	4.99	48	9.99	NC-17	2013-05-26 14:50:58.951	{"Deleted Scenes","Behind the Scenes"}	'build':14 'convent':21 'crocodil':8 'dream':2 'epistl':5 'forens':16 'must':13 'mysql':20 'psychologist':17 'stepmom':1 'teacher':11 'touch':4
846	Sting Personal	A Fanciful Drama of a Frisbee And a Dog who must Fight a Madman in A Jet Boat	2006	1	3	4.99	93	9.99	NC-17	2013-05-26 14:50:58.951	{Commentaries,"Deleted Scenes","Behind the Scenes"}	'boat':20 'dog':11 'drama':5 'fanci':4 'fight':14 'frisbe':8 'jet':19 'madman':16 'must':13 'person':2 'sting':1
847	Stock Glass	A Boring Epistle of a Crocodile And a Lumberjack who must Outgun a Moose in Ancient China	2006	1	7	2.99	160	10.99	PG	2013-05-26 14:50:58.951	{Commentaries}	'ancient':18 'bore':4 'china':19 'crocodil':8 'epistl':5 'glass':2 'lumberjack':11 'moos':16 'must':13 'outgun':14 'stock':1
848	Stone Fire	A Intrepid Drama of a Astronaut And a Crocodile who must Find a Boat in Soviet Georgia	2006	1	3	0.99	94	19.99	G	2013-05-26 14:50:58.951	{Trailers}	'astronaut':8 'boat':16 'crocodil':11 'drama':5 'find':14 'fire':2 'georgia':19 'intrepid':4 'must':13 'soviet':18 'stone':1
849	Storm Happiness	A Insightful Drama of a Feminist And a A Shark who must Vanquish a Boat in A Shark Tank	2006	1	6	0.99	57	28.99	NC-17	2013-05-26 14:50:58.951	{Trailers,Commentaries,"Behind the Scenes"}	'boat':17 'drama':5 'feminist':8 'happi':2 'insight':4 'must':14 'shark':12,20 'storm':1 'tank':21 'vanquish':15
850	Story Side	A Lacklusture Saga of a Boy And a Cat who must Sink a Dentist in An Abandoned Mine Shaft	2006	1	7	0.99	163	27.99	R	2013-05-26 14:50:58.951	{Trailers,"Behind the Scenes"}	'abandon':19 'boy':8 'cat':11 'dentist':16 'lacklustur':4 'mine':20 'must':13 'saga':5 'shaft':21 'side':2 'sink':14 'stori':1
851	Straight Hours	A Boring Panorama of a Secret Agent And a Girl who must Sink a Waitress in The Outback	2006	1	3	0.99	151	19.99	R	2013-05-26 14:50:58.951	{Commentaries,"Behind the Scenes"}	'agent':9 'bore':4 'girl':12 'hour':2 'must':14 'outback':20 'panorama':5 'secret':8 'sink':15 'straight':1 'waitress':17
852	Strangelove Desire	A Awe-Inspiring Panorama of a Lumberjack And a Waitress who must Defeat a Crocodile in An Abandoned Amusement Park	2006	1	4	0.99	103	27.99	NC-17	2013-05-26 14:50:58.951	{Trailers,Commentaries,"Deleted Scenes"}	'abandon':21 'amus':22 'awe':5 'awe-inspir':4 'crocodil':18 'defeat':16 'desir':2 'inspir':6 'lumberjack':10 'must':15 'panorama':7 'park':23 'strangelov':1 'waitress':13
853	Stranger Strangers	A Awe-Inspiring Yarn of a Womanizer And a Explorer who must Fight a Woman in The First Manned Space Station	2006	1	3	4.99	139	12.99	G	2013-05-26 14:50:58.951	{Commentaries,"Deleted Scenes"}	'awe':5 'awe-inspir':4 'explor':13 'fight':16 'first':21 'inspir':6 'man':22 'must':15 'space':23 'station':24 'stranger':1,2 'woman':10,18 'yarn':7
890	Tights Dawn	A Thrilling Epistle of a Boat And a Secret Agent who must Face a Boy in A Baloon	2006	1	5	0.99	172	14.99	R	2013-05-26 14:50:58.951	{Trailers,"Behind the Scenes"}	'agent':12 'baloon':20 'boat':8 'boy':17 'dawn':2 'epistl':5 'face':15 'must':14 'secret':11 'thrill':4 'tight':1
854	Strangers Graffiti	A Brilliant Character Study of a Secret Agent And a Man who must Find a Cat in The Gulf of Mexico	2006	1	4	4.99	119	22.99	R	2013-05-26 14:50:58.951	{Trailers,"Behind the Scenes"}	'agent':10 'brilliant':4 'cat':18 'charact':5 'find':16 'graffiti':2 'gulf':21 'man':13 'mexico':23 'must':15 'secret':9 'stranger':1 'studi':6
855	Streak Ridgemont	A Astounding Character Study of a Hunter And a Waitress who must Sink a Man in New Orleans	2006	1	7	0.99	132	28.99	PG-13	2013-05-26 14:50:58.951	{Trailers,"Behind the Scenes"}	'astound':4 'charact':5 'hunter':9 'man':17 'must':14 'new':19 'orlean':20 'ridgemont':2 'sink':15 'streak':1 'studi':6 'waitress':12
856	Streetcar Intentions	A Insightful Character Study of a Waitress And a Crocodile who must Sink a Waitress in The Gulf of Mexico	2006	1	5	4.99	73	11.99	R	2013-05-26 14:50:58.951	{Commentaries}	'charact':5 'crocodil':12 'gulf':20 'insight':4 'intent':2 'mexico':22 'must':14 'sink':15 'streetcar':1 'studi':6 'waitress':9,17
857	Strictly Scarface	A Touching Reflection of a Crocodile And a Dog who must Chase a Hunter in An Abandoned Fun House	2006	1	3	2.99	144	24.99	PG-13	2013-05-26 14:50:58.951	{Commentaries,"Deleted Scenes","Behind the Scenes"}	'abandon':19 'chase':14 'crocodil':8 'dog':11 'fun':20 'hous':21 'hunter':16 'must':13 'reflect':5 'scarfac':2 'strict':1 'touch':4
858	Submarine Bed	A Amazing Display of a Car And a Monkey who must Fight a Teacher in Soviet Georgia	2006	1	5	4.99	127	21.99	R	2013-05-26 14:50:58.951	{Trailers}	'amaz':4 'bed':2 'car':8 'display':5 'fight':14 'georgia':19 'monkey':11 'must':13 'soviet':18 'submarin':1 'teacher':16
859	Sugar Wonka	A Touching Story of a Dentist And a Database Administrator who must Conquer a Astronaut in An Abandoned Amusement Park	2006	1	3	4.99	114	20.99	PG	2013-05-26 14:50:58.951	{Trailers,Commentaries,"Behind the Scenes"}	'abandon':20 'administr':12 'amus':21 'astronaut':17 'conquer':15 'databas':11 'dentist':8 'must':14 'park':22 'stori':5 'sugar':1 'touch':4 'wonka':2
860	Suicides Silence	A Emotional Character Study of a Car And a Girl who must Face a Composer in A U-Boat	2006	1	4	4.99	93	13.99	G	2013-05-26 14:50:58.951	{"Deleted Scenes"}	'boat':22 'car':9 'charact':5 'compos':17 'emot':4 'face':15 'girl':12 'must':14 'silenc':2 'studi':6 'suicid':1 'u':21 'u-boat':20
861	Suit Walls	A Touching Panorama of a Lumberjack And a Frisbee who must Build a Dog in Australia	2006	1	3	4.99	111	12.99	R	2013-05-26 14:50:58.951	{Commentaries}	'australia':18 'build':14 'dog':16 'frisbe':11 'lumberjack':8 'must':13 'panorama':5 'suit':1 'touch':4 'wall':2
862	Summer Scarface	A Emotional Panorama of a Lumberjack And a Hunter who must Meet a Girl in A Shark Tank	2006	1	5	0.99	53	25.99	G	2013-05-26 14:50:58.951	{"Deleted Scenes","Behind the Scenes"}	'emot':4 'girl':16 'hunter':11 'lumberjack':8 'meet':14 'must':13 'panorama':5 'scarfac':2 'shark':19 'summer':1 'tank':20
863	Sun Confessions	A Beautiful Display of a Mad Cow And a Dog who must Redeem a Waitress in An Abandoned Amusement Park	2006	1	5	0.99	141	9.99	R	2013-05-26 14:50:58.951	{Trailers,"Behind the Scenes"}	'abandon':20 'amus':21 'beauti':4 'confess':2 'cow':9 'display':5 'dog':12 'mad':8 'must':14 'park':22 'redeem':15 'sun':1 'waitress':17
864	Sundance Invasion	A Epic Drama of a Lumberjack And a Explorer who must Confront a Hunter in A Baloon Factory	2006	1	5	0.99	92	21.99	NC-17	2013-05-26 14:50:58.951	{Commentaries,"Behind the Scenes"}	'baloon':19 'confront':14 'drama':5 'epic':4 'explor':11 'factori':20 'hunter':16 'invas':2 'lumberjack':8 'must':13 'sundanc':1
865	Sunrise League	A Beautiful Epistle of a Madman And a Butler who must Face a Crocodile in A Manhattan Penthouse	2006	1	3	4.99	135	19.99	PG-13	2013-05-26 14:50:58.951	{"Behind the Scenes"}	'beauti':4 'butler':11 'crocodil':16 'epistl':5 'face':14 'leagu':2 'madman':8 'manhattan':19 'must':13 'penthous':20 'sunris':1
866	Sunset Racer	A Awe-Inspiring Reflection of a Astronaut And a A Shark who must Defeat a Forensic Psychologist in California	2006	1	6	0.99	48	28.99	NC-17	2013-05-26 14:50:58.951	{Commentaries,"Behind the Scenes"}	'astronaut':10 'awe':5 'awe-inspir':4 'california':22 'defeat':17 'forens':19 'inspir':6 'must':16 'psychologist':20 'racer':2 'reflect':7 'shark':14 'sunset':1
867	Super Wyoming	A Action-Packed Saga of a Pastry Chef And a Explorer who must Discover a A Shark in The Outback	2006	1	5	4.99	58	10.99	PG	2013-05-26 14:50:58.951	{Trailers,Commentaries,"Behind the Scenes"}	'action':5 'action-pack':4 'chef':11 'discov':17 'explor':14 'must':16 'outback':23 'pack':6 'pastri':10 'saga':7 'shark':20 'super':1 'wyom':2
868	Superfly Trip	A Beautiful Saga of a Lumberjack And a Teacher who must Build a Technical Writer in An Abandoned Fun House	2006	1	5	0.99	114	27.99	PG	2013-05-26 14:50:58.951	{Commentaries,"Behind the Scenes"}	'abandon':20 'beauti':4 'build':14 'fun':21 'hous':22 'lumberjack':8 'must':13 'saga':5 'superfli':1 'teacher':11 'technic':16 'trip':2 'writer':17
869	Suspects Quills	A Emotional Epistle of a Pioneer And a Crocodile who must Battle a Man in A Manhattan Penthouse	2006	1	4	2.99	47	22.99	PG	2013-05-26 14:50:58.951	{Trailers}	'battl':14 'crocodil':11 'emot':4 'epistl':5 'man':16 'manhattan':19 'must':13 'penthous':20 'pioneer':8 'quill':2 'suspect':1
870	Swarm Gold	A Insightful Panorama of a Crocodile And a Boat who must Conquer a Sumo Wrestler in A MySQL Convention	2006	1	4	0.99	123	12.99	PG-13	2013-05-26 14:50:58.951	{Trailers,Commentaries}	'boat':11 'conquer':14 'convent':21 'crocodil':8 'gold':2 'insight':4 'must':13 'mysql':20 'panorama':5 'sumo':16 'swarm':1 'wrestler':17
871	Sweden Shining	A Taut Documentary of a Car And a Robot who must Conquer a Boy in The Canadian Rockies	2006	1	6	4.99	176	19.99	PG	2013-05-26 14:50:58.951	{"Deleted Scenes","Behind the Scenes"}	'boy':16 'canadian':19 'car':8 'conquer':14 'documentari':5 'must':13 'robot':11 'rocki':20 'shine':2 'sweden':1 'taut':4
891	Timberland Sky	A Boring Display of a Man And a Dog who must Redeem a Girl in A U-Boat	2006	1	3	0.99	69	13.99	G	2013-05-26 14:50:58.951	{Commentaries}	'boat':21 'bore':4 'display':5 'dog':11 'girl':16 'man':8 'must':13 'redeem':14 'sky':2 'timberland':1 'u':20 'u-boat':19
872	Sweet Brotherhood	A Unbelieveable Epistle of a Sumo Wrestler And a Hunter who must Chase a Forensic Psychologist in A Baloon	2006	1	3	2.99	185	27.99	R	2013-05-26 14:50:58.951	{"Deleted Scenes"}	'baloon':21 'brotherhood':2 'chase':15 'epistl':5 'forens':17 'hunter':12 'must':14 'psychologist':18 'sumo':8 'sweet':1 'unbeliev':4 'wrestler':9
873	Sweethearts Suspects	A Brilliant Character Study of a Frisbee And a Sumo Wrestler who must Confront a Woman in The Gulf of Mexico	2006	1	3	0.99	108	13.99	G	2013-05-26 14:50:58.951	{Trailers,Commentaries,"Deleted Scenes","Behind the Scenes"}	'brilliant':4 'charact':5 'confront':16 'frisbe':9 'gulf':21 'mexico':23 'must':15 'studi':6 'sumo':12 'suspect':2 'sweetheart':1 'woman':18 'wrestler':13
874	Tadpole Park	A Beautiful Tale of a Frisbee And a Moose who must Vanquish a Dog in An Abandoned Amusement Park	2006	1	6	2.99	155	13.99	PG	2013-05-26 14:50:58.951	{Trailers,Commentaries}	'abandon':19 'amus':20 'beauti':4 'dog':16 'frisbe':8 'moos':11 'must':13 'park':2,21 'tadpol':1 'tale':5 'vanquish':14
875	Talented Homicide	A Lacklusture Panorama of a Dentist And a Forensic Psychologist who must Outrace a Pioneer in A U-Boat	2006	1	6	0.99	173	9.99	PG	2013-05-26 14:50:58.951	{Commentaries,"Deleted Scenes","Behind the Scenes"}	'boat':22 'dentist':8 'forens':11 'homicid':2 'lacklustur':4 'must':14 'outrac':15 'panorama':5 'pioneer':17 'psychologist':12 'talent':1 'u':21 'u-boat':20
876	Tarzan Videotape	A Fast-Paced Display of a Lumberjack And a Mad Scientist who must Succumb a Sumo Wrestler in The Sahara Desert	2006	1	3	2.99	91	11.99	PG-13	2013-05-26 14:50:58.951	{Trailers}	'desert':24 'display':7 'fast':5 'fast-pac':4 'lumberjack':10 'mad':13 'must':16 'pace':6 'sahara':23 'scientist':14 'succumb':17 'sumo':19 'tarzan':1 'videotap':2 'wrestler':20
877	Taxi Kick	A Amazing Epistle of a Girl And a Woman who must Outrace a Waitress in Soviet Georgia	2006	1	4	0.99	64	23.99	PG-13	2013-05-26 14:50:58.951	{Commentaries,"Deleted Scenes"}	'amaz':4 'epistl':5 'georgia':19 'girl':8 'kick':2 'must':13 'outrac':14 'soviet':18 'taxi':1 'waitress':16 'woman':11
878	Teen Apollo	A Awe-Inspiring Drama of a Dog And a Man who must Escape a Robot in A Shark Tank	2006	1	3	4.99	74	25.99	G	2013-05-26 14:50:58.951	{Trailers,"Deleted Scenes","Behind the Scenes"}	'apollo':2 'awe':5 'awe-inspir':4 'dog':10 'drama':7 'escap':16 'inspir':6 'man':13 'must':15 'robot':18 'shark':21 'tank':22 'teen':1
879	Telegraph Voyage	A Fateful Yarn of a Husband And a Dog who must Battle a Waitress in A Jet Boat	2006	1	3	4.99	148	20.99	PG	2013-05-26 14:50:58.951	{Commentaries}	'battl':14 'boat':20 'dog':11 'fate':4 'husband':8 'jet':19 'must':13 'telegraph':1 'voyag':2 'waitress':16 'yarn':5
880	Telemark Heartbreakers	A Action-Packed Panorama of a Technical Writer And a Man who must Build a Forensic Psychologist in A Manhattan Penthouse	2006	1	6	2.99	152	9.99	PG-13	2013-05-26 14:50:58.951	{Trailers,Commentaries,"Deleted Scenes","Behind the Scenes"}	'action':5 'action-pack':4 'build':17 'forens':19 'heartbreak':2 'man':14 'manhattan':23 'must':16 'pack':6 'panorama':7 'penthous':24 'psychologist':20 'technic':10 'telemark':1 'writer':11
881	Temple Attraction	A Action-Packed Saga of a Forensic Psychologist And a Woman who must Battle a Womanizer in Soviet Georgia	2006	1	5	4.99	71	13.99	PG	2013-05-26 14:50:58.951	{Commentaries,"Deleted Scenes"}	'action':5 'action-pack':4 'attract':2 'battl':17 'forens':10 'georgia':22 'must':16 'pack':6 'psychologist':11 'saga':7 'soviet':21 'templ':1 'woman':14,19
882	Tenenbaums Command	A Taut Display of a Pioneer And a Man who must Reach a Girl in The Gulf of Mexico	2006	1	4	0.99	99	24.99	PG-13	2013-05-26 14:50:58.951	{Trailers,Commentaries}	'command':2 'display':5 'girl':16 'gulf':19 'man':11 'mexico':21 'must':13 'pioneer':8 'reach':14 'taut':4 'tenenbaum':1
883	Tequila Past	A Action-Packed Panorama of a Mad Scientist And a Robot who must Challenge a Student in Nigeria	2006	1	6	4.99	53	17.99	PG	2013-05-26 14:50:58.951	{Commentaries,"Behind the Scenes"}	'action':5 'action-pack':4 'challeng':17 'mad':10 'must':16 'nigeria':21 'pack':6 'panorama':7 'past':2 'robot':14 'scientist':11 'student':19 'tequila':1
884	Terminator Club	A Touching Story of a Crocodile And a Girl who must Sink a Man in The Gulf of Mexico	2006	1	5	4.99	88	11.99	R	2013-05-26 14:50:58.951	{Trailers,"Deleted Scenes","Behind the Scenes"}	'club':2 'crocodil':8 'girl':11 'gulf':19 'man':16 'mexico':21 'must':13 'sink':14 'stori':5 'termin':1 'touch':4
885	Texas Watch	A Awe-Inspiring Yarn of a Student And a Teacher who must Fight a Teacher in An Abandoned Amusement Park	2006	1	7	0.99	179	22.99	NC-17	2013-05-26 14:50:58.951	{Trailers}	'abandon':21 'amus':22 'awe':5 'awe-inspir':4 'fight':16 'inspir':6 'must':15 'park':23 'student':10 'teacher':13,18 'texa':1 'watch':2 'yarn':7
886	Theory Mermaid	A Fateful Yarn of a Composer And a Monkey who must Vanquish a Womanizer in The First Manned Space Station	2006	1	5	0.99	184	9.99	PG-13	2013-05-26 14:50:58.951	{"Deleted Scenes","Behind the Scenes"}	'compos':8 'fate':4 'first':19 'man':20 'mermaid':2 'monkey':11 'must':13 'space':21 'station':22 'theori':1 'vanquish':14 'woman':16 'yarn':5
887	Thief Pelican	A Touching Documentary of a Madman And a Mad Scientist who must Outrace a Feminist in An Abandoned Mine Shaft	2006	1	5	4.99	135	28.99	PG-13	2013-05-26 14:50:58.951	{"Deleted Scenes","Behind the Scenes"}	'abandon':20 'documentari':5 'feminist':17 'mad':11 'madman':8 'mine':21 'must':14 'outrac':15 'pelican':2 'scientist':12 'shaft':22 'thief':1 'touch':4
888	Thin Sagebrush	A Emotional Drama of a Husband And a Lumberjack who must Build a Cat in Ancient India	2006	1	5	4.99	53	9.99	PG-13	2013-05-26 14:50:58.951	{"Behind the Scenes"}	'ancient':18 'build':14 'cat':16 'drama':5 'emot':4 'husband':8 'india':19 'lumberjack':11 'must':13 'sagebrush':2 'thin':1
889	Ties Hunger	A Insightful Saga of a Astronaut And a Explorer who must Pursue a Mad Scientist in A U-Boat	2006	1	3	4.99	111	28.99	R	2013-05-26 14:50:58.951	{"Deleted Scenes"}	'astronaut':8 'boat':22 'explor':11 'hunger':2 'insight':4 'mad':16 'must':13 'pursu':14 'saga':5 'scientist':17 'tie':1 'u':21 'u-boat':20
892	Titanic Boondock	A Brilliant Reflection of a Feminist And a Dog who must Fight a Boy in A Baloon Factory	2006	1	3	4.99	104	18.99	R	2013-05-26 14:50:58.951	{Trailers,Commentaries,"Deleted Scenes","Behind the Scenes"}	'baloon':19 'boondock':2 'boy':16 'brilliant':4 'dog':11 'factori':20 'feminist':8 'fight':14 'must':13 'reflect':5 'titan':1
893	Titans Jerk	A Unbelieveable Panorama of a Feminist And a Sumo Wrestler who must Challenge a Technical Writer in Ancient China	2006	1	4	4.99	91	11.99	PG	2013-05-26 14:50:58.951	{"Behind the Scenes"}	'ancient':20 'challeng':15 'china':21 'feminist':8 'jerk':2 'must':14 'panorama':5 'sumo':11 'technic':17 'titan':1 'unbeliev':4 'wrestler':12 'writer':18
894	Tomatoes Hellfighters	A Thoughtful Epistle of a Madman And a Astronaut who must Overcome a Monkey in A Shark Tank	2006	1	6	0.99	68	23.99	PG	2013-05-26 14:50:58.951	{"Behind the Scenes"}	'astronaut':11 'epistl':5 'hellfight':2 'madman':8 'monkey':16 'must':13 'overcom':14 'shark':19 'tank':20 'thought':4 'tomato':1
895	Tomorrow Hustler	A Thoughtful Story of a Moose And a Husband who must Face a Secret Agent in The Sahara Desert	2006	1	3	2.99	142	21.99	R	2013-05-26 14:50:58.951	{Commentaries}	'agent':17 'desert':21 'face':14 'husband':11 'hustler':2 'moos':8 'must':13 'sahara':20 'secret':16 'stori':5 'thought':4 'tomorrow':1
896	Tootsie Pilot	A Awe-Inspiring Documentary of a Womanizer And a Pastry Chef who must Kill a Lumberjack in Berlin	2006	1	3	0.99	157	10.99	PG	2013-05-26 14:50:58.951	{Commentaries,"Deleted Scenes","Behind the Scenes"}	'awe':5 'awe-inspir':4 'berlin':21 'chef':14 'documentari':7 'inspir':6 'kill':17 'lumberjack':19 'must':16 'pastri':13 'pilot':2 'tootsi':1 'woman':10
897	Torque Bound	A Emotional Display of a Crocodile And a Husband who must Reach a Man in Ancient Japan	2006	1	3	4.99	179	27.99	G	2013-05-26 14:50:58.951	{Trailers,Commentaries}	'ancient':18 'bound':2 'crocodil':8 'display':5 'emot':4 'husband':11 'japan':19 'man':16 'must':13 'reach':14 'torqu':1
898	Tourist Pelican	A Boring Story of a Butler And a Astronaut who must Outrace a Pioneer in Australia	2006	1	4	4.99	152	18.99	PG-13	2013-05-26 14:50:58.951	{"Deleted Scenes"}	'astronaut':11 'australia':18 'bore':4 'butler':8 'must':13 'outrac':14 'pelican':2 'pioneer':16 'stori':5 'tourist':1
899	Towers Hurricane	A Fateful Display of a Monkey And a Car who must Sink a Husband in A MySQL Convention	2006	1	7	0.99	144	14.99	NC-17	2013-05-26 14:50:58.951	{Commentaries,"Behind the Scenes"}	'car':11 'convent':20 'display':5 'fate':4 'hurrican':2 'husband':16 'monkey':8 'must':13 'mysql':19 'sink':14 'tower':1
900	Town Ark	A Awe-Inspiring Documentary of a Moose And a Madman who must Meet a Dog in An Abandoned Mine Shaft	2006	1	6	2.99	136	17.99	R	2013-05-26 14:50:58.951	{"Behind the Scenes"}	'abandon':21 'ark':2 'awe':5 'awe-inspir':4 'documentari':7 'dog':18 'inspir':6 'madman':13 'meet':16 'mine':22 'moos':10 'must':15 'shaft':23 'town':1
901	Tracy Cider	A Touching Reflection of a Database Administrator And a Madman who must Build a Lumberjack in Nigeria	2006	1	3	0.99	142	29.99	G	2013-05-26 14:50:58.951	{Trailers,Commentaries,"Behind the Scenes"}	'administr':9 'build':15 'cider':2 'databas':8 'lumberjack':17 'madman':12 'must':14 'nigeria':19 'reflect':5 'touch':4 'traci':1
902	Trading Pinocchio	A Emotional Character Study of a Student And a Explorer who must Discover a Frisbee in The First Manned Space Station	2006	1	6	4.99	170	22.99	PG	2013-05-26 14:50:58.951	{Trailers,"Deleted Scenes","Behind the Scenes"}	'charact':5 'discov':15 'emot':4 'explor':12 'first':20 'frisbe':17 'man':21 'must':14 'pinocchio':2 'space':22 'station':23 'student':9 'studi':6 'trade':1
903	Traffic Hobbit	A Amazing Epistle of a Squirrel And a Lumberjack who must Succumb a Database Administrator in A U-Boat	2006	1	5	4.99	139	13.99	G	2013-05-26 14:50:58.951	{Trailers,Commentaries}	'administr':17 'amaz':4 'boat':22 'databas':16 'epistl':5 'hobbit':2 'lumberjack':11 'must':13 'squirrel':8 'succumb':14 'traffic':1 'u':21 'u-boat':20
904	Train Bunch	A Thrilling Character Study of a Robot And a Squirrel who must Face a Dog in Ancient India	2006	1	3	4.99	71	26.99	R	2013-05-26 14:50:58.951	{Trailers,"Deleted Scenes"}	'ancient':19 'bunch':2 'charact':5 'dog':17 'face':15 'india':20 'must':14 'robot':9 'squirrel':12 'studi':6 'thrill':4 'train':1
905	Trainspotting Strangers	A Fast-Paced Drama of a Pioneer And a Mad Cow who must Challenge a Madman in Ancient Japan	2006	1	7	4.99	132	10.99	PG-13	2013-05-26 14:50:58.951	{Trailers}	'ancient':21 'challeng':17 'cow':14 'drama':7 'fast':5 'fast-pac':4 'japan':22 'mad':13 'madman':19 'must':16 'pace':6 'pioneer':10 'stranger':2 'trainspot':1
906	Tramp Others	A Brilliant Display of a Composer And a Cat who must Succumb a A Shark in Ancient India	2006	1	4	0.99	171	27.99	PG	2013-05-26 14:50:58.951	{"Deleted Scenes"}	'ancient':19 'brilliant':4 'cat':11 'compos':8 'display':5 'india':20 'must':13 'other':2 'shark':17 'succumb':14 'tramp':1
907	Translation Summer	A Touching Reflection of a Man And a Monkey who must Pursue a Womanizer in A MySQL Convention	2006	1	4	0.99	168	10.99	PG-13	2013-05-26 14:50:58.951	{Trailers}	'convent':20 'man':8 'monkey':11 'must':13 'mysql':19 'pursu':14 'reflect':5 'summer':2 'touch':4 'translat':1 'woman':16
908	Trap Guys	A Unbelieveable Story of a Boy And a Mad Cow who must Challenge a Database Administrator in The Sahara Desert	2006	1	3	4.99	110	11.99	G	2013-05-26 14:50:58.951	{Commentaries,"Behind the Scenes"}	'administr':18 'boy':8 'challeng':15 'cow':12 'databas':17 'desert':22 'guy':2 'mad':11 'must':14 'sahara':21 'stori':5 'trap':1 'unbeliev':4
909	Treasure Command	A Emotional Saga of a Car And a Madman who must Discover a Pioneer in California	2006	1	3	0.99	102	28.99	PG-13	2013-05-26 14:50:58.951	{Trailers,Commentaries,"Deleted Scenes","Behind the Scenes"}	'california':18 'car':8 'command':2 'discov':14 'emot':4 'madman':11 'must':13 'pioneer':16 'saga':5 'treasur':1
910	Treatment Jekyll	A Boring Story of a Teacher And a Student who must Outgun a Cat in An Abandoned Mine Shaft	2006	1	3	0.99	87	19.99	PG	2013-05-26 14:50:58.951	{Trailers,"Deleted Scenes","Behind the Scenes"}	'abandon':19 'bore':4 'cat':16 'jekyl':2 'mine':20 'must':13 'outgun':14 'shaft':21 'stori':5 'student':11 'teacher':8 'treatment':1
911	Trip Newton	A Fanciful Character Study of a Lumberjack And a Car who must Discover a Cat in An Abandoned Amusement Park	2006	1	7	4.99	64	14.99	PG-13	2013-05-26 14:50:58.951	{Commentaries,"Deleted Scenes"}	'abandon':20 'amus':21 'car':12 'cat':17 'charact':5 'discov':15 'fanci':4 'lumberjack':9 'must':14 'newton':2 'park':22 'studi':6 'trip':1
912	Trojan Tomorrow	A Astounding Panorama of a Husband And a Sumo Wrestler who must Pursue a Boat in Ancient India	2006	1	3	2.99	52	9.99	PG	2013-05-26 14:50:58.951	{Commentaries,"Deleted Scenes"}	'ancient':19 'astound':4 'boat':17 'husband':8 'india':20 'must':14 'panorama':5 'pursu':15 'sumo':11 'tomorrow':2 'trojan':1 'wrestler':12
913	Troopers Metal	A Fanciful Drama of a Monkey And a Feminist who must Sink a Man in Berlin	2006	1	3	0.99	115	20.99	R	2013-05-26 14:50:58.951	{"Deleted Scenes","Behind the Scenes"}	'berlin':18 'drama':5 'fanci':4 'feminist':11 'man':16 'metal':2 'monkey':8 'must':13 'sink':14 'trooper':1
914	Trouble Date	A Lacklusture Panorama of a Forensic Psychologist And a Woman who must Kill a Explorer in Ancient Japan	2006	1	6	2.99	61	13.99	PG	2013-05-26 14:50:58.951	{Trailers,Commentaries,"Behind the Scenes"}	'ancient':19 'date':2 'explor':17 'forens':8 'japan':20 'kill':15 'lacklustur':4 'must':14 'panorama':5 'psychologist':9 'troubl':1 'woman':12
915	Truman Crazy	A Thrilling Epistle of a Moose And a Boy who must Meet a Database Administrator in A Monastery	2006	1	7	4.99	92	9.99	G	2013-05-26 14:50:58.951	{Trailers,Commentaries}	'administr':17 'boy':11 'crazi':2 'databas':16 'epistl':5 'meet':14 'monasteri':20 'moos':8 'must':13 'thrill':4 'truman':1
916	Turn Star	A Stunning Tale of a Man And a Monkey who must Chase a Student in New Orleans	2006	1	3	2.99	80	10.99	G	2013-05-26 14:50:58.951	{Commentaries,"Behind the Scenes"}	'chase':14 'man':8 'monkey':11 'must':13 'new':18 'orlean':19 'star':2 'student':16 'stun':4 'tale':5 'turn':1
917	Tuxedo Mile	A Boring Drama of a Man And a Forensic Psychologist who must Face a Frisbee in Ancient India	2006	1	3	2.99	152	24.99	R	2013-05-26 14:50:58.951	{Commentaries,"Deleted Scenes","Behind the Scenes"}	'ancient':19 'bore':4 'drama':5 'face':15 'forens':11 'frisbe':17 'india':20 'man':8 'mile':2 'must':14 'psychologist':12 'tuxedo':1
918	Twisted Pirates	A Touching Display of a Frisbee And a Boat who must Kill a Girl in A MySQL Convention	2006	1	4	4.99	152	23.99	PG	2013-05-26 14:50:58.951	{Trailers,Commentaries,"Deleted Scenes"}	'boat':11 'convent':20 'display':5 'frisbe':8 'girl':16 'kill':14 'must':13 'mysql':19 'pirat':2 'touch':4 'twist':1
919	Tycoon Gathering	A Emotional Display of a Husband And a A Shark who must Succumb a Madman in A Manhattan Penthouse	2006	1	3	4.99	82	17.99	G	2013-05-26 14:50:58.951	{Trailers,Commentaries,"Deleted Scenes"}	'display':5 'emot':4 'gather':2 'husband':8 'madman':17 'manhattan':20 'must':14 'penthous':21 'shark':12 'succumb':15 'tycoon':1
920	Unbreakable Karate	A Amazing Character Study of a Robot And a Student who must Chase a Robot in Australia	2006	1	3	0.99	62	16.99	G	2013-05-26 14:50:58.951	{"Deleted Scenes","Behind the Scenes"}	'amaz':4 'australia':19 'charact':5 'chase':15 'karat':2 'must':14 'robot':9,17 'student':12 'studi':6 'unbreak':1
921	Uncut Suicides	A Intrepid Yarn of a Explorer And a Pastry Chef who must Pursue a Mad Cow in A U-Boat	2006	1	7	2.99	172	29.99	PG-13	2013-05-26 14:50:58.951	{Trailers,Commentaries,"Behind the Scenes"}	'boat':23 'chef':12 'cow':18 'explor':8 'intrepid':4 'mad':17 'must':14 'pastri':11 'pursu':15 'suicid':2 'u':22 'u-boat':21 'uncut':1 'yarn':5
922	Undefeated Dalmations	A Unbelieveable Display of a Crocodile And a Feminist who must Overcome a Moose in An Abandoned Amusement Park	2006	1	7	4.99	107	22.99	PG-13	2013-05-26 14:50:58.951	{Commentaries}	'abandon':19 'amus':20 'crocodil':8 'dalmat':2 'display':5 'feminist':11 'moos':16 'must':13 'overcom':14 'park':21 'unbeliev':4 'undef':1
923	Unfaithful Kill	A Taut Documentary of a Waitress And a Mad Scientist who must Battle a Technical Writer in New Orleans	2006	1	7	2.99	78	12.99	R	2013-05-26 14:50:58.951	{Commentaries,"Deleted Scenes"}	'battl':15 'documentari':5 'kill':2 'mad':11 'must':14 'new':20 'orlean':21 'scientist':12 'taut':4 'technic':17 'unfaith':1 'waitress':8 'writer':18
924	Unforgiven Zoolander	A Taut Epistle of a Monkey And a Sumo Wrestler who must Vanquish a A Shark in A Baloon Factory	2006	1	7	0.99	129	15.99	PG	2013-05-26 14:50:58.951	{Trailers,Commentaries,"Behind the Scenes"}	'baloon':21 'epistl':5 'factori':22 'monkey':8 'must':14 'shark':18 'sumo':11 'taut':4 'unforgiven':1 'vanquish':15 'wrestler':12 'zooland':2
925	United Pilot	A Fast-Paced Reflection of a Cat And a Mad Cow who must Fight a Car in The Sahara Desert	2006	1	3	0.99	164	27.99	R	2013-05-26 14:50:58.951	{Trailers,"Deleted Scenes"}	'car':19 'cat':10 'cow':14 'desert':23 'fast':5 'fast-pac':4 'fight':17 'mad':13 'must':16 'pace':6 'pilot':2 'reflect':7 'sahara':22 'unit':1
926	Untouchables Sunrise	A Amazing Documentary of a Woman And a Astronaut who must Outrace a Teacher in An Abandoned Fun House	2006	1	5	2.99	120	11.99	NC-17	2013-05-26 14:50:58.951	{Trailers,"Deleted Scenes"}	'abandon':19 'amaz':4 'astronaut':11 'documentari':5 'fun':20 'hous':21 'must':13 'outrac':14 'sunris':2 'teacher':16 'untouch':1 'woman':8
927	Uprising Uptown	A Fanciful Reflection of a Boy And a Butler who must Pursue a Woman in Berlin	2006	1	6	2.99	174	16.99	NC-17	2013-05-26 14:50:58.951	{Trailers,"Behind the Scenes"}	'berlin':18 'boy':8 'butler':11 'fanci':4 'must':13 'pursu':14 'reflect':5 'upris':1 'uptown':2 'woman':16
928	Uptown Young	A Fateful Documentary of a Dog And a Hunter who must Pursue a Teacher in An Abandoned Amusement Park	2006	1	5	2.99	84	16.99	PG	2013-05-26 14:50:58.951	{Commentaries}	'abandon':19 'amus':20 'documentari':5 'dog':8 'fate':4 'hunter':11 'must':13 'park':21 'pursu':14 'teacher':16 'uptown':1 'young':2
929	Usual Untouchables	A Touching Display of a Explorer And a Lumberjack who must Fight a Forensic Psychologist in A Shark Tank	2006	1	5	4.99	128	21.99	PG-13	2013-05-26 14:50:58.951	{Trailers,Commentaries,"Behind the Scenes"}	'display':5 'explor':8 'fight':14 'forens':16 'lumberjack':11 'must':13 'psychologist':17 'shark':20 'tank':21 'touch':4 'untouch':2 'usual':1
930	Vacation Boondock	A Fanciful Character Study of a Secret Agent And a Mad Scientist who must Reach a Teacher in Australia	2006	1	4	2.99	145	23.99	R	2013-05-26 14:50:58.951	{Commentaries}	'agent':10 'australia':21 'boondock':2 'charact':5 'fanci':4 'mad':13 'must':16 'reach':17 'scientist':14 'secret':9 'studi':6 'teacher':19 'vacat':1
931	Valentine Vanishing	A Thrilling Display of a Husband And a Butler who must Reach a Pastry Chef in California	2006	1	7	0.99	48	9.99	PG-13	2013-05-26 14:50:58.951	{Trailers,"Behind the Scenes"}	'butler':11 'california':19 'chef':17 'display':5 'husband':8 'must':13 'pastri':16 'reach':14 'thrill':4 'valentin':1 'vanish':2
932	Valley Packer	A Astounding Documentary of a Astronaut And a Boy who must Outrace a Sumo Wrestler in Berlin	2006	1	3	0.99	73	21.99	G	2013-05-26 14:50:58.951	{Commentaries,"Deleted Scenes"}	'astound':4 'astronaut':8 'berlin':19 'boy':11 'documentari':5 'must':13 'outrac':14 'packer':2 'sumo':16 'valley':1 'wrestler':17
933	Vampire Whale	A Epic Story of a Lumberjack And a Monkey who must Confront a Pioneer in A MySQL Convention	2006	1	4	4.99	126	11.99	NC-17	2013-05-26 14:50:58.951	{Trailers,Commentaries}	'confront':14 'convent':20 'epic':4 'lumberjack':8 'monkey':11 'must':13 'mysql':19 'pioneer':16 'stori':5 'vampir':1 'whale':2
934	Vanilla Day	A Fast-Paced Saga of a Girl And a Forensic Psychologist who must Redeem a Girl in Nigeria	2006	1	7	4.99	122	20.99	NC-17	2013-05-26 14:50:58.951	{"Deleted Scenes","Behind the Scenes"}	'day':2 'fast':5 'fast-pac':4 'forens':13 'girl':10,19 'must':16 'nigeria':21 'pace':6 'psychologist':14 'redeem':17 'saga':7 'vanilla':1
935	Vanished Garden	A Intrepid Character Study of a Squirrel And a A Shark who must Kill a Lumberjack in California	2006	1	5	0.99	142	17.99	R	2013-05-26 14:50:58.951	{Trailers,Commentaries,"Deleted Scenes"}	'california':20 'charact':5 'garden':2 'intrepid':4 'kill':16 'lumberjack':18 'must':15 'shark':13 'squirrel':9 'studi':6 'vanish':1
936	Vanishing Rocky	A Brilliant Reflection of a Man And a Woman who must Conquer a Pioneer in A MySQL Convention	2006	1	3	2.99	123	21.99	NC-17	2013-05-26 14:50:58.951	{Trailers,Commentaries,"Behind the Scenes"}	'brilliant':4 'conquer':14 'convent':20 'man':8 'must':13 'mysql':19 'pioneer':16 'reflect':5 'rocki':2 'vanish':1 'woman':11
937	Varsity Trip	A Action-Packed Character Study of a Astronaut And a Explorer who must Reach a Monkey in A MySQL Convention	2006	1	7	2.99	85	14.99	NC-17	2013-05-26 14:50:58.951	{Commentaries,"Deleted Scenes"}	'action':5 'action-pack':4 'astronaut':11 'charact':7 'convent':23 'explor':14 'monkey':19 'must':16 'mysql':22 'pack':6 'reach':17 'studi':8 'trip':2 'varsiti':1
938	Velvet Terminator	A Lacklusture Tale of a Pastry Chef And a Technical Writer who must Confront a Crocodile in An Abandoned Amusement Park	2006	1	3	4.99	173	14.99	R	2013-05-26 14:50:58.951	{"Behind the Scenes"}	'abandon':21 'amus':22 'chef':9 'confront':16 'crocodil':18 'lacklustur':4 'must':15 'park':23 'pastri':8 'tale':5 'technic':12 'termin':2 'velvet':1 'writer':13
939	Vertigo Northwest	A Unbelieveable Display of a Mad Scientist And a Mad Scientist who must Outgun a Mad Cow in Ancient Japan	2006	1	4	2.99	90	17.99	R	2013-05-26 14:50:58.951	{Commentaries,"Behind the Scenes"}	'ancient':21 'cow':19 'display':5 'japan':22 'mad':8,12,18 'must':15 'northwest':2 'outgun':16 'scientist':9,13 'unbeliev':4 'vertigo':1
940	Victory Academy	A Insightful Epistle of a Mad Scientist And a Explorer who must Challenge a Cat in The Sahara Desert	2006	1	6	0.99	64	19.99	PG-13	2013-05-26 14:50:58.951	{Trailers,"Behind the Scenes"}	'academi':2 'cat':17 'challeng':15 'desert':21 'epistl':5 'explor':12 'insight':4 'mad':8 'must':14 'sahara':20 'scientist':9 'victori':1
941	Videotape Arsenic	A Lacklusture Display of a Girl And a Astronaut who must Succumb a Student in Australia	2006	1	4	4.99	145	10.99	NC-17	2013-05-26 14:50:58.951	{Commentaries,"Deleted Scenes","Behind the Scenes"}	'arsenic':2 'astronaut':11 'australia':18 'display':5 'girl':8 'lacklustur':4 'must':13 'student':16 'succumb':14 'videotap':1
942	Vietnam Smoochy	A Lacklusture Display of a Butler And a Man who must Sink a Explorer in Soviet Georgia	2006	1	7	0.99	174	27.99	PG-13	2013-05-26 14:50:58.951	{"Deleted Scenes","Behind the Scenes"}	'butler':8 'display':5 'explor':16 'georgia':19 'lacklustur':4 'man':11 'must':13 'sink':14 'smoochi':2 'soviet':18 'vietnam':1
943	Villain Desperate	A Boring Yarn of a Pioneer And a Feminist who must Redeem a Cat in An Abandoned Amusement Park	2006	1	4	4.99	76	27.99	PG-13	2013-05-26 14:50:58.951	{Trailers,Commentaries}	'abandon':19 'amus':20 'bore':4 'cat':16 'desper':2 'feminist':11 'must':13 'park':21 'pioneer':8 'redeem':14 'villain':1 'yarn':5
944	Virgin Daisy	A Awe-Inspiring Documentary of a Robot And a Mad Scientist who must Reach a Database Administrator in A Shark Tank	2006	1	6	4.99	179	29.99	PG-13	2013-05-26 14:50:58.951	{Trailers,"Behind the Scenes"}	'administr':20 'awe':5 'awe-inspir':4 'daisi':2 'databas':19 'documentari':7 'inspir':6 'mad':13 'must':16 'reach':17 'robot':10 'scientist':14 'shark':23 'tank':24 'virgin':1
945	Virginian Pluto	A Emotional Panorama of a Dentist And a Crocodile who must Meet a Boy in Berlin	2006	1	5	0.99	164	22.99	R	2013-05-26 14:50:58.951	{"Deleted Scenes"}	'berlin':18 'boy':16 'crocodil':11 'dentist':8 'emot':4 'meet':14 'must':13 'panorama':5 'pluto':2 'virginian':1
946	Virtual Spoilers	A Fateful Tale of a Database Administrator And a Squirrel who must Discover a Student in Soviet Georgia	2006	1	3	4.99	144	14.99	NC-17	2013-05-26 14:50:58.951	{Commentaries,"Deleted Scenes"}	'administr':9 'databas':8 'discov':15 'fate':4 'georgia':20 'must':14 'soviet':19 'spoiler':2 'squirrel':12 'student':17 'tale':5 'virtual':1
947	Vision Torque	A Thoughtful Documentary of a Dog And a Man who must Sink a Man in A Shark Tank	2006	1	5	0.99	59	16.99	PG-13	2013-05-26 14:50:58.951	{Commentaries,"Deleted Scenes"}	'documentari':5 'dog':8 'man':11,16 'must':13 'shark':19 'sink':14 'tank':20 'thought':4 'torqu':2 'vision':1
948	Voice Peach	A Amazing Panorama of a Pioneer And a Student who must Overcome a Mad Scientist in A Manhattan Penthouse	2006	1	6	0.99	139	22.99	PG-13	2013-05-26 14:50:58.951	{Commentaries,"Behind the Scenes"}	'amaz':4 'mad':16 'manhattan':20 'must':13 'overcom':14 'panorama':5 'peach':2 'penthous':21 'pioneer':8 'scientist':17 'student':11 'voic':1
949	Volcano Texas	A Awe-Inspiring Yarn of a Hunter And a Feminist who must Challenge a Dentist in The Outback	2006	1	6	0.99	157	27.99	NC-17	2013-05-26 14:50:58.951	{Trailers,Commentaries,"Deleted Scenes","Behind the Scenes"}	'awe':5 'awe-inspir':4 'challeng':16 'dentist':18 'feminist':13 'hunter':10 'inspir':6 'must':15 'outback':21 'texa':2 'volcano':1 'yarn':7
950	Volume House	A Boring Tale of a Dog And a Woman who must Meet a Dentist in California	2006	1	7	4.99	132	12.99	PG	2013-05-26 14:50:58.951	{Commentaries}	'bore':4 'california':18 'dentist':16 'dog':8 'hous':2 'meet':14 'must':13 'tale':5 'volum':1 'woman':11
951	Voyage Legally	A Epic Tale of a Squirrel And a Hunter who must Conquer a Boy in An Abandoned Mine Shaft	2006	1	6	0.99	78	28.99	PG-13	2013-05-26 14:50:58.951	{Commentaries,"Behind the Scenes"}	'abandon':19 'boy':16 'conquer':14 'epic':4 'hunter':11 'legal':2 'mine':20 'must':13 'shaft':21 'squirrel':8 'tale':5 'voyag':1
952	Wagon Jaws	A Intrepid Drama of a Moose And a Boat who must Kill a Explorer in A Manhattan Penthouse	2006	1	7	2.99	152	17.99	PG	2013-05-26 14:50:58.951	{"Deleted Scenes","Behind the Scenes"}	'boat':11 'drama':5 'explor':16 'intrepid':4 'jaw':2 'kill':14 'manhattan':19 'moos':8 'must':13 'penthous':20 'wagon':1
953	Wait Cider	A Intrepid Epistle of a Woman And a Forensic Psychologist who must Succumb a Astronaut in A Manhattan Penthouse	2006	1	3	0.99	112	9.99	PG-13	2013-05-26 14:50:58.951	{Trailers}	'astronaut':17 'cider':2 'epistl':5 'forens':11 'intrepid':4 'manhattan':20 'must':14 'penthous':21 'psychologist':12 'succumb':15 'wait':1 'woman':8
954	Wake Jaws	A Beautiful Saga of a Feminist And a Composer who must Challenge a Moose in Berlin	2006	1	7	4.99	73	18.99	G	2013-05-26 14:50:58.951	{Trailers,Commentaries,"Deleted Scenes","Behind the Scenes"}	'beauti':4 'berlin':18 'challeng':14 'compos':11 'feminist':8 'jaw':2 'moos':16 'must':13 'saga':5 'wake':1
955	Walls Artist	A Insightful Panorama of a Teacher And a Teacher who must Overcome a Mad Cow in An Abandoned Fun House	2006	1	7	4.99	135	19.99	PG	2013-05-26 14:50:58.951	{Trailers,"Behind the Scenes"}	'abandon':20 'artist':2 'cow':17 'fun':21 'hous':22 'insight':4 'mad':16 'must':13 'overcom':14 'panorama':5 'teacher':8,11 'wall':1
956	Wanda Chamber	A Insightful Drama of a A Shark And a Pioneer who must Find a Womanizer in The Outback	2006	1	7	4.99	107	23.99	PG-13	2013-05-26 14:50:58.951	{Commentaries,"Deleted Scenes","Behind the Scenes"}	'chamber':2 'drama':5 'find':15 'insight':4 'must':14 'outback':20 'pioneer':12 'shark':9 'wanda':1 'woman':17
957	War Notting	A Boring Drama of a Teacher And a Sumo Wrestler who must Challenge a Secret Agent in The Canadian Rockies	2006	1	7	4.99	80	26.99	G	2013-05-26 14:50:58.951	{"Deleted Scenes","Behind the Scenes"}	'agent':18 'bore':4 'canadian':21 'challeng':15 'drama':5 'must':14 'not':2 'rocki':22 'secret':17 'sumo':11 'teacher':8 'war':1 'wrestler':12
958	Wardrobe Phantom	A Action-Packed Display of a Mad Cow And a Astronaut who must Kill a Car in Ancient India	2006	1	6	2.99	178	19.99	G	2013-05-26 14:50:58.951	{Trailers,Commentaries}	'action':5 'action-pack':4 'ancient':21 'astronaut':14 'car':19 'cow':11 'display':7 'india':22 'kill':17 'mad':10 'must':16 'pack':6 'phantom':2 'wardrob':1
959	Warlock Werewolf	A Astounding Yarn of a Pioneer And a Crocodile who must Defeat a A Shark in The Outback	2006	1	6	2.99	83	10.99	G	2013-05-26 14:50:58.951	{Commentaries,"Behind the Scenes"}	'astound':4 'crocodil':11 'defeat':14 'must':13 'outback':20 'pioneer':8 'shark':17 'warlock':1 'werewolf':2 'yarn':5
960	Wars Pluto	A Taut Reflection of a Teacher And a Database Administrator who must Chase a Madman in The Sahara Desert	2006	1	5	2.99	128	15.99	G	2013-05-26 14:50:58.951	{Commentaries,"Behind the Scenes"}	'administr':12 'chase':15 'databas':11 'desert':21 'madman':17 'must':14 'pluto':2 'reflect':5 'sahara':20 'taut':4 'teacher':8 'war':1
961	Wash Heavenly	A Awe-Inspiring Reflection of a Cat And a Pioneer who must Escape a Hunter in Ancient China	2006	1	7	4.99	161	22.99	R	2013-05-26 14:50:58.951	{Commentaries}	'ancient':20 'awe':5 'awe-inspir':4 'cat':10 'china':21 'escap':16 'heaven':2 'hunter':18 'inspir':6 'must':15 'pioneer':13 'reflect':7 'wash':1
962	Wasteland Divine	A Fanciful Story of a Database Administrator And a Womanizer who must Fight a Database Administrator in Ancient China	2006	1	7	2.99	85	18.99	PG	2013-05-26 14:50:58.951	{Trailers,"Deleted Scenes","Behind the Scenes"}	'administr':9,18 'ancient':20 'china':21 'databas':8,17 'divin':2 'fanci':4 'fight':15 'must':14 'stori':5 'wasteland':1 'woman':12
963	Watch Tracy	A Fast-Paced Yarn of a Dog And a Frisbee who must Conquer a Hunter in Nigeria	2006	1	5	0.99	78	12.99	PG	2013-05-26 14:50:58.951	{Trailers,"Deleted Scenes","Behind the Scenes"}	'conquer':16 'dog':10 'fast':5 'fast-pac':4 'frisbe':13 'hunter':18 'must':15 'nigeria':20 'pace':6 'traci':2 'watch':1 'yarn':7
964	Waterfront Deliverance	A Unbelieveable Documentary of a Dentist And a Technical Writer who must Build a Womanizer in Nigeria	2006	1	4	4.99	61	17.99	G	2013-05-26 14:50:58.951	{"Behind the Scenes"}	'build':15 'deliver':2 'dentist':8 'documentari':5 'must':14 'nigeria':19 'technic':11 'unbeliev':4 'waterfront':1 'woman':17 'writer':12
965	Watership Frontier	A Emotional Yarn of a Boat And a Crocodile who must Meet a Moose in Soviet Georgia	2006	1	6	0.99	112	28.99	G	2013-05-26 14:50:58.951	{Commentaries}	'boat':8 'crocodil':11 'emot':4 'frontier':2 'georgia':19 'meet':14 'moos':16 'must':13 'soviet':18 'watership':1 'yarn':5
966	Wedding Apollo	A Action-Packed Tale of a Student And a Waitress who must Conquer a Lumberjack in An Abandoned Mine Shaft	2006	1	3	0.99	70	14.99	PG	2013-05-26 14:50:58.951	{Trailers}	'abandon':21 'action':5 'action-pack':4 'apollo':2 'conquer':16 'lumberjack':18 'mine':22 'must':15 'pack':6 'shaft':23 'student':10 'tale':7 'waitress':13 'wed':1
967	Weekend Personal	A Fast-Paced Documentary of a Car And a Butler who must Find a Frisbee in A Jet Boat	2006	1	5	2.99	134	26.99	R	2013-05-26 14:50:58.951	{Trailers,Commentaries,"Deleted Scenes","Behind the Scenes"}	'boat':22 'butler':13 'car':10 'documentari':7 'fast':5 'fast-pac':4 'find':16 'frisbe':18 'jet':21 'must':15 'pace':6 'person':2 'weekend':1
968	Werewolf Lola	A Fanciful Story of a Man And a Sumo Wrestler who must Outrace a Student in A Monastery	2006	1	6	4.99	79	19.99	G	2013-05-26 14:50:58.951	{Trailers,"Behind the Scenes"}	'fanci':4 'lola':2 'man':8 'monasteri':20 'must':14 'outrac':15 'stori':5 'student':17 'sumo':11 'werewolf':1 'wrestler':12
969	West Lion	A Intrepid Drama of a Butler And a Lumberjack who must Challenge a Database Administrator in A Manhattan Penthouse	2006	1	4	4.99	159	29.99	G	2013-05-26 14:50:58.951	{Trailers}	'administr':17 'butler':8 'challeng':14 'databas':16 'drama':5 'intrepid':4 'lion':2 'lumberjack':11 'manhattan':20 'must':13 'penthous':21 'west':1
970	Westward Seabiscuit	A Lacklusture Tale of a Butler And a Husband who must Face a Boy in Ancient China	2006	1	7	0.99	52	11.99	NC-17	2013-05-26 14:50:58.951	{Commentaries,"Deleted Scenes"}	'ancient':18 'boy':16 'butler':8 'china':19 'face':14 'husband':11 'lacklustur':4 'must':13 'seabiscuit':2 'tale':5 'westward':1
971	Whale Bikini	A Intrepid Story of a Pastry Chef And a Database Administrator who must Kill a Feminist in A MySQL Convention	2006	1	4	4.99	109	11.99	PG-13	2013-05-26 14:50:58.951	{Commentaries,"Deleted Scenes","Behind the Scenes"}	'administr':13 'bikini':2 'chef':9 'convent':22 'databas':12 'feminist':18 'intrepid':4 'kill':16 'must':15 'mysql':21 'pastri':8 'stori':5 'whale':1
972	Whisperer Giant	A Intrepid Story of a Dentist And a Hunter who must Confront a Monkey in Ancient Japan	2006	1	4	4.99	59	24.99	PG-13	2013-05-26 14:50:58.951	{Trailers,"Deleted Scenes"}	'ancient':18 'confront':14 'dentist':8 'giant':2 'hunter':11 'intrepid':4 'japan':19 'monkey':16 'must':13 'stori':5 'whisper':1
973	Wife Turn	A Awe-Inspiring Epistle of a Teacher And a Feminist who must Confront a Pioneer in Ancient Japan	2006	1	3	4.99	183	27.99	NC-17	2013-05-26 14:50:58.951	{"Deleted Scenes","Behind the Scenes"}	'ancient':20 'awe':5 'awe-inspir':4 'confront':16 'epistl':7 'feminist':13 'inspir':6 'japan':21 'must':15 'pioneer':18 'teacher':10 'turn':2 'wife':1
974	Wild Apollo	A Beautiful Story of a Monkey And a Sumo Wrestler who must Conquer a A Shark in A MySQL Convention	2006	1	4	0.99	181	24.99	R	2013-05-26 14:50:58.951	{Trailers,Commentaries,"Deleted Scenes","Behind the Scenes"}	'apollo':2 'beauti':4 'conquer':15 'convent':22 'monkey':8 'must':14 'mysql':21 'shark':18 'stori':5 'sumo':11 'wild':1 'wrestler':12
975	Willow Tracy	A Brilliant Panorama of a Boat And a Astronaut who must Challenge a Teacher in A Manhattan Penthouse	2006	1	6	2.99	137	22.99	R	2013-05-26 14:50:58.951	{Trailers,Commentaries,"Behind the Scenes"}	'astronaut':11 'boat':8 'brilliant':4 'challeng':14 'manhattan':19 'must':13 'panorama':5 'penthous':20 'teacher':16 'traci':2 'willow':1
976	Wind Phantom	A Touching Saga of a Madman And a Forensic Psychologist who must Build a Sumo Wrestler in An Abandoned Mine Shaft	2006	1	6	0.99	111	12.99	R	2013-05-26 14:50:58.951	{Commentaries,"Deleted Scenes"}	'abandon':21 'build':15 'forens':11 'madman':8 'mine':22 'must':14 'phantom':2 'psychologist':12 'saga':5 'shaft':23 'sumo':17 'touch':4 'wind':1 'wrestler':18
977	Window Side	A Astounding Character Study of a Womanizer And a Hunter who must Escape a Robot in A Monastery	2006	1	3	2.99	85	25.99	R	2013-05-26 14:50:58.951	{"Deleted Scenes","Behind the Scenes"}	'astound':4 'charact':5 'escap':15 'hunter':12 'monasteri':20 'must':14 'robot':17 'side':2 'studi':6 'window':1 'woman':9
978	Wisdom Worker	A Unbelieveable Saga of a Forensic Psychologist And a Student who must Face a Squirrel in The First Manned Space Station	2006	1	3	0.99	98	12.99	R	2013-05-26 14:50:58.951	{"Deleted Scenes","Behind the Scenes"}	'face':15 'first':20 'forens':8 'man':21 'must':14 'psychologist':9 'saga':5 'space':22 'squirrel':17 'station':23 'student':12 'unbeliev':4 'wisdom':1 'worker':2
979	Witches Panic	A Awe-Inspiring Drama of a Secret Agent And a Hunter who must Fight a Moose in Nigeria	2006	1	6	4.99	100	10.99	NC-17	2013-05-26 14:50:58.951	{Commentaries,"Behind the Scenes"}	'agent':11 'awe':5 'awe-inspir':4 'drama':7 'fight':17 'hunter':14 'inspir':6 'moos':19 'must':16 'nigeria':21 'panic':2 'secret':10 'witch':1
980	Wizard Coldblooded	A Lacklusture Display of a Robot And a Girl who must Defeat a Sumo Wrestler in A MySQL Convention	2006	1	4	4.99	75	12.99	PG	2013-05-26 14:50:58.951	{Commentaries,"Deleted Scenes","Behind the Scenes"}	'coldblood':2 'convent':21 'defeat':14 'display':5 'girl':11 'lacklustur':4 'must':13 'mysql':20 'robot':8 'sumo':16 'wizard':1 'wrestler':17
981	Wolves Desire	A Fast-Paced Drama of a Squirrel And a Robot who must Succumb a Technical Writer in A Manhattan Penthouse	2006	1	7	0.99	55	13.99	NC-17	2013-05-26 14:50:58.951	{"Behind the Scenes"}	'desir':2 'drama':7 'fast':5 'fast-pac':4 'manhattan':22 'must':15 'pace':6 'penthous':23 'robot':13 'squirrel':10 'succumb':16 'technic':18 'wolv':1 'writer':19
982	Women Dorado	A Insightful Documentary of a Waitress And a Butler who must Vanquish a Composer in Australia	2006	1	4	0.99	126	23.99	R	2013-05-26 14:50:58.951	{"Deleted Scenes","Behind the Scenes"}	'australia':18 'butler':11 'compos':16 'documentari':5 'dorado':2 'insight':4 'must':13 'vanquish':14 'waitress':8 'women':1
983	Won Dares	A Unbelieveable Documentary of a Teacher And a Monkey who must Defeat a Explorer in A U-Boat	2006	1	7	2.99	105	18.99	PG	2013-05-26 14:50:58.951	{"Behind the Scenes"}	'boat':21 'dare':2 'defeat':14 'documentari':5 'explor':16 'monkey':11 'must':13 'teacher':8 'u':20 'u-boat':19 'unbeliev':4 'won':1
984	Wonderful Drop	A Boring Panorama of a Woman And a Madman who must Overcome a Butler in A U-Boat	2006	1	3	2.99	126	20.99	NC-17	2013-05-26 14:50:58.951	{Commentaries}	'boat':21 'bore':4 'butler':16 'drop':2 'madman':11 'must':13 'overcom':14 'panorama':5 'u':20 'u-boat':19 'woman':8 'wonder':1
985	Wonderland Christmas	A Awe-Inspiring Character Study of a Waitress And a Car who must Pursue a Mad Scientist in The First Manned Space Station	2006	1	4	4.99	111	19.99	PG	2013-05-26 14:50:58.951	{Commentaries}	'awe':5 'awe-inspir':4 'car':14 'charact':7 'christma':2 'first':23 'inspir':6 'mad':19 'man':24 'must':16 'pursu':17 'scientist':20 'space':25 'station':26 'studi':8 'waitress':11 'wonderland':1
986	Wonka Sea	A Brilliant Saga of a Boat And a Mad Scientist who must Meet a Moose in Ancient India	2006	1	6	2.99	85	24.99	NC-17	2013-05-26 14:50:58.951	{Trailers,Commentaries}	'ancient':19 'boat':8 'brilliant':4 'india':20 'mad':11 'meet':15 'moos':17 'must':14 'saga':5 'scientist':12 'sea':2 'wonka':1
987	Words Hunter	A Action-Packed Reflection of a Composer And a Mad Scientist who must Face a Pioneer in A MySQL Convention	2006	1	3	2.99	116	13.99	PG	2013-05-26 14:50:58.951	{Trailers,Commentaries,"Deleted Scenes"}	'action':5 'action-pack':4 'compos':10 'convent':23 'face':17 'hunter':2 'mad':13 'must':16 'mysql':22 'pack':6 'pioneer':19 'reflect':7 'scientist':14 'word':1
988	Worker Tarzan	A Action-Packed Yarn of a Secret Agent And a Technical Writer who must Battle a Sumo Wrestler in The First Manned Space Station	2006	1	7	2.99	139	26.99	R	2013-05-26 14:50:58.951	{Trailers,Commentaries,"Behind the Scenes"}	'action':5 'action-pack':4 'agent':11 'battl':18 'first':24 'man':25 'must':17 'pack':6 'secret':10 'space':26 'station':27 'sumo':20 'tarzan':2 'technic':14 'worker':1 'wrestler':21 'writer':15 'yarn':7
989	Working Microcosmos	A Stunning Epistle of a Dentist And a Dog who must Kill a Madman in Ancient China	2006	1	4	4.99	74	22.99	R	2013-05-26 14:50:58.951	{Commentaries,"Deleted Scenes"}	'ancient':18 'china':19 'dentist':8 'dog':11 'epistl':5 'kill':14 'madman':16 'microcosmo':2 'must':13 'stun':4 'work':1
990	World Leathernecks	A Unbelieveable Tale of a Pioneer And a Astronaut who must Overcome a Robot in An Abandoned Amusement Park	2006	1	3	0.99	171	13.99	PG-13	2013-05-26 14:50:58.951	{Trailers,"Behind the Scenes"}	'abandon':19 'amus':20 'astronaut':11 'leatherneck':2 'must':13 'overcom':14 'park':21 'pioneer':8 'robot':16 'tale':5 'unbeliev':4 'world':1
991	Worst Banger	A Thrilling Drama of a Madman And a Dentist who must Conquer a Boy in The Outback	2006	1	4	2.99	185	26.99	PG	2013-05-26 14:50:58.951	{"Deleted Scenes","Behind the Scenes"}	'banger':2 'boy':16 'conquer':14 'dentist':11 'drama':5 'madman':8 'must':13 'outback':19 'thrill':4 'worst':1
992	Wrath Mile	A Intrepid Reflection of a Technical Writer And a Hunter who must Defeat a Sumo Wrestler in A Monastery	2006	1	5	0.99	176	17.99	NC-17	2013-05-26 14:50:58.951	{Trailers,Commentaries}	'defeat':15 'hunter':12 'intrepid':4 'mile':2 'monasteri':21 'must':14 'reflect':5 'sumo':17 'technic':8 'wrath':1 'wrestler':18 'writer':9
993	Wrong Behavior	A Emotional Saga of a Crocodile And a Sumo Wrestler who must Discover a Mad Cow in New Orleans	2006	1	6	2.99	178	10.99	PG-13	2013-05-26 14:50:58.951	{Trailers,"Behind the Scenes"}	'behavior':2 'cow':18 'crocodil':8 'discov':15 'emot':4 'mad':17 'must':14 'new':20 'orlean':21 'saga':5 'sumo':11 'wrestler':12 'wrong':1
994	Wyoming Storm	A Awe-Inspiring Panorama of a Robot And a Boat who must Overcome a Feminist in A U-Boat	2006	1	6	4.99	100	29.99	PG-13	2013-05-26 14:50:58.951	{"Deleted Scenes"}	'awe':5 'awe-inspir':4 'boat':13,23 'feminist':18 'inspir':6 'must':15 'overcom':16 'panorama':7 'robot':10 'storm':2 'u':22 'u-boat':21 'wyom':1
995	Yentl Idaho	A Amazing Display of a Robot And a Astronaut who must Fight a Womanizer in Berlin	2006	1	5	4.99	86	11.99	R	2013-05-26 14:50:58.951	{Trailers,Commentaries,"Deleted Scenes"}	'amaz':4 'astronaut':11 'berlin':18 'display':5 'fight':14 'idaho':2 'must':13 'robot':8 'woman':16 'yentl':1
996	Young Language	A Unbelieveable Yarn of a Boat And a Database Administrator who must Meet a Boy in The First Manned Space Station	2006	1	6	0.99	183	9.99	G	2013-05-26 14:50:58.951	{Trailers,"Behind the Scenes"}	'administr':12 'boat':8 'boy':17 'databas':11 'first':20 'languag':2 'man':21 'meet':15 'must':14 'space':22 'station':23 'unbeliev':4 'yarn':5 'young':1
997	Youth Kick	A Touching Drama of a Teacher And a Cat who must Challenge a Technical Writer in A U-Boat	2006	1	4	0.99	179	14.99	NC-17	2013-05-26 14:50:58.951	{Trailers,"Behind the Scenes"}	'boat':22 'cat':11 'challeng':14 'drama':5 'kick':2 'must':13 'teacher':8 'technic':16 'touch':4 'u':21 'u-boat':20 'writer':17 'youth':1
998	Zhivago Core	A Fateful Yarn of a Composer And a Man who must Face a Boy in The Canadian Rockies	2006	1	6	0.99	105	10.99	NC-17	2013-05-26 14:50:58.951	{"Deleted Scenes"}	'boy':16 'canadian':19 'compos':8 'core':2 'face':14 'fate':4 'man':11 'must':13 'rocki':20 'yarn':5 'zhivago':1
999	Zoolander Fiction	A Fateful Reflection of a Waitress And a Boat who must Discover a Sumo Wrestler in Ancient China	2006	1	5	2.99	101	28.99	R	2013-05-26 14:50:58.951	{Trailers,"Deleted Scenes"}	'ancient':19 'boat':11 'china':20 'discov':14 'fate':4 'fiction':2 'must':13 'reflect':5 'sumo':16 'waitress':8 'wrestler':17 'zooland':1
1000	Zorro Ark	A Intrepid Panorama of a Mad Scientist And a Boy who must Redeem a Boy in A Monastery	2006	1	3	4.99	50	18.99	NC-17	2013-05-26 14:50:58.951	{Trailers,Commentaries,"Behind the Scenes"}	'ark':2 'boy':12,17 'intrepid':4 'mad':8 'monasteri':20 'must':14 'panorama':5 'redeem':15 'scientist':9 'zorro':1
1001	test	abc	\N	1	9	1.00	98	20.00	66	2020-10-17 00:01:00	\N	'abc':2 'test':1
16	Alley Evolution	A Fast-Paced Drama of a Robot And a Composer who must Battle a Astronaut in New Orleans	2006	2	6	2.99	180	23.99	NC-17	2013-05-26 14:50:58.951	{Trailers,Commentaries}	'alley':1 'astronaut':18 'battl':16 'compos':13 'drama':7 'evolut':2 'fast':5 'fast-pac':4 'must':15 'new':20 'orlean':21 'pace':6 'robot':10
17	Alone Trip	A Fast-Paced Character Study of a Composer And a Dog who must Outgun a Boat in An Abandoned Fun House	2006	2	3	0.99	82	14.99	R	2013-05-26 14:50:58.951	{Trailers,"Behind the Scenes"}	'abandon':22 'alon':1 'boat':19 'charact':7 'compos':11 'dog':14 'fast':5 'fast-pac':4 'fun':23 'hous':24 'must':16 'outgun':17 'pace':6 'studi':8 'trip':2
18	Alter Victory	A Thoughtful Drama of a Composer And a Feminist who must Meet a Secret Agent in The Canadian Rockies	2006	2	6	0.99	57	27.99	PG-13	2013-05-26 14:50:58.951	{Trailers,"Behind the Scenes"}	'agent':17 'alter':1 'canadian':20 'compos':8 'drama':5 'feminist':11 'meet':14 'must':13 'rocki':21 'secret':16 'thought':4 'victori':2
19	Amadeus Holy	A Emotional Display of a Pioneer And a Technical Writer who must Battle a Man in A Baloon	2006	2	6	0.99	113	20.99	PG	2013-05-26 14:50:58.951	{Commentaries,"Deleted Scenes","Behind the Scenes"}	'amadeus':1 'baloon':20 'battl':15 'display':5 'emot':4 'holi':2 'man':17 'must':14 'pioneer':8 'technic':11 'writer':12
20	Amelie Hellfighters	A Boring Drama of a Woman And a Squirrel who must Conquer a Student in A Baloon	2006	2	4	4.99	79	23.99	R	2013-05-26 14:50:58.951	{Commentaries,"Deleted Scenes","Behind the Scenes"}	'ameli':1 'baloon':19 'bore':4 'conquer':14 'drama':5 'hellfight':2 'must':13 'squirrel':11 'student':16 'woman':8
21	American Circus	A Insightful Drama of a Girl And a Astronaut who must Face a Database Administrator in A Shark Tank	2006	2	3	4.99	129	17.99	R	2013-05-26 14:50:58.951	{Commentaries,"Behind the Scenes"}	'administr':17 'american':1 'astronaut':11 'circus':2 'databas':16 'drama':5 'face':14 'girl':8 'insight':4 'must':13 'shark':20 'tank':21
22	Amistad Midsummer	A Emotional Character Study of a Dentist And a Crocodile who must Meet a Sumo Wrestler in California	2006	2	6	2.99	85	10.99	G	2013-05-26 14:50:58.951	{Commentaries,"Behind the Scenes"}	'amistad':1 'california':20 'charact':5 'crocodil':12 'dentist':9 'emot':4 'meet':15 'midsumm':2 'must':14 'studi':6 'sumo':17 'wrestler':18
23	Anaconda Confessions	A Lacklusture Display of a Dentist And a Dentist who must Fight a Girl in Australia	2006	2	3	0.99	92	9.99	R	2013-05-26 14:50:58.951	{Trailers,"Deleted Scenes"}	'anaconda':1 'australia':18 'confess':2 'dentist':8,11 'display':5 'fight':14 'girl':16 'lacklustur':4 'must':13
24	Analyze Hoosiers	A Thoughtful Display of a Explorer And a Pastry Chef who must Overcome a Feminist in The Sahara Desert	2006	2	6	2.99	181	19.99	R	2013-05-26 14:50:58.951	{Trailers,"Behind the Scenes"}	'analyz':1 'chef':12 'desert':21 'display':5 'explor':8 'feminist':17 'hoosier':2 'must':14 'overcom':15 'pastri':11 'sahara':20 'thought':4
25	Angels Life	A Thoughtful Display of a Woman And a Astronaut who must Battle a Robot in Berlin	2006	2	3	2.99	74	15.99	G	2013-05-26 14:50:58.951	{Trailers}	'angel':1 'astronaut':11 'battl':14 'berlin':18 'display':5 'life':2 'must':13 'robot':16 'thought':4 'woman':8
26	Annie Identity	A Amazing Panorama of a Pastry Chef And a Boat who must Escape a Woman in An Abandoned Amusement Park	2006	2	3	0.99	86	15.99	G	2013-05-26 14:50:58.951	{Commentaries,"Deleted Scenes"}	'abandon':20 'amaz':4 'amus':21 'anni':1 'boat':12 'chef':9 'escap':15 'ident':2 'must':14 'panorama':5 'park':22 'pastri':8 'woman':17
27	Anonymous Human	A Amazing Reflection of a Database Administrator And a Astronaut who must Outrace a Database Administrator in A Shark Tank	2006	2	7	0.99	179	12.99	NC-17	2013-05-26 14:50:58.951	{"Deleted Scenes","Behind the Scenes"}	'administr':9,18 'amaz':4 'anonym':1 'astronaut':12 'databas':8,17 'human':2 'must':14 'outrac':15 'reflect':5 'shark':21 'tank':22
28	Anthem Luke	A Touching Panorama of a Waitress And a Woman who must Outrace a Dog in An Abandoned Amusement Park	2006	2	5	4.99	91	16.99	PG-13	2013-05-26 14:50:58.951	{"Deleted Scenes","Behind the Scenes"}	'abandon':19 'amus':20 'anthem':1 'dog':16 'luke':2 'must':13 'outrac':14 'panorama':5 'park':21 'touch':4 'waitress':8 'woman':11
29	Antitrust Tomatoes	A Fateful Yarn of a Womanizer And a Feminist who must Succumb a Database Administrator in Ancient India	2006	2	5	2.99	168	11.99	NC-17	2013-05-26 14:50:58.951	{Trailers,Commentaries,"Deleted Scenes"}	'administr':17 'ancient':19 'antitrust':1 'databas':16 'fate':4 'feminist':11 'india':20 'must':13 'succumb':14 'tomato':2 'woman':8 'yarn':5
30	Anything Savannah	A Epic Story of a Pastry Chef And a Woman who must Chase a Feminist in An Abandoned Fun House	2006	2	4	2.99	82	27.99	R	2013-05-26 14:50:58.951	{Trailers,"Deleted Scenes","Behind the Scenes"}	'abandon':20 'anyth':1 'chase':15 'chef':9 'epic':4 'feminist':17 'fun':21 'hous':22 'must':14 'pastri':8 'savannah':2 'stori':5 'woman':12
34	Arabia Dogma	A Touching Epistle of a Madman And a Mad Cow who must Defeat a Student in Nigeria	2006	3	6	0.99	62	29.99	NC-17	2013-05-26 14:50:58.951	{Commentaries,"Deleted Scenes"}	'arabia':1 'cow':12 'defeat':15 'dogma':2 'epistl':5 'mad':11 'madman':8 'must':14 'nigeria':19 'student':17 'touch':4
35	Arachnophobia Rollercoaster	A Action-Packed Reflection of a Pastry Chef And a Composer who must Discover a Mad Scientist in The First Manned Space Station	2006	3	4	2.99	147	24.99	PG-13	2013-05-26 14:50:58.951	{Trailers,"Deleted Scenes","Behind the Scenes"}	'action':5 'action-pack':4 'arachnophobia':1 'chef':11 'compos':14 'discov':17 'first':23 'mad':19 'man':24 'must':16 'pack':6 'pastri':10 'reflect':7 'rollercoast':2 'scientist':20 'space':25 'station':26
36	Argonauts Town	A Emotional Epistle of a Forensic Psychologist And a Butler who must Challenge a Waitress in An Abandoned Mine Shaft	2006	3	7	0.99	127	12.99	PG-13	2013-05-26 14:50:58.951	{Trailers,Commentaries}	'abandon':20 'argonaut':1 'butler':12 'challeng':15 'emot':4 'epistl':5 'forens':8 'mine':21 'must':14 'psychologist':9 'shaft':22 'town':2 'waitress':17
37	Arizona Bang	A Brilliant Panorama of a Mad Scientist And a Mad Cow who must Meet a Pioneer in A Monastery	2006	3	3	2.99	121	28.99	PG	2013-05-26 14:50:58.951	{Trailers,"Deleted Scenes"}	'arizona':1 'bang':2 'brilliant':4 'cow':13 'mad':8,12 'meet':16 'monasteri':21 'must':15 'panorama':5 'pioneer':18 'scientist':9
38	Ark Ridgemont	A Beautiful Yarn of a Pioneer And a Monkey who must Pursue a Explorer in The Sahara Desert	2006	3	6	0.99	68	25.99	NC-17	2013-05-26 14:50:58.951	{Trailers,Commentaries,"Deleted Scenes","Behind the Scenes"}	'ark':1 'beauti':4 'desert':20 'explor':16 'monkey':11 'must':13 'pioneer':8 'pursu':14 'ridgemont':2 'sahara':19 'yarn':5
39	Armageddon Lost	A Fast-Paced Tale of a Boat And a Teacher who must Succumb a Composer in An Abandoned Mine Shaft	2006	3	5	0.99	99	10.99	G	2013-05-26 14:50:58.951	{Trailers}	'abandon':21 'armageddon':1 'boat':10 'compos':18 'fast':5 'fast-pac':4 'lost':2 'mine':22 'must':15 'pace':6 'shaft':23 'succumb':16 'tale':7 'teacher':13
40	Army Flintstones	A Boring Saga of a Database Administrator And a Womanizer who must Battle a Waitress in Nigeria	2006	3	4	0.99	148	22.99	R	2013-05-26 14:50:58.951	{Trailers,Commentaries}	'administr':9 'armi':1 'battl':15 'bore':4 'databas':8 'flintston':2 'must':14 'nigeria':19 'saga':5 'waitress':17 'woman':12
41	Arsenic Independence	A Fanciful Documentary of a Mad Cow And a Womanizer who must Find a Dentist in Berlin	2006	3	4	0.99	137	17.99	PG	2013-05-26 14:50:58.951	{Trailers,"Deleted Scenes","Behind the Scenes"}	'arsenic':1 'berlin':19 'cow':9 'dentist':17 'documentari':5 'fanci':4 'find':15 'independ':2 'mad':8 'must':14 'woman':12
42	Artist Coldblooded	A Stunning Reflection of a Robot And a Moose who must Challenge a Woman in California	2006	3	5	2.99	170	10.99	NC-17	2013-05-26 14:50:58.951	{Trailers,"Behind the Scenes"}	'artist':1 'california':18 'challeng':14 'coldblood':2 'moos':11 'must':13 'reflect':5 'robot':8 'stun':4 'woman':16
43	Atlantis Cause	A Thrilling Yarn of a Feminist And a Hunter who must Fight a Technical Writer in A Shark Tank	2006	3	6	2.99	170	15.99	G	2013-05-26 14:50:58.951	{"Behind the Scenes"}	'atlanti':1 'caus':2 'feminist':8 'fight':14 'hunter':11 'must':13 'shark':20 'tank':21 'technic':16 'thrill':4 'writer':17 'yarn':5
44	Attacks Hate	A Fast-Paced Panorama of a Technical Writer And a Mad Scientist who must Find a Feminist in An Abandoned Mine Shaft	2006	3	5	4.99	113	21.99	PG-13	2013-05-26 14:50:58.951	{Trailers,"Behind the Scenes"}	'abandon':23 'attack':1 'fast':5 'fast-pac':4 'feminist':20 'find':18 'hate':2 'mad':14 'mine':24 'must':17 'pace':6 'panorama':7 'scientist':15 'shaft':25 'technic':10 'writer':11
45	Attraction Newton	A Astounding Panorama of a Composer And a Frisbee who must Reach a Husband in Ancient Japan	2006	3	5	4.99	83	14.99	PG-13	2013-05-26 14:50:58.951	{Trailers,"Behind the Scenes"}	'ancient':18 'astound':4 'attract':1 'compos':8 'frisbe':11 'husband':16 'japan':19 'must':13 'newton':2 'panorama':5 'reach':14
51	Balloon Homeward	A Insightful Panorama of a Forensic Psychologist And a Mad Cow who must Build a Mad Scientist in The First Manned Space Station	2006	4	5	2.99	75	10.99	NC-17	2013-05-26 14:50:58.951	{"Deleted Scenes"}	'balloon':1 'build':16 'cow':13 'first':22 'forens':8 'homeward':2 'insight':4 'mad':12,18 'man':23 'must':15 'panorama':5 'psychologist':9 'scientist':19 'space':24 'station':25
52	Ballroom Mockingbird	A Thrilling Documentary of a Composer And a Monkey who must Find a Feminist in California	2006	4	6	0.99	173	29.99	G	2013-05-26 14:50:58.951	{Commentaries,"Deleted Scenes"}	'ballroom':1 'california':18 'compos':8 'documentari':5 'feminist':16 'find':14 'mockingbird':2 'monkey':11 'must':13 'thrill':4
53	Bang Kwai	A Epic Drama of a Madman And a Cat who must Face a A Shark in An Abandoned Amusement Park	2006	4	5	2.99	87	25.99	NC-17	2013-05-26 14:50:58.951	{Commentaries,"Deleted Scenes","Behind the Scenes"}	'abandon':20 'amus':21 'bang':1 'cat':11 'drama':5 'epic':4 'face':14 'kwai':2 'madman':8 'must':13 'park':22 'shark':17
54	Banger Pinocchio	A Awe-Inspiring Drama of a Car And a Pastry Chef who must Chase a Crocodile in The First Manned Space Station	2006	4	5	0.99	113	15.99	R	2013-05-26 14:50:58.951	{Trailers,Commentaries,"Deleted Scenes"}	'awe':5 'awe-inspir':4 'banger':1 'car':10 'chase':17 'chef':14 'crocodil':19 'drama':7 'first':22 'inspir':6 'man':23 'must':16 'pastri':13 'pinocchio':2 'space':24 'station':25
55	Barbarella Streetcar	A Awe-Inspiring Story of a Feminist And a Cat who must Conquer a Dog in A Monastery	2006	4	6	2.99	65	27.99	G	2013-05-26 14:50:58.951	{"Behind the Scenes"}	'awe':5 'awe-inspir':4 'barbarella':1 'cat':13 'conquer':16 'dog':18 'feminist':10 'inspir':6 'monasteri':21 'must':15 'stori':7 'streetcar':2
56	Barefoot Manchurian	A Intrepid Story of a Cat And a Student who must Vanquish a Girl in An Abandoned Amusement Park	2006	4	6	2.99	129	15.99	G	2013-05-26 14:50:58.951	{Trailers,Commentaries}	'abandon':19 'amus':20 'barefoot':1 'cat':8 'girl':16 'intrepid':4 'manchurian':2 'must':13 'park':21 'stori':5 'student':11 'vanquish':14
57	Basic Easy	A Stunning Epistle of a Man And a Husband who must Reach a Mad Scientist in A Jet Boat	2006	4	4	2.99	90	18.99	PG-13	2013-05-26 14:50:58.951	{"Deleted Scenes"}	'basic':1 'boat':21 'easi':2 'epistl':5 'husband':11 'jet':20 'mad':16 'man':8 'must':13 'reach':14 'scientist':17 'stun':4
58	Beach Heartbreakers	A Fateful Display of a Womanizer And a Mad Scientist who must Outgun a A Shark in Soviet Georgia	2006	4	6	2.99	122	16.99	G	2013-05-26 14:50:58.951	{"Deleted Scenes","Behind the Scenes"}	'beach':1 'display':5 'fate':4 'georgia':21 'heartbreak':2 'mad':11 'must':14 'outgun':15 'scientist':12 'shark':18 'soviet':20 'woman':8
59	Bear Graceland	A Astounding Saga of a Dog And a Boy who must Kill a Teacher in The First Manned Space Station	2006	4	4	2.99	160	20.99	R	2013-05-26 14:50:58.951	{"Deleted Scenes"}	'astound':4 'bear':1 'boy':11 'dog':8 'first':19 'graceland':2 'kill':14 'man':20 'must':13 'saga':5 'space':21 'station':22 'teacher':16
60	Beast Hunchback	A Awe-Inspiring Epistle of a Student And a Squirrel who must Defeat a Boy in Ancient China	2006	4	3	4.99	89	22.99	R	2013-05-26 14:50:58.951	{"Deleted Scenes","Behind the Scenes"}	'ancient':20 'awe':5 'awe-inspir':4 'beast':1 'boy':18 'china':21 'defeat':16 'epistl':7 'hunchback':2 'inspir':6 'must':15 'squirrel':13 'student':10
68	Betrayed Rear	A Emotional Character Study of a Boat And a Pioneer who must Find a Explorer in A Shark Tank	2006	5	5	4.99	122	26.99	NC-17	2013-05-26 14:50:58.951	{Commentaries,"Deleted Scenes","Behind the Scenes"}	'betray':1 'boat':9 'charact':5 'emot':4 'explor':17 'find':15 'must':14 'pioneer':12 'rear':2 'shark':20 'studi':6 'tank':21
69	Beverly Outlaw	A Fanciful Documentary of a Womanizer And a Boat who must Defeat a Madman in The First Manned Space Station	2006	5	3	2.99	85	21.99	R	2013-05-26 14:50:58.951	{Trailers}	'bever':1 'boat':11 'defeat':14 'documentari':5 'fanci':4 'first':19 'madman':16 'man':20 'must':13 'outlaw':2 'space':21 'station':22 'woman':8
70	Bikini Borrowers	A Astounding Drama of a Astronaut And a Cat who must Discover a Woman in The First Manned Space Station	2006	5	7	4.99	142	26.99	NC-17	2013-05-26 14:50:58.951	{Commentaries,"Deleted Scenes"}	'astound':4 'astronaut':8 'bikini':1 'borrow':2 'cat':11 'discov':14 'drama':5 'first':19 'man':20 'must':13 'space':21 'station':22 'woman':16
71	Bilko Anonymous	A Emotional Reflection of a Teacher And a Man who must Meet a Cat in The First Manned Space Station	2006	5	3	4.99	100	25.99	PG-13	2013-05-26 14:50:58.951	{Commentaries,"Deleted Scenes","Behind the Scenes"}	'anonym':2 'bilko':1 'cat':16 'emot':4 'first':19 'man':11,20 'meet':14 'must':13 'reflect':5 'space':21 'station':22 'teacher':8
72	Bill Others	A Stunning Saga of a Mad Scientist And a Forensic Psychologist who must Challenge a Squirrel in A MySQL Convention	2006	5	6	2.99	93	12.99	PG	2013-05-26 14:50:58.951	{Trailers,Commentaries}	'bill':1 'challeng':16 'convent':22 'forens':12 'mad':8 'must':15 'mysql':21 'other':2 'psychologist':13 'saga':5 'scientist':9 'squirrel':18 'stun':4
73	Bingo Talented	A Touching Tale of a Girl And a Crocodile who must Discover a Waitress in Nigeria	2006	5	5	2.99	150	22.99	PG-13	2013-05-26 14:50:58.951	{Trailers,Commentaries}	'bingo':1 'crocodil':11 'discov':14 'girl':8 'must':13 'nigeria':18 'tale':5 'talent':2 'touch':4 'waitress':16
74	Birch Antitrust	A Fanciful Panorama of a Husband And a Pioneer who must Outgun a Dog in A Baloon	2006	5	4	4.99	162	18.99	PG	2013-05-26 14:50:58.951	{Trailers,Commentaries,"Deleted Scenes"}	'antitrust':2 'baloon':19 'birch':1 'dog':16 'fanci':4 'husband':8 'must':13 'outgun':14 'panorama':5 'pioneer':11
75	Bird Independence	A Thrilling Documentary of a Car And a Student who must Sink a Hunter in The Canadian Rockies	2006	5	6	4.99	163	14.99	G	2013-05-26 14:50:58.951	{Commentaries,"Behind the Scenes"}	'bird':1 'canadian':19 'car':8 'documentari':5 'hunter':16 'independ':2 'must':13 'rocki':20 'sink':14 'student':11 'thrill':4
84	Boiled Dares	A Awe-Inspiring Story of a Waitress And a Dog who must Discover a Dentist in Ancient Japan	2006	6	7	4.99	102	13.99	PG	2013-05-26 14:50:58.951	{Trailers,Commentaries}	'ancient':20 'awe':5 'awe-inspir':4 'boil':1 'dare':2 'dentist':18 'discov':16 'dog':13 'inspir':6 'japan':21 'must':15 'stori':7 'waitress':10
85	Bonnie Holocaust	A Fast-Paced Story of a Crocodile And a Robot who must Find a Moose in Ancient Japan	2006	6	4	0.99	63	29.99	G	2013-05-26 14:50:58.951	{"Deleted Scenes"}	'ancient':20 'bonni':1 'crocodil':10 'fast':5 'fast-pac':4 'find':16 'holocaust':2 'japan':21 'moos':18 'must':15 'pace':6 'robot':13 'stori':7
86	Boogie Amelie	A Lacklusture Character Study of a Husband And a Sumo Wrestler who must Succumb a Technical Writer in The Gulf of Mexico	2006	6	6	4.99	121	11.99	R	2013-05-26 14:50:58.951	{Commentaries,"Behind the Scenes"}	'ameli':2 'boogi':1 'charact':5 'gulf':22 'husband':9 'lacklustur':4 'mexico':24 'must':15 'studi':6 'succumb':16 'sumo':12 'technic':18 'wrestler':13 'writer':19
87	Boondock Ballroom	A Fateful Panorama of a Crocodile And a Boy who must Defeat a Monkey in The Gulf of Mexico	2006	6	7	0.99	76	14.99	NC-17	2013-05-26 14:50:58.951	{"Behind the Scenes"}	'ballroom':2 'boondock':1 'boy':11 'crocodil':8 'defeat':14 'fate':4 'gulf':19 'mexico':21 'monkey':16 'must':13 'panorama':5
88	Born Spinal	A Touching Epistle of a Frisbee And a Husband who must Pursue a Student in Nigeria	2006	6	7	4.99	179	17.99	PG	2013-05-26 14:50:58.951	{Trailers,Commentaries,"Deleted Scenes"}	'born':1 'epistl':5 'frisbe':8 'husband':11 'must':13 'nigeria':18 'pursu':14 'spinal':2 'student':16 'touch':4
89	Borrowers Bedazzled	A Brilliant Epistle of a Teacher And a Sumo Wrestler who must Defeat a Man in An Abandoned Fun House	2006	6	7	0.99	63	22.99	G	2013-05-26 14:50:58.951	{Commentaries,"Deleted Scenes","Behind the Scenes"}	'abandon':20 'bedazzl':2 'borrow':1 'brilliant':4 'defeat':15 'epistl':5 'fun':21 'hous':22 'man':17 'must':14 'sumo':11 'teacher':8 'wrestler':12
90	Boulevard Mob	A Fateful Epistle of a Moose And a Monkey who must Confront a Lumberjack in Ancient China	2006	6	3	0.99	63	11.99	R	2013-05-26 14:50:58.951	{Trailers}	'ancient':18 'boulevard':1 'china':19 'confront':14 'epistl':5 'fate':4 'lumberjack':16 'mob':2 'monkey':11 'moos':8 'must':13
96	Breaking Home	A Beautiful Display of a Secret Agent And a Monkey who must Battle a Sumo Wrestler in An Abandoned Mine Shaft	2006	6	4	2.99	169	21.99	PG-13	2013-05-26 14:50:58.951	{Trailers,Commentaries}	'abandon':21 'agent':9 'battl':15 'beauti':4 'break':1 'display':5 'home':2 'mine':22 'monkey':12 'must':14 'secret':8 'shaft':23 'sumo':17 'wrestler':18
97	Bride Intrigue	A Epic Tale of a Robot And a Monkey who must Vanquish a Man in New Orleans	2006	6	7	0.99	56	24.99	G	2013-05-26 14:50:58.951	{Trailers,Commentaries,"Behind the Scenes"}	'bride':1 'epic':4 'intrigu':2 'man':16 'monkey':11 'must':13 'new':18 'orlean':19 'robot':8 'tale':5 'vanquish':14
98	Bright Encounters	A Fateful Yarn of a Lumberjack And a Feminist who must Conquer a Student in A Jet Boat	2006	6	4	4.99	73	12.99	PG-13	2013-05-26 14:50:58.951	{Trailers}	'boat':20 'bright':1 'conquer':14 'encount':2 'fate':4 'feminist':11 'jet':19 'lumberjack':8 'must':13 'student':16 'yarn':5
99	Bringing Hysterical	A Fateful Saga of a A Shark And a Technical Writer who must Find a Woman in A Jet Boat	2006	6	7	2.99	136	14.99	PG	2013-05-26 14:50:58.951	{Trailers}	'boat':22 'bring':1 'fate':4 'find':16 'hyster':2 'jet':21 'must':15 'saga':5 'shark':9 'technic':12 'woman':18 'writer':13
100	Brooklyn Desert	A Beautiful Drama of a Dentist And a Composer who must Battle a Sumo Wrestler in The First Manned Space Station	2006	6	7	4.99	161	21.99	R	2013-05-26 14:50:58.951	{Commentaries}	'battl':14 'beauti':4 'brooklyn':1 'compos':11 'dentist':8 'desert':2 'drama':5 'first':20 'man':21 'must':13 'space':22 'station':23 'sumo':16 'wrestler':17
\.


--
-- TOC entry 2986 (class 0 OID 280133)
-- Dependencies: 210
-- Data for Name: film_actor; Type: TABLE DATA; Schema: public; Owner: postgres
--

COPY public.film_actor (actor_id, film_id, last_update) FROM stdin;
1	1	2006-02-15 10:05:03
1	23	2006-02-15 10:05:03
1	25	2006-02-15 10:05:03
2	3	2006-02-15 10:05:03
2	31	2006-02-15 10:05:03
2	47	2006-02-15 10:05:03
3	17	2006-02-15 10:05:03
3	40	2006-02-15 10:05:03
3	42	2006-02-15 10:05:03
3	87	2006-02-15 10:05:03
4	23	2006-02-15 10:05:03
4	25	2006-02-15 10:05:03
4	56	2006-02-15 10:05:03
4	62	2006-02-15 10:05:03
4	79	2006-02-15 10:05:03
4	87	2006-02-15 10:05:03
5	19	2006-02-15 10:05:03
5	54	2006-02-15 10:05:03
5	85	2006-02-15 10:05:03
6	29	2006-02-15 10:05:03
6	53	2006-02-15 10:05:03
6	60	2006-02-15 10:05:03
6	70	2006-02-15 10:05:03
7	25	2006-02-15 10:05:03
7	27	2006-02-15 10:05:03
7	35	2006-02-15 10:05:03
7	67	2006-02-15 10:05:03
7	96	2006-02-15 10:05:03
8	47	2006-02-15 10:05:03
9	30	2006-02-15 10:05:03
9	74	2006-02-15 10:05:03
10	1	2006-02-15 10:05:03
10	9	2006-02-15 10:05:03
12	16	2006-02-15 10:05:03
12	17	2006-02-15 10:05:03
12	34	2006-02-15 10:05:03
12	37	2006-02-15 10:05:03
12	91	2006-02-15 10:05:03
12	92	2006-02-15 10:05:03
13	17	2006-02-15 10:05:03
13	29	2006-02-15 10:05:03
13	45	2006-02-15 10:05:03
13	87	2006-02-15 10:05:03
15	31	2006-02-15 10:05:03
15	89	2006-02-15 10:05:03
15	91	2006-02-15 10:05:03
16	80	2006-02-15 10:05:03
16	87	2006-02-15 10:05:03
17	96	2006-02-15 10:05:03
18	44	2006-02-15 10:05:03
18	84	2006-02-15 10:05:03
19	2	2006-02-15 10:05:03
19	3	2006-02-15 10:05:03
20	1	2006-02-15 10:05:03
20	54	2006-02-15 10:05:03
20	63	2006-02-15 10:05:03
21	6	2006-02-15 10:05:03
21	87	2006-02-15 10:05:03
21	88	2006-02-15 10:05:03
22	9	2006-02-15 10:05:03
22	23	2006-02-15 10:05:03
22	56	2006-02-15 10:05:03
22	89	2006-02-15 10:05:03
23	6	2006-02-15 10:05:03
23	42	2006-02-15 10:05:03
23	78	2006-02-15 10:05:03
24	3	2006-02-15 10:05:03
24	83	2006-02-15 10:05:03
25	21	2006-02-15 10:05:03
25	86	2006-02-15 10:05:03
26	9	2006-02-15 10:05:03
26	21	2006-02-15 10:05:03
26	34	2006-02-15 10:05:03
26	90	2006-02-15 10:05:03
26	93	2006-02-15 10:05:03
27	19	2006-02-15 10:05:03
27	34	2006-02-15 10:05:03
27	85	2006-02-15 10:05:03
28	14	2006-02-15 10:05:03
28	43	2006-02-15 10:05:03
28	58	2006-02-15 10:05:03
28	74	2006-02-15 10:05:03
28	96	2006-02-15 10:05:03
29	10	2006-02-15 10:05:03
29	79	2006-02-15 10:05:03
30	1	2006-02-15 10:05:03
30	53	2006-02-15 10:05:03
30	64	2006-02-15 10:05:03
30	69	2006-02-15 10:05:03
30	77	2006-02-15 10:05:03
30	87	2006-02-15 10:05:03
31	88	2006-02-15 10:05:03
32	65	2006-02-15 10:05:03
32	84	2006-02-15 10:05:03
33	56	2006-02-15 10:05:03
34	43	2006-02-15 10:05:03
34	90	2006-02-15 10:05:03
35	10	2006-02-15 10:05:03
35	35	2006-02-15 10:05:03
35	52	2006-02-15 10:05:03
36	15	2006-02-15 10:05:03
36	81	2006-02-15 10:05:03
37	10	2006-02-15 10:05:03
37	12	2006-02-15 10:05:03
37	19	2006-02-15 10:05:03
38	24	2006-02-15 10:05:03
39	71	2006-02-15 10:05:03
39	73	2006-02-15 10:05:03
40	1	2006-02-15 10:05:03
40	11	2006-02-15 10:05:03
40	34	2006-02-15 10:05:03
41	4	2006-02-15 10:05:03
41	60	2006-02-15 10:05:03
41	69	2006-02-15 10:05:03
41	86	2006-02-15 10:05:03
41	100	2006-02-15 10:05:03
42	24	2006-02-15 10:05:03
43	19	2006-02-15 10:05:03
43	42	2006-02-15 10:05:03
43	56	2006-02-15 10:05:03
43	89	2006-02-15 10:05:03
44	58	2006-02-15 10:05:03
44	84	2006-02-15 10:05:03
44	88	2006-02-15 10:05:03
44	94	2006-02-15 10:05:03
45	18	2006-02-15 10:05:03
45	65	2006-02-15 10:05:03
45	66	2006-02-15 10:05:03
46	38	2006-02-15 10:05:03
46	51	2006-02-15 10:05:03
47	25	2006-02-15 10:05:03
47	36	2006-02-15 10:05:03
47	53	2006-02-15 10:05:03
47	67	2006-02-15 10:05:03
48	99	2006-02-15 10:05:03
49	31	2006-02-15 10:05:03
51	5	2006-02-15 10:05:03
51	63	2006-02-15 10:05:03
52	20	2006-02-15 10:05:03
52	92	2006-02-15 10:05:03
52	96	2006-02-15 10:05:03
53	1	2006-02-15 10:05:03
53	9	2006-02-15 10:05:03
53	51	2006-02-15 10:05:03
53	58	2006-02-15 10:05:03
54	84	2006-02-15 10:05:03
55	8	2006-02-15 10:05:03
55	27	2006-02-15 10:05:03
55	75	2006-02-15 10:05:03
56	63	2006-02-15 10:05:03
56	87	2006-02-15 10:05:03
57	16	2006-02-15 10:05:03
57	34	2006-02-15 10:05:03
58	48	2006-02-15 10:05:03
58	68	2006-02-15 10:05:03
59	5	2006-02-15 10:05:03
59	46	2006-02-15 10:05:03
59	54	2006-02-15 10:05:03
59	72	2006-02-15 10:05:03
59	88	2006-02-15 10:05:03
60	31	2006-02-15 10:05:03
60	85	2006-02-15 10:05:03
62	6	2006-02-15 10:05:03
62	42	2006-02-15 10:05:03
62	54	2006-02-15 10:05:03
62	100	2006-02-15 10:05:03
63	73	2006-02-15 10:05:03
64	3	2006-02-15 10:05:03
64	10	2006-02-15 10:05:03
64	37	2006-02-15 10:05:03
64	87	2006-02-15 10:05:03
64	88	2006-02-15 10:05:03
65	39	2006-02-15 10:05:03
65	46	2006-02-15 10:05:03
65	97	2006-02-15 10:05:03
66	55	2006-02-15 10:05:03
67	24	2006-02-15 10:05:03
67	57	2006-02-15 10:05:03
67	67	2006-02-15 10:05:03
68	9	2006-02-15 10:05:03
68	45	2006-02-15 10:05:03
69	15	2006-02-15 10:05:03
69	88	2006-02-15 10:05:03
70	50	2006-02-15 10:05:03
70	53	2006-02-15 10:05:03
70	92	2006-02-15 10:05:03
71	26	2006-02-15 10:05:03
71	52	2006-02-15 10:05:03
72	34	2006-02-15 10:05:03
73	36	2006-02-15 10:05:03
73	45	2006-02-15 10:05:03
73	51	2006-02-15 10:05:03
73	77	2006-02-15 10:05:03
74	28	2006-02-15 10:05:03
74	44	2006-02-15 10:05:03
75	12	2006-02-15 10:05:03
75	34	2006-02-15 10:05:03
76	60	2006-02-15 10:05:03
76	66	2006-02-15 10:05:03
76	68	2006-02-15 10:05:03
76	95	2006-02-15 10:05:03
77	13	2006-02-15 10:05:03
77	22	2006-02-15 10:05:03
77	40	2006-02-15 10:05:03
77	73	2006-02-15 10:05:03
77	78	2006-02-15 10:05:03
78	86	2006-02-15 10:05:03
79	32	2006-02-15 10:05:03
79	33	2006-02-15 10:05:03
79	40	2006-02-15 10:05:03
80	69	2006-02-15 10:05:03
81	4	2006-02-15 10:05:03
81	11	2006-02-15 10:05:03
81	59	2006-02-15 10:05:03
81	89	2006-02-15 10:05:03
82	17	2006-02-15 10:05:03
82	33	2006-02-15 10:05:03
83	49	2006-02-15 10:05:03
83	52	2006-02-15 10:05:03
83	58	2006-02-15 10:05:03
84	19	2006-02-15 10:05:03
84	39	2006-02-15 10:05:03
84	46	2006-02-15 10:05:03
85	2	2006-02-15 10:05:03
85	14	2006-02-15 10:05:03
85	72	2006-02-15 10:05:03
85	85	2006-02-15 10:05:03
85	92	2006-02-15 10:05:03
87	48	2006-02-15 10:05:03
88	4	2006-02-15 10:05:03
88	76	2006-02-15 10:05:03
88	87	2006-02-15 10:05:03
89	47	2006-02-15 10:05:03
90	2	2006-02-15 10:05:03
90	11	2006-02-15 10:05:03
90	100	2006-02-15 10:05:03
91	13	2006-02-15 10:05:03
91	25	2006-02-15 10:05:03
91	48	2006-02-15 10:05:03
92	90	2006-02-15 10:05:03
92	94	2006-02-15 10:05:03
93	71	2006-02-15 10:05:03
94	13	2006-02-15 10:05:03
94	60	2006-02-15 10:05:03
94	76	2006-02-15 10:05:03
95	22	2006-02-15 10:05:03
95	35	2006-02-15 10:05:03
95	47	2006-02-15 10:05:03
95	52	2006-02-15 10:05:03
95	65	2006-02-15 10:05:03
95	74	2006-02-15 10:05:03
96	8	2006-02-15 10:05:03
96	36	2006-02-15 10:05:03
96	40	2006-02-15 10:05:03
96	54	2006-02-15 10:05:03
96	58	2006-02-15 10:05:03
96	66	2006-02-15 10:05:03
98	66	2006-02-15 10:05:03
98	72	2006-02-15 10:05:03
98	81	2006-02-15 10:05:03
98	87	2006-02-15 10:05:03
99	7	2006-02-15 10:05:03
99	27	2006-02-15 10:05:03
99	84	2006-02-15 10:05:03
100	17	2006-02-15 10:05:03
101	60	2006-02-15 10:05:03
101	66	2006-02-15 10:05:03
101	85	2006-02-15 10:05:03
102	20	2006-02-15 10:05:03
102	34	2006-02-15 10:05:03
102	53	2006-02-15 10:05:03
103	5	2006-02-15 10:05:03
104	19	2006-02-15 10:05:03
104	39	2006-02-15 10:05:03
104	40	2006-02-15 10:05:03
104	59	2006-02-15 10:05:03
104	70	2006-02-15 10:05:03
105	12	2006-02-15 10:05:03
105	15	2006-02-15 10:05:03
105	21	2006-02-15 10:05:03
105	29	2006-02-15 10:05:03
105	42	2006-02-15 10:05:03
106	44	2006-02-15 10:05:03
106	83	2006-02-15 10:05:03
107	62	2006-02-15 10:05:03
108	1	2006-02-15 10:05:03
108	6	2006-02-15 10:05:03
108	9	2006-02-15 10:05:03
109	12	2006-02-15 10:05:03
109	48	2006-02-15 10:05:03
109	77	2006-02-15 10:05:03
110	8	2006-02-15 10:05:03
110	27	2006-02-15 10:05:03
110	62	2006-02-15 10:05:03
111	61	2006-02-15 10:05:03
111	78	2006-02-15 10:05:03
111	98	2006-02-15 10:05:03
112	34	2006-02-15 10:05:03
112	37	2006-02-15 10:05:03
113	35	2006-02-15 10:05:03
113	84	2006-02-15 10:05:03
114	13	2006-02-15 10:05:03
114	68	2006-02-15 10:05:03
114	90	2006-02-15 10:05:03
115	49	2006-02-15 10:05:03
115	52	2006-02-15 10:05:03
116	36	2006-02-15 10:05:03
116	48	2006-02-15 10:05:03
116	88	2006-02-15 10:05:03
116	90	2006-02-15 10:05:03
117	10	2006-02-15 10:05:03
117	15	2006-02-15 10:05:03
117	42	2006-02-15 10:05:03
118	35	2006-02-15 10:05:03
118	39	2006-02-15 10:05:03
118	41	2006-02-15 10:05:03
118	49	2006-02-15 10:05:03
118	55	2006-02-15 10:05:03
119	21	2006-02-15 10:05:03
119	49	2006-02-15 10:05:03
119	64	2006-02-15 10:05:03
119	87	2006-02-15 10:05:03
120	57	2006-02-15 10:05:03
120	63	2006-02-15 10:05:03
122	22	2006-02-15 10:05:03
122	29	2006-02-15 10:05:03
122	76	2006-02-15 10:05:03
122	83	2006-02-15 10:05:03
123	3	2006-02-15 10:05:03
123	43	2006-02-15 10:05:03
123	67	2006-02-15 10:05:03
124	22	2006-02-15 10:05:03
124	64	2006-02-15 10:05:03
125	62	2006-02-15 10:05:03
125	98	2006-02-15 10:05:03
125	100	2006-02-15 10:05:03
126	21	2006-02-15 10:05:03
126	34	2006-02-15 10:05:03
126	43	2006-02-15 10:05:03
126	58	2006-02-15 10:05:03
126	85	2006-02-15 10:05:03
126	96	2006-02-15 10:05:03
127	36	2006-02-15 10:05:03
127	47	2006-02-15 10:05:03
127	48	2006-02-15 10:05:03
127	79	2006-02-15 10:05:03
128	26	2006-02-15 10:05:03
128	82	2006-02-15 10:05:03
129	56	2006-02-15 10:05:03
129	89	2006-02-15 10:05:03
130	9	2006-02-15 10:05:03
130	26	2006-02-15 10:05:03
130	37	2006-02-15 10:05:03
130	43	2006-02-15 10:05:03
130	49	2006-02-15 10:05:03
130	57	2006-02-15 10:05:03
131	48	2006-02-15 10:05:03
131	66	2006-02-15 10:05:03
131	94	2006-02-15 10:05:03
132	81	2006-02-15 10:05:03
132	82	2006-02-15 10:05:03
133	7	2006-02-15 10:05:03
133	51	2006-02-15 10:05:03
135	35	2006-02-15 10:05:03
135	41	2006-02-15 10:05:03
135	65	2006-02-15 10:05:03
135	88	2006-02-15 10:05:03
136	20	2006-02-15 10:05:03
136	25	2006-02-15 10:05:03
136	33	2006-02-15 10:05:03
136	56	2006-02-15 10:05:03
136	61	2006-02-15 10:05:03
137	6	2006-02-15 10:05:03
137	14	2006-02-15 10:05:03
137	56	2006-02-15 10:05:03
137	96	2006-02-15 10:05:03
138	8	2006-02-15 10:05:03
138	52	2006-02-15 10:05:03
138	61	2006-02-15 10:05:03
139	20	2006-02-15 10:05:03
139	35	2006-02-15 10:05:03
139	57	2006-02-15 10:05:03
139	74	2006-02-15 10:05:03
139	90	2006-02-15 10:05:03
140	27	2006-02-15 10:05:03
140	77	2006-02-15 10:05:03
141	43	2006-02-15 10:05:03
141	67	2006-02-15 10:05:03
142	10	2006-02-15 10:05:03
142	18	2006-02-15 10:05:03
143	47	2006-02-15 10:05:03
143	79	2006-02-15 10:05:03
144	18	2006-02-15 10:05:03
144	67	2006-02-15 10:05:03
144	79	2006-02-15 10:05:03
144	90	2006-02-15 10:05:03
144	99	2006-02-15 10:05:03
145	39	2006-02-15 10:05:03
146	12	2006-02-15 10:05:03
146	16	2006-02-15 10:05:03
146	33	2006-02-15 10:05:03
147	4	2006-02-15 10:05:03
147	85	2006-02-15 10:05:03
148	27	2006-02-15 10:05:03
148	57	2006-02-15 10:05:03
149	53	2006-02-15 10:05:03
149	72	2006-02-15 10:05:03
149	95	2006-02-15 10:05:03
150	23	2006-02-15 10:05:03
150	63	2006-02-15 10:05:03
150	75	2006-02-15 10:05:03
150	94	2006-02-15 10:05:03
152	59	2006-02-15 10:05:03
153	47	2006-02-15 10:05:03
153	64	2006-02-15 10:05:03
154	27	2006-02-15 10:05:03
155	20	2006-02-15 10:05:03
155	67	2006-02-15 10:05:03
156	53	2006-02-15 10:05:03
157	10	2006-02-15 10:05:03
157	24	2006-02-15 10:05:03
157	34	2006-02-15 10:05:03
158	32	2006-02-15 10:05:03
158	47	2006-02-15 10:05:03
158	64	2006-02-15 10:05:03
158	66	2006-02-15 10:05:03
159	20	2006-02-15 10:05:03
159	82	2006-02-15 10:05:03
160	2	2006-02-15 10:05:03
160	17	2006-02-15 10:05:03
160	43	2006-02-15 10:05:03
161	43	2006-02-15 10:05:03
161	58	2006-02-15 10:05:03
161	89	2006-02-15 10:05:03
161	90	2006-02-15 10:05:03
162	1	2006-02-15 10:05:03
162	4	2006-02-15 10:05:03
162	7	2006-02-15 10:05:03
162	18	2006-02-15 10:05:03
162	28	2006-02-15 10:05:03
162	32	2006-02-15 10:05:03
162	33	2006-02-15 10:05:03
162	41	2006-02-15 10:05:03
162	85	2006-02-15 10:05:03
163	30	2006-02-15 10:05:03
163	45	2006-02-15 10:05:03
164	15	2006-02-15 10:05:03
164	23	2006-02-15 10:05:03
165	72	2006-02-15 10:05:03
165	95	2006-02-15 10:05:03
166	25	2006-02-15 10:05:03
166	38	2006-02-15 10:05:03
166	55	2006-02-15 10:05:03
166	61	2006-02-15 10:05:03
166	68	2006-02-15 10:05:03
166	86	2006-02-15 10:05:03
167	17	2006-02-15 10:05:03
167	25	2006-02-15 10:05:03
167	63	2006-02-15 10:05:03
167	72	2006-02-15 10:05:03
168	32	2006-02-15 10:05:03
168	56	2006-02-15 10:05:03
168	92	2006-02-15 10:05:03
169	6	2006-02-15 10:05:03
169	78	2006-02-15 10:05:03
169	93	2006-02-15 10:05:03
170	7	2006-02-15 10:05:03
170	15	2006-02-15 10:05:03
170	27	2006-02-15 10:05:03
170	33	2006-02-15 10:05:03
171	49	2006-02-15 10:05:03
172	57	2006-02-15 10:05:03
172	100	2006-02-15 10:05:03
173	49	2006-02-15 10:05:03
173	55	2006-02-15 10:05:03
173	74	2006-02-15 10:05:03
173	80	2006-02-15 10:05:03
174	11	2006-02-15 10:05:03
174	61	2006-02-15 10:05:03
175	9	2006-02-15 10:05:03
175	29	2006-02-15 10:05:03
175	67	2006-02-15 10:05:03
176	13	2006-02-15 10:05:03
176	73	2006-02-15 10:05:03
176	89	2006-02-15 10:05:03
177	12	2006-02-15 10:05:03
177	39	2006-02-15 10:05:03
177	52	2006-02-15 10:05:03
177	55	2006-02-15 10:05:03
177	86	2006-02-15 10:05:03
178	30	2006-02-15 10:05:03
178	34	2006-02-15 10:05:03
179	24	2006-02-15 10:05:03
179	27	2006-02-15 10:05:03
179	65	2006-02-15 10:05:03
179	85	2006-02-15 10:05:03
180	12	2006-02-15 10:05:03
180	33	2006-02-15 10:05:03
181	5	2006-02-15 10:05:03
181	40	2006-02-15 10:05:03
181	74	2006-02-15 10:05:03
181	78	2006-02-15 10:05:03
181	83	2006-02-15 10:05:03
182	33	2006-02-15 10:05:03
183	32	2006-02-15 10:05:03
183	40	2006-02-15 10:05:03
183	71	2006-02-15 10:05:03
184	35	2006-02-15 10:05:03
184	87	2006-02-15 10:05:03
185	7	2006-02-15 10:05:03
185	95	2006-02-15 10:05:03
186	95	2006-02-15 10:05:03
187	17	2006-02-15 10:05:03
187	25	2006-02-15 10:05:03
187	29	2006-02-15 10:05:03
187	51	2006-02-15 10:05:03
187	73	2006-02-15 10:05:03
187	76	2006-02-15 10:05:03
187	98	2006-02-15 10:05:03
188	1	2006-02-15 10:05:03
188	10	2006-02-15 10:05:03
188	14	2006-02-15 10:05:03
188	51	2006-02-15 10:05:03
189	43	2006-02-15 10:05:03
189	82	2006-02-15 10:05:03
190	38	2006-02-15 10:05:03
190	54	2006-02-15 10:05:03
190	62	2006-02-15 10:05:03
190	87	2006-02-15 10:05:03
191	16	2006-02-15 10:05:03
191	39	2006-02-15 10:05:03
191	84	2006-02-15 10:05:03
192	16	2006-02-15 10:05:03
192	69	2006-02-15 10:05:03
193	44	2006-02-15 10:05:03
193	80	2006-02-15 10:05:03
194	9	2006-02-15 10:05:03
194	42	2006-02-15 10:05:03
194	67	2006-02-15 10:05:03
194	86	2006-02-15 10:05:03
194	88	2006-02-15 10:05:03
194	98	2006-02-15 10:05:03
196	64	2006-02-15 10:05:03
197	6	2006-02-15 10:05:03
197	29	2006-02-15 10:05:03
197	63	2006-02-15 10:05:03
198	1	2006-02-15 10:05:03
199	67	2006-02-15 10:05:03
199	84	2006-02-15 10:05:03
200	5	2006-02-15 10:05:03
200	49	2006-02-15 10:05:03
200	80	2006-02-15 10:05:03
\.


--
-- TOC entry 2987 (class 0 OID 280137)
-- Dependencies: 211
-- Data for Name: film_category; Type: TABLE DATA; Schema: public; Owner: postgres
--

COPY public.film_category (film_id, category_id, last_update) FROM stdin;
1	6	2006-02-15 10:07:09
2	11	2006-02-15 10:07:09
3	6	2006-02-15 10:07:09
4	11	2006-02-15 10:07:09
5	8	2006-02-15 10:07:09
6	9	2006-02-15 10:07:09
7	5	2006-02-15 10:07:09
8	11	2006-02-15 10:07:09
9	11	2006-02-15 10:07:09
10	15	2006-02-15 10:07:09
11	9	2006-02-15 10:07:09
12	12	2006-02-15 10:07:09
13	11	2006-02-15 10:07:09
14	4	2006-02-15 10:07:09
15	9	2006-02-15 10:07:09
16	9	2006-02-15 10:07:09
17	12	2006-02-15 10:07:09
18	2	2006-02-15 10:07:09
19	1	2006-02-15 10:07:09
20	12	2006-02-15 10:07:09
21	1	2006-02-15 10:07:09
22	13	2006-02-15 10:07:09
23	2	2006-02-15 10:07:09
24	11	2006-02-15 10:07:09
25	13	2006-02-15 10:07:09
26	14	2006-02-15 10:07:09
27	15	2006-02-15 10:07:09
28	5	2006-02-15 10:07:09
29	1	2006-02-15 10:07:09
30	11	2006-02-15 10:07:09
31	8	2006-02-15 10:07:09
32	13	2006-02-15 10:07:09
33	7	2006-02-15 10:07:09
34	11	2006-02-15 10:07:09
35	11	2006-02-15 10:07:09
36	2	2006-02-15 10:07:09
37	4	2006-02-15 10:07:09
38	1	2006-02-15 10:07:09
39	14	2006-02-15 10:07:09
40	6	2006-02-15 10:07:09
41	16	2006-02-15 10:07:09
42	15	2006-02-15 10:07:09
43	8	2006-02-15 10:07:09
44	14	2006-02-15 10:07:09
45	13	2006-02-15 10:07:09
46	10	2006-02-15 10:07:09
47	9	2006-02-15 10:07:09
48	3	2006-02-15 10:07:09
49	14	2006-02-15 10:07:09
50	8	2006-02-15 10:07:09
51	12	2006-02-15 10:07:09
52	9	2006-02-15 10:07:09
53	8	2006-02-15 10:07:09
54	12	2006-02-15 10:07:09
55	14	2006-02-15 10:07:09
56	1	2006-02-15 10:07:09
57	16	2006-02-15 10:07:09
58	6	2006-02-15 10:07:09
59	3	2006-02-15 10:07:09
60	4	2006-02-15 10:07:09
61	7	2006-02-15 10:07:09
62	6	2006-02-15 10:07:09
63	8	2006-02-15 10:07:09
64	7	2006-02-15 10:07:09
65	11	2006-02-15 10:07:09
66	3	2006-02-15 10:07:09
67	1	2006-02-15 10:07:09
68	3	2006-02-15 10:07:09
69	14	2006-02-15 10:07:09
70	2	2006-02-15 10:07:09
71	8	2006-02-15 10:07:09
72	6	2006-02-15 10:07:09
73	14	2006-02-15 10:07:09
74	12	2006-02-15 10:07:09
75	16	2006-02-15 10:07:09
76	12	2006-02-15 10:07:09
77	13	2006-02-15 10:07:09
78	2	2006-02-15 10:07:09
79	7	2006-02-15 10:07:09
80	8	2006-02-15 10:07:09
81	14	2006-02-15 10:07:09
82	8	2006-02-15 10:07:09
83	8	2006-02-15 10:07:09
84	16	2006-02-15 10:07:09
85	6	2006-02-15 10:07:09
86	12	2006-02-15 10:07:09
87	16	2006-02-15 10:07:09
88	16	2006-02-15 10:07:09
89	2	2006-02-15 10:07:09
90	13	2006-02-15 10:07:09
91	4	2006-02-15 10:07:09
92	11	2006-02-15 10:07:09
93	13	2006-02-15 10:07:09
94	8	2006-02-15 10:07:09
95	13	2006-02-15 10:07:09
96	13	2006-02-15 10:07:09
97	1	2006-02-15 10:07:09
98	7	2006-02-15 10:07:09
99	5	2006-02-15 10:07:09
100	9	2006-02-15 10:07:09
\.


--
-- TOC entry 2989 (class 0 OID 280143)
-- Dependencies: 213
-- Data for Name: inventory; Type: TABLE DATA; Schema: public; Owner: postgres
--

COPY public.inventory (inventory_id, film_id, store_id, last_update) FROM stdin;
1	1	1	2006-02-15 10:09:17
2	1	1	2006-02-15 10:09:17
3	1	1	2006-02-15 10:09:17
4	1	1	2006-02-15 10:09:17
5	1	2	2006-02-15 10:09:17
6	1	2	2006-02-15 10:09:17
7	1	2	2006-02-15 10:09:17
8	1	2	2006-02-15 10:09:17
9	2	2	2006-02-15 10:09:17
10	2	2	2006-02-15 10:09:17
11	2	2	2006-02-15 10:09:17
12	3	2	2006-02-15 10:09:17
13	3	2	2006-02-15 10:09:17
14	3	2	2006-02-15 10:09:17
15	3	2	2006-02-15 10:09:17
16	4	1	2006-02-15 10:09:17
17	4	1	2006-02-15 10:09:17
18	4	1	2006-02-15 10:09:17
19	4	1	2006-02-15 10:09:17
20	4	2	2006-02-15 10:09:17
21	4	2	2006-02-15 10:09:17
22	4	2	2006-02-15 10:09:17
23	5	2	2006-02-15 10:09:17
24	5	2	2006-02-15 10:09:17
25	5	2	2006-02-15 10:09:17
26	6	1	2006-02-15 10:09:17
27	6	1	2006-02-15 10:09:17
28	6	1	2006-02-15 10:09:17
29	6	2	2006-02-15 10:09:17
30	6	2	2006-02-15 10:09:17
31	6	2	2006-02-15 10:09:17
32	7	1	2006-02-15 10:09:17
33	7	1	2006-02-15 10:09:17
34	7	2	2006-02-15 10:09:17
35	7	2	2006-02-15 10:09:17
36	7	2	2006-02-15 10:09:17
37	8	2	2006-02-15 10:09:17
38	8	2	2006-02-15 10:09:17
39	8	2	2006-02-15 10:09:17
40	8	2	2006-02-15 10:09:17
41	9	1	2006-02-15 10:09:17
42	9	1	2006-02-15 10:09:17
43	9	1	2006-02-15 10:09:17
44	9	2	2006-02-15 10:09:17
45	9	2	2006-02-15 10:09:17
46	10	1	2006-02-15 10:09:17
47	10	1	2006-02-15 10:09:17
48	10	1	2006-02-15 10:09:17
49	10	1	2006-02-15 10:09:17
50	10	2	2006-02-15 10:09:17
51	10	2	2006-02-15 10:09:17
52	10	2	2006-02-15 10:09:17
53	11	1	2006-02-15 10:09:17
54	11	1	2006-02-15 10:09:17
55	11	1	2006-02-15 10:09:17
56	11	1	2006-02-15 10:09:17
57	11	2	2006-02-15 10:09:17
58	11	2	2006-02-15 10:09:17
59	11	2	2006-02-15 10:09:17
60	12	1	2006-02-15 10:09:17
61	12	1	2006-02-15 10:09:17
62	12	1	2006-02-15 10:09:17
63	12	2	2006-02-15 10:09:17
64	12	2	2006-02-15 10:09:17
65	12	2	2006-02-15 10:09:17
66	12	2	2006-02-15 10:09:17
67	13	2	2006-02-15 10:09:17
68	13	2	2006-02-15 10:09:17
69	13	2	2006-02-15 10:09:17
70	13	2	2006-02-15 10:09:17
71	15	1	2006-02-15 10:09:17
72	15	1	2006-02-15 10:09:17
73	15	2	2006-02-15 10:09:17
74	15	2	2006-02-15 10:09:17
75	15	2	2006-02-15 10:09:17
76	15	2	2006-02-15 10:09:17
77	16	1	2006-02-15 10:09:17
78	16	1	2006-02-15 10:09:17
79	16	2	2006-02-15 10:09:17
80	16	2	2006-02-15 10:09:17
81	17	1	2006-02-15 10:09:17
82	17	1	2006-02-15 10:09:17
83	17	1	2006-02-15 10:09:17
84	17	2	2006-02-15 10:09:17
85	17	2	2006-02-15 10:09:17
86	17	2	2006-02-15 10:09:17
87	18	1	2006-02-15 10:09:17
88	18	1	2006-02-15 10:09:17
89	18	1	2006-02-15 10:09:17
90	18	2	2006-02-15 10:09:17
91	18	2	2006-02-15 10:09:17
92	18	2	2006-02-15 10:09:17
93	19	1	2006-02-15 10:09:17
94	19	1	2006-02-15 10:09:17
95	19	1	2006-02-15 10:09:17
96	19	1	2006-02-15 10:09:17
97	19	2	2006-02-15 10:09:17
98	19	2	2006-02-15 10:09:17
99	20	1	2006-02-15 10:09:17
100	20	1	2006-02-15 10:09:17
\.


--
-- TOC entry 2991 (class 0 OID 280150)
-- Dependencies: 215
-- Data for Name: language; Type: TABLE DATA; Schema: public; Owner: postgres
--

COPY public.language (language_id, name, last_update) FROM stdin;
1	English             	2006-02-15 10:02:19
2	Italian             	2006-02-15 10:02:19
3	Japanese            	2006-02-15 10:02:19
4	Mandarin            	2006-02-15 10:02:19
5	French              	2006-02-15 10:02:19
6	German              	2006-02-15 10:02:19
\.


--
-- TOC entry 2993 (class 0 OID 280157)
-- Dependencies: 217
-- Data for Name: payment; Type: TABLE DATA; Schema: public; Owner: postgres
--

COPY public.payment (payment_id, customer_id, staff_id, rental_id, amount, payment_date) FROM stdin;
\.


--
-- TOC entry 2995 (class 0 OID 280163)
-- Dependencies: 219
-- Data for Name: rental; Type: TABLE DATA; Schema: public; Owner: postgres
--

COPY public.rental (rental_id, rental_date, inventory_id, customer_id, return_date, staff_id, last_update) FROM stdin;
64	2005-05-25 09:21:29	79	368	2005-06-03 11:31:29	1	2006-02-16 02:30:53
\.


--
-- TOC entry 2997 (class 0 OID 280170)
-- Dependencies: 221
-- Data for Name: staff; Type: TABLE DATA; Schema: public; Owner: postgres
--

COPY public.staff (staff_id, first_name, last_name, address_id, email, store_id, active, username, password, last_update, picture) FROM stdin;
1	Mike	Hillyer	3	Mike.Hillyer@sakilastaff.com	1	t	Mike	8cb2237d0679ca88db6464eac60da96345513964	2006-05-16 16:13:11.79328	\\x89504e470d0a5a0a
2	Jon	Stephens	4	Jon.Stephens@sakilastaff.com	2	t	Jon	8cb2237d0679ca88db6464eac60da96345513964	2006-05-16 16:13:11.79328	\N
\.


--
-- TOC entry 2999 (class 0 OID 280181)
-- Dependencies: 223
-- Data for Name: store; Type: TABLE DATA; Schema: public; Owner: postgres
--

COPY public.store (store_id, manager_staff_id, address_id, last_update) FROM stdin;
1	1	1	2006-02-15 09:57:12
2	2	2	2006-02-15 09:57:12
\.


--
-- TOC entry 3006 (class 0 OID 0)
-- Dependencies: 196
-- Name: actor_actor_id_seq; Type: SEQUENCE SET; Schema: public; Owner: postgres
--

SELECT pg_catalog.setval('public.actor_actor_id_seq', 200, true);


--
-- TOC entry 3007 (class 0 OID 0)
-- Dependencies: 198
-- Name: address_address_id_seq; Type: SEQUENCE SET; Schema: public; Owner: postgres
--

SELECT pg_catalog.setval('public.address_address_id_seq', 605, true);


--
-- TOC entry 3008 (class 0 OID 0)
-- Dependencies: 200
-- Name: category_category_id_seq; Type: SEQUENCE SET; Schema: public; Owner: postgres
--

SELECT pg_catalog.setval('public.category_category_id_seq', 16, true);


--
-- TOC entry 3009 (class 0 OID 0)
-- Dependencies: 202
-- Name: city_city_id_seq; Type: SEQUENCE SET; Schema: public; Owner: postgres
--

SELECT pg_catalog.setval('public.city_city_id_seq', 600, true);


--
-- TOC entry 3010 (class 0 OID 0)
-- Dependencies: 204
-- Name: country_country_id_seq; Type: SEQUENCE SET; Schema: public; Owner: postgres
--

SELECT pg_catalog.setval('public.country_country_id_seq', 109, true);


--
-- TOC entry 3011 (class 0 OID 0)
-- Dependencies: 206
-- Name: customer_customer_id_seq; Type: SEQUENCE SET; Schema: public; Owner: postgres
--

SELECT pg_catalog.setval('public.customer_customer_id_seq', 599, true);


--
-- TOC entry 3012 (class 0 OID 0)
-- Dependencies: 208
-- Name: film_film_id_seq; Type: SEQUENCE SET; Schema: public; Owner: postgres
--

SELECT pg_catalog.setval('public.film_film_id_seq', 1001, true);


--
-- TOC entry 3013 (class 0 OID 0)
-- Dependencies: 212
-- Name: inventory_inventory_id_seq; Type: SEQUENCE SET; Schema: public; Owner: postgres
--

SELECT pg_catalog.setval('public.inventory_inventory_id_seq', 4581, true);


--
-- TOC entry 3014 (class 0 OID 0)
-- Dependencies: 214
-- Name: language_language_id_seq; Type: SEQUENCE SET; Schema: public; Owner: postgres
--

SELECT pg_catalog.setval('public.language_language_id_seq', 6, true);


--
-- TOC entry 3015 (class 0 OID 0)
-- Dependencies: 216
-- Name: payment_payment_id_seq; Type: SEQUENCE SET; Schema: public; Owner: postgres
--

SELECT pg_catalog.setval('public.payment_payment_id_seq', 32098, true);


--
-- TOC entry 3016 (class 0 OID 0)
-- Dependencies: 218
-- Name: rental_rental_id_seq; Type: SEQUENCE SET; Schema: public; Owner: postgres
--

SELECT pg_catalog.setval('public.rental_rental_id_seq', 16049, true);


--
-- TOC entry 3017 (class 0 OID 0)
-- Dependencies: 220
-- Name: staff_staff_id_seq; Type: SEQUENCE SET; Schema: public; Owner: postgres
--

SELECT pg_catalog.setval('public.staff_staff_id_seq', 2, true);


--
-- TOC entry 3018 (class 0 OID 0)
-- Dependencies: 222
-- Name: store_store_id_seq; Type: SEQUENCE SET; Schema: public; Owner: postgres
--

SELECT pg_catalog.setval('public.store_store_id_seq', 2, true);


--
-- TOC entry 2786 (class 2606 OID 280187)
-- Name: actor actor_pkey; Type: CONSTRAINT; Schema: public; Owner: postgres
--

ALTER TABLE ONLY public.actor
    ADD CONSTRAINT actor_pkey PRIMARY KEY (actor_id);


--
-- TOC entry 2789 (class 2606 OID 280189)
-- Name: address address_pkey; Type: CONSTRAINT; Schema: public; Owner: postgres
--

ALTER TABLE ONLY public.address
    ADD CONSTRAINT address_pkey PRIMARY KEY (address_id);


--
-- TOC entry 2792 (class 2606 OID 280191)
-- Name: category category_pkey; Type: CONSTRAINT; Schema: public; Owner: postgres
--

ALTER TABLE ONLY public.category
    ADD CONSTRAINT category_pkey PRIMARY KEY (category_id);


--
-- TOC entry 2794 (class 2606 OID 280193)
-- Name: city city_pkey; Type: CONSTRAINT; Schema: public; Owner: postgres
--

ALTER TABLE ONLY public.city
    ADD CONSTRAINT city_pkey PRIMARY KEY (city_id);


--
-- TOC entry 2797 (class 2606 OID 280195)
-- Name: country country_pkey; Type: CONSTRAINT; Schema: public; Owner: postgres
--

ALTER TABLE ONLY public.country
    ADD CONSTRAINT country_pkey PRIMARY KEY (country_id);


--
-- TOC entry 2799 (class 2606 OID 280197)
-- Name: customer customer_pkey; Type: CONSTRAINT; Schema: public; Owner: postgres
--

ALTER TABLE ONLY public.customer
    ADD CONSTRAINT customer_pkey PRIMARY KEY (customer_id);


--
-- TOC entry 2809 (class 2606 OID 280199)
-- Name: film_actor film_actor_pkey; Type: CONSTRAINT; Schema: public; Owner: postgres
--

ALTER TABLE ONLY public.film_actor
    ADD CONSTRAINT film_actor_pkey PRIMARY KEY (actor_id, film_id);


--
-- TOC entry 2812 (class 2606 OID 280201)
-- Name: film_category film_category_pkey; Type: CONSTRAINT; Schema: public; Owner: postgres
--

ALTER TABLE ONLY public.film_category
    ADD CONSTRAINT film_category_pkey PRIMARY KEY (film_id, category_id);


--
-- TOC entry 2805 (class 2606 OID 280203)
-- Name: film film_pkey; Type: CONSTRAINT; Schema: public; Owner: postgres
--

ALTER TABLE ONLY public.film
    ADD CONSTRAINT film_pkey PRIMARY KEY (film_id);


--
-- TOC entry 2815 (class 2606 OID 280205)
-- Name: inventory inventory_pkey; Type: CONSTRAINT; Schema: public; Owner: postgres
--

ALTER TABLE ONLY public.inventory
    ADD CONSTRAINT inventory_pkey PRIMARY KEY (inventory_id);


--
-- TOC entry 2817 (class 2606 OID 280207)
-- Name: language language_pkey; Type: CONSTRAINT; Schema: public; Owner: postgres
--

ALTER TABLE ONLY public.language
    ADD CONSTRAINT language_pkey PRIMARY KEY (language_id);


--
-- TOC entry 2822 (class 2606 OID 280209)
-- Name: payment payment_pkey; Type: CONSTRAINT; Schema: public; Owner: postgres
--

ALTER TABLE ONLY public.payment
    ADD CONSTRAINT payment_pkey PRIMARY KEY (payment_id);


--
-- TOC entry 2826 (class 2606 OID 280211)
-- Name: rental rental_pkey; Type: CONSTRAINT; Schema: public; Owner: postgres
--

ALTER TABLE ONLY public.rental
    ADD CONSTRAINT rental_pkey PRIMARY KEY (rental_id);


--
-- TOC entry 2828 (class 2606 OID 280213)
-- Name: staff staff_pkey; Type: CONSTRAINT; Schema: public; Owner: postgres
--

ALTER TABLE ONLY public.staff
    ADD CONSTRAINT staff_pkey PRIMARY KEY (staff_id);


--
-- TOC entry 2831 (class 2606 OID 280215)
-- Name: store store_pkey; Type: CONSTRAINT; Schema: public; Owner: postgres
--

ALTER TABLE ONLY public.store
    ADD CONSTRAINT store_pkey PRIMARY KEY (store_id);


--
-- TOC entry 2803 (class 1259 OID 280216)
-- Name: film_fulltext_idx; Type: INDEX; Schema: public; Owner: postgres
--

CREATE INDEX film_fulltext_idx ON public.film USING gist (fulltext);


--
-- TOC entry 2787 (class 1259 OID 280217)
-- Name: idx_actor_last_name; Type: INDEX; Schema: public; Owner: postgres
--

CREATE INDEX idx_actor_last_name ON public.actor USING btree (last_name);


--
-- TOC entry 2800 (class 1259 OID 280218)
-- Name: idx_fk_address_id; Type: INDEX; Schema: public; Owner: postgres
--

CREATE INDEX idx_fk_address_id ON public.customer USING btree (address_id);


--
-- TOC entry 2790 (class 1259 OID 280219)
-- Name: idx_fk_city_id; Type: INDEX; Schema: public; Owner: postgres
--

CREATE INDEX idx_fk_city_id ON public.address USING btree (city_id);


--
-- TOC entry 2795 (class 1259 OID 280220)
-- Name: idx_fk_country_id; Type: INDEX; Schema: public; Owner: postgres
--

CREATE INDEX idx_fk_country_id ON public.city USING btree (country_id);


--
-- TOC entry 2818 (class 1259 OID 280221)
-- Name: idx_fk_customer_id; Type: INDEX; Schema: public; Owner: postgres
--

CREATE INDEX idx_fk_customer_id ON public.payment USING btree (customer_id);


--
-- TOC entry 2810 (class 1259 OID 280222)
-- Name: idx_fk_film_id; Type: INDEX; Schema: public; Owner: postgres
--

CREATE INDEX idx_fk_film_id ON public.film_actor USING btree (film_id);


--
-- TOC entry 2823 (class 1259 OID 280223)
-- Name: idx_fk_inventory_id; Type: INDEX; Schema: public; Owner: postgres
--

CREATE INDEX idx_fk_inventory_id ON public.rental USING btree (inventory_id);


--
-- TOC entry 2806 (class 1259 OID 280224)
-- Name: idx_fk_language_id; Type: INDEX; Schema: public; Owner: postgres
--

CREATE INDEX idx_fk_language_id ON public.film USING btree (language_id);


--
-- TOC entry 2819 (class 1259 OID 280225)
-- Name: idx_fk_rental_id; Type: INDEX; Schema: public; Owner: postgres
--

CREATE INDEX idx_fk_rental_id ON public.payment USING btree (rental_id);


--
-- TOC entry 2820 (class 1259 OID 280226)
-- Name: idx_fk_staff_id; Type: INDEX; Schema: public; Owner: postgres
--

CREATE INDEX idx_fk_staff_id ON public.payment USING btree (staff_id);


--
-- TOC entry 2801 (class 1259 OID 280227)
-- Name: idx_fk_store_id; Type: INDEX; Schema: public; Owner: postgres
--

CREATE INDEX idx_fk_store_id ON public.customer USING btree (store_id);


--
-- TOC entry 2802 (class 1259 OID 280228)
-- Name: idx_last_name; Type: INDEX; Schema: public; Owner: postgres
--

CREATE INDEX idx_last_name ON public.customer USING btree (last_name);


--
-- TOC entry 2813 (class 1259 OID 280229)
-- Name: idx_store_id_film_id; Type: INDEX; Schema: public; Owner: postgres
--

CREATE INDEX idx_store_id_film_id ON public.inventory USING btree (store_id, film_id);


--
-- TOC entry 2807 (class 1259 OID 280230)
-- Name: idx_title; Type: INDEX; Schema: public; Owner: postgres
--

CREATE INDEX idx_title ON public.film USING btree (title);


--
-- TOC entry 2829 (class 1259 OID 280231)
-- Name: idx_unq_manager_staff_id; Type: INDEX; Schema: public; Owner: postgres
--

CREATE UNIQUE INDEX idx_unq_manager_staff_id ON public.store USING btree (manager_staff_id);


--
-- TOC entry 2824 (class 1259 OID 280232)
-- Name: idx_unq_rental_rental_date_inventory_id_customer_id; Type: INDEX; Schema: public; Owner: postgres
--

CREATE UNIQUE INDEX idx_unq_rental_rental_date_inventory_id_customer_id ON public.rental USING btree (rental_date, inventory_id, customer_id);


--
-- TOC entry 2850 (class 2620 OID 280233)
-- Name: film film_fulltext_trigger; Type: TRIGGER; Schema: public; Owner: postgres
--

CREATE TRIGGER film_fulltext_trigger BEFORE INSERT OR UPDATE ON public.film FOR EACH ROW EXECUTE PROCEDURE tsvector_update_trigger('fulltext', 'pg_catalog.english', 'title', 'description');


--
-- TOC entry 2834 (class 2606 OID 280234)
-- Name: customer customer_address_id_fkey; Type: FK CONSTRAINT; Schema: public; Owner: postgres
--

ALTER TABLE ONLY public.customer
    ADD CONSTRAINT customer_address_id_fkey FOREIGN KEY (address_id) REFERENCES public.address(address_id) ON UPDATE CASCADE ON DELETE RESTRICT;


--
-- TOC entry 2836 (class 2606 OID 280239)
-- Name: film_actor film_actor_actor_id_fkey; Type: FK CONSTRAINT; Schema: public; Owner: postgres
--

ALTER TABLE ONLY public.film_actor
    ADD CONSTRAINT film_actor_actor_id_fkey FOREIGN KEY (actor_id) REFERENCES public.actor(actor_id) ON UPDATE CASCADE ON DELETE RESTRICT;


--
-- TOC entry 2837 (class 2606 OID 280244)
-- Name: film_actor film_actor_film_id_fkey; Type: FK CONSTRAINT; Schema: public; Owner: postgres
--

ALTER TABLE ONLY public.film_actor
    ADD CONSTRAINT film_actor_film_id_fkey FOREIGN KEY (film_id) REFERENCES public.film(film_id) ON UPDATE CASCADE ON DELETE RESTRICT;


--
-- TOC entry 2838 (class 2606 OID 280249)
-- Name: film_category film_category_category_id_fkey; Type: FK CONSTRAINT; Schema: public; Owner: postgres
--

ALTER TABLE ONLY public.film_category
    ADD CONSTRAINT film_category_category_id_fkey FOREIGN KEY (category_id) REFERENCES public.category(category_id) ON UPDATE CASCADE ON DELETE RESTRICT;


--
-- TOC entry 2839 (class 2606 OID 280254)
-- Name: film_category film_category_film_id_fkey; Type: FK CONSTRAINT; Schema: public; Owner: postgres
--

ALTER TABLE ONLY public.film_category
    ADD CONSTRAINT film_category_film_id_fkey FOREIGN KEY (film_id) REFERENCES public.film(film_id) ON UPDATE CASCADE ON DELETE RESTRICT;


--
-- TOC entry 2835 (class 2606 OID 280259)
-- Name: film film_language_id_fkey; Type: FK CONSTRAINT; Schema: public; Owner: postgres
--

ALTER TABLE ONLY public.film
    ADD CONSTRAINT film_language_id_fkey FOREIGN KEY (language_id) REFERENCES public.language(language_id) ON UPDATE CASCADE ON DELETE RESTRICT;


--
-- TOC entry 2832 (class 2606 OID 280264)
-- Name: address fk_address_city; Type: FK CONSTRAINT; Schema: public; Owner: postgres
--

ALTER TABLE ONLY public.address
    ADD CONSTRAINT fk_address_city FOREIGN KEY (city_id) REFERENCES public.city(city_id);


--
-- TOC entry 2833 (class 2606 OID 280269)
-- Name: city fk_city; Type: FK CONSTRAINT; Schema: public; Owner: postgres
--

ALTER TABLE ONLY public.city
    ADD CONSTRAINT fk_city FOREIGN KEY (country_id) REFERENCES public.country(country_id);


--
-- TOC entry 2840 (class 2606 OID 280274)
-- Name: inventory inventory_film_id_fkey; Type: FK CONSTRAINT; Schema: public; Owner: postgres
--

ALTER TABLE ONLY public.inventory
    ADD CONSTRAINT inventory_film_id_fkey FOREIGN KEY (film_id) REFERENCES public.film(film_id) ON UPDATE CASCADE ON DELETE RESTRICT;


--
-- TOC entry 2841 (class 2606 OID 280279)
-- Name: payment payment_customer_id_fkey; Type: FK CONSTRAINT; Schema: public; Owner: postgres
--

ALTER TABLE ONLY public.payment
    ADD CONSTRAINT payment_customer_id_fkey FOREIGN KEY (customer_id) REFERENCES public.customer(customer_id) ON UPDATE CASCADE ON DELETE RESTRICT;


--
-- TOC entry 2842 (class 2606 OID 280284)
-- Name: payment payment_rental_id_fkey; Type: FK CONSTRAINT; Schema: public; Owner: postgres
--

ALTER TABLE ONLY public.payment
    ADD CONSTRAINT payment_rental_id_fkey FOREIGN KEY (rental_id) REFERENCES public.rental(rental_id) ON UPDATE CASCADE ON DELETE SET NULL;


--
-- TOC entry 2843 (class 2606 OID 280289)
-- Name: payment payment_staff_id_fkey; Type: FK CONSTRAINT; Schema: public; Owner: postgres
--

ALTER TABLE ONLY public.payment
    ADD CONSTRAINT payment_staff_id_fkey FOREIGN KEY (staff_id) REFERENCES public.staff(staff_id) ON UPDATE CASCADE ON DELETE RESTRICT;


--
-- TOC entry 2844 (class 2606 OID 280294)
-- Name: rental rental_customer_id_fkey; Type: FK CONSTRAINT; Schema: public; Owner: postgres
--

ALTER TABLE ONLY public.rental
    ADD CONSTRAINT rental_customer_id_fkey FOREIGN KEY (customer_id) REFERENCES public.customer(customer_id) ON UPDATE CASCADE ON DELETE RESTRICT;


--
-- TOC entry 2845 (class 2606 OID 280299)
-- Name: rental rental_inventory_id_fkey; Type: FK CONSTRAINT; Schema: public; Owner: postgres
--

ALTER TABLE ONLY public.rental
    ADD CONSTRAINT rental_inventory_id_fkey FOREIGN KEY (inventory_id) REFERENCES public.inventory(inventory_id) ON UPDATE CASCADE ON DELETE RESTRICT;


--
-- TOC entry 2846 (class 2606 OID 280304)
-- Name: rental rental_staff_id_key; Type: FK CONSTRAINT; Schema: public; Owner: postgres
--

ALTER TABLE ONLY public.rental
    ADD CONSTRAINT rental_staff_id_key FOREIGN KEY (staff_id) REFERENCES public.staff(staff_id);


--
-- TOC entry 2847 (class 2606 OID 280309)
-- Name: staff staff_address_id_fkey; Type: FK CONSTRAINT; Schema: public; Owner: postgres
--

ALTER TABLE ONLY public.staff
    ADD CONSTRAINT staff_address_id_fkey FOREIGN KEY (address_id) REFERENCES public.address(address_id) ON UPDATE CASCADE ON DELETE RESTRICT;


--
-- TOC entry 2848 (class 2606 OID 280314)
-- Name: store store_address_id_fkey; Type: FK CONSTRAINT; Schema: public; Owner: postgres
--

ALTER TABLE ONLY public.store
    ADD CONSTRAINT store_address_id_fkey FOREIGN KEY (address_id) REFERENCES public.address(address_id) ON UPDATE CASCADE ON DELETE RESTRICT;


--
-- TOC entry 2849 (class 2606 OID 280319)
-- Name: store store_manager_staff_id_fkey; Type: FK CONSTRAINT; Schema: public; Owner: postgres
--

ALTER TABLE ONLY public.store
    ADD CONSTRAINT store_manager_staff_id_fkey FOREIGN KEY (manager_staff_id) REFERENCES public.staff(staff_id) ON UPDATE CASCADE ON DELETE RESTRICT;


-- Completed on 2020-10-22 09:22:04

--
-- PostgreSQL database dump complete
--

